Order_ID,Order_Date,Customer_ID,City,State,Region,Category,Sub_Category,Product_Name,Quantity,Unit_Price,Discount,Sales,Profit,Profit_Ratio,Payment_Mode,Store_Type,Customer_Segment
ORD03115,2023-01-01,CUST0581,Kolkata,West Bengal,East,Beverages,Beverages - Packaged Water,Packaged Water,7,1527.5,0.05,10157.88,1422.1,0.14,Wallet,Hypermarket,Budget Shopper
ORD00234,2023-01-01,CUST0124,New Delhi,Delhi,North,Grocery,Grocery - Rice,Rice,7,2099.12,0.0,14693.84,1322.45,0.09,Debit Card,Supermarket,Premium Shopper
ORD04246,2023-01-01,CUST0704,Vadodara,Gujarat,West,Home Care,Home Care - Detergent,Detergent,2,1342.97,0.15,2283.05,365.29,0.16,Debit Card,Hypermarket,Budget Shopper
ORD02015,2023-01-01,CUST0640,Lucknow,Uttar Pradesh,North,Personal Care,Personal Care - Shampoo,Shampoo,7,1828.85,0.02,12545.91,2509.18,0.2,Debit Card,Supermarket,Budget Shopper
ORD00152,2023-01-01,CUST0797,Kanpur,Uttar Pradesh,North,Grocery,Grocery - Wheat Flour,Wheat Flour,6,340.39,0.05,1940.22,174.62,0.09,Debit Card,Hypermarket,Budget Shopper
ORD03903,2023-01-01,CUST0527,Hyderabad,Telangana,South,Personal Care,Personal Care - Body Lotion,Body Lotion,4,669.02,0.0,2676.08,535.22,0.2,Wallet,Supermarket,Regular Shopper
ORD04443,2023-01-02,CUST0317,Kanpur,Uttar Pradesh,North,Clothing,Clothing - Jeans,Jeans,2,2483.65,0.08,4569.92,1142.48,0.25,Credit Card,Supermarket,Regular Shopper
ORD04618,2023-01-02,CUST0270,Bhopal,Madhya Pradesh,West,Grocery,Grocery - Sugar,Sugar,5,2486.07,0.05,11808.83,1062.79,0.09,UPI,Hypermarket,Budget Shopper
ORD01549,2023-01-02,CUST0306,Kolkata,West Bengal,East,Home Care,Home Care - Tissue,Tissue,7,2434.51,0.08,15678.24,2508.52,0.16,Wallet,Supermarket,Regular Shopper
ORD04729,2023-01-02,CUST0966,Surat,Gujarat,West,Personal Care,Personal Care - Shampoo,Shampoo,2,2303.44,0.08,4238.33,847.67,0.2,Debit Card,Supermarket,Regular Shopper
ORD00020,2023-01-02,CUST0881,Kolkata,West Bengal,East,Electronics,Electronics - Mixer,Mixer,6,2490.78,0.2,11955.74,2152.03,0.18,Wallet,Supermarket,Regular Shopper
ORD02973,2023-01-03,CUST1153,Bhopal,Madhya Pradesh,West,Home Care,Home Care - Tissue,Tissue,6,268.44,0.08,1481.79,237.09,0.16,Credit Card,Supermarket,Premium Shopper
ORD04423,2023-01-03,CUST0995,Bengaluru,Karnataka,South,Grocery,Grocery - Biscuits,Biscuits,7,2055.48,0.1,12949.52,1165.46,0.09,Wallet,Supermarket,Budget Shopper
ORD03564,2023-01-04,CUST0538,Jabalpur,Madhya Pradesh,West,Clothing,Clothing - Socks,Socks,3,2497.98,0.1,6744.55,1686.14,0.25,Wallet,Hypermarket,Regular Shopper
ORD03505,2023-01-04,CUST0575,Jaipur,Rajasthan,West,Personal Care,Personal Care - Toothpaste,Toothpaste,2,636.77,0.02,1248.07,249.61,0.2,Credit Card,Hypermarket,Budget Shopper
ORD02337,2023-01-04,CUST0576,Hyderabad,Telangana,South,Grocery,Grocery - Biscuits,Biscuits,3,150.65,0.1,406.76,36.61,0.09,UPI,Supermarket,Premium Shopper
ORD02602,2023-01-04,CUST0388,Indore,Madhya Pradesh,West,Beverages,Beverages - Juice,Juice,7,275.65,0.2,1543.64,216.11,0.14,Wallet,Supermarket,Regular Shopper
ORD02119,2023-01-04,CUST0117,Lucknow,Uttar Pradesh,North,Personal Care,Personal Care - Toothpaste,Toothpaste,1,911.43,0.0,911.43,182.29,0.2,UPI,Hypermarket,Regular Shopper
ORD01782,2023-01-04,CUST0978,Warangal,Telangana,South,Clothing,Clothing - T-Shirt,T-Shirt,7,897.3,0.1,5652.99,1413.25,0.25,Cash,Hypermarket,Regular Shopper
ORD04740,2023-01-04,CUST0364,Vadodara,Gujarat,West,Electronics,Electronics - LED Bulb,LED Bulb,2,1009.77,0.02,1979.15,356.25,0.18,Wallet,Supermarket,Regular Shopper
ORD01634,2023-01-05,CUST0559,Ahmedabad,Gujarat,West,Personal Care,Personal Care - Face Wash,Face Wash,4,2087.37,0.15,7097.06,1419.41,0.2,UPI,Supermarket,Budget Shopper
ORD02921,2023-01-05,CUST0912,Lucknow,Uttar Pradesh,North,Electronics,Electronics - Mixer,Mixer,1,2021.8,0.05,1920.71,345.73,0.18,Credit Card,Hypermarket,Budget Shopper
ORD00401,2023-01-05,CUST0152,New Delhi,Delhi,North,Personal Care,Personal Care - Toothpaste,Toothpaste,3,322.4,0.0,967.2,193.44,0.2,Debit Card,Supermarket,Premium Shopper
ORD02466,2023-01-06,CUST0007,Indore,Madhya Pradesh,West,Grocery,Grocery - Cooking Oil,Cooking Oil,5,1825.11,0.2,7300.44,657.04,0.09,Cash,Hypermarket,Regular Shopper
ORD04369,2023-01-06,CUST0057,Nagpur,Maharashtra,West,Personal Care,Personal Care - Soap,Soap,5,1359.94,0.1,6119.73,1223.95,0.2,Cash,Supermarket,Budget Shopper
ORD01567,2023-01-07,CUST0421,Kolkata,West Bengal,East,Electronics,Electronics - Extension Board,Extension Board,6,1552.68,0.08,8570.79,1542.74,0.18,UPI,Supermarket,Budget Shopper
ORD00493,2023-01-07,CUST0973,Hyderabad,Telangana,South,Clothing,Clothing - Socks,Socks,2,2148.79,0.05,4082.7,1020.68,0.25,Credit Card,Hypermarket,Premium Shopper
ORD01283,2023-01-07,CUST0969,Chennai,Tamil Nadu,South,Personal Care,Personal Care - Toothpaste,Toothpaste,7,86.98,0.02,596.68,119.34,0.2,Wallet,Hypermarket,Premium Shopper
ORD00067,2023-01-07,CUST0883,Ahmedabad,Gujarat,West,Grocery,Grocery - Cooking Oil,Cooking Oil,7,1730.43,0.08,11143.97,1002.96,0.09,Cash,Hypermarket,Premium Shopper
ORD03381,2023-01-07,CUST0681,Vadodara,Gujarat,West,Electronics,Electronics - Mixer,Mixer,4,512.15,0.1,1843.74,331.87,0.18,Credit Card,Supermarket,Regular Shopper
ORD03093,2023-01-08,CUST0709,Bhopal,Madhya Pradesh,West,Home Care,Home Care - Floor Cleaner,Floor Cleaner,6,684.3,0.1,3695.22,591.24,0.16,UPI,Supermarket,Regular Shopper
ORD00052,2023-01-08,CUST0373,New Delhi,Delhi,North,Beverages,Beverages - Coffee,Coffee,4,457.41,0.08,1683.27,235.66,0.14,Credit Card,Supermarket,Regular Shopper
ORD03303,2023-01-08,CUST0724,Noida,Uttar Pradesh,North,Grocery,Grocery - Rice,Rice,4,1069.92,0.08,3937.31,354.36,0.09,UPI,Supermarket,Regular Shopper
ORD02785,2023-01-08,CUST0713,Jaipur,Rajasthan,West,Grocery,Grocery - Cooking Oil,Cooking Oil,3,1993.12,0.02,5859.77,527.38,0.09,Cash,Supermarket,Budget Shopper
ORD00300,2023-01-08,CUST0362,Coimbatore,Tamil Nadu,South,Electronics,Electronics - Extension Board,Extension Board,4,1941.8,0.05,7378.84,1328.19,0.18,UPI,Hypermarket,Regular Shopper
ORD00431,2023-01-09,CUST0148,Mysuru,Karnataka,South,Grocery,Grocery - Rice,Rice,2,1382.13,0.08,2543.12,228.88,0.09,Cash,Hypermarket,Regular Shopper
ORD04622,2023-01-09,CUST0111,Lucknow,Uttar Pradesh,North,Electronics,Electronics - Power Bank,Power Bank,5,2073.16,0.05,9847.51,1772.55,0.18,Cash,Hypermarket,Budget Shopper
ORD01221,2023-01-10,CUST0980,Kolkata,West Bengal,East,Grocery,Grocery - Rice,Rice,4,334.29,0.02,1310.42,117.94,0.09,UPI,Hypermarket,Budget Shopper
ORD03118,2023-01-10,CUST0139,Noida,Uttar Pradesh,North,Grocery,Grocery - Sugar,Sugar,2,556.99,0.0,1113.98,100.26,0.09,Credit Card,Hypermarket,Budget Shopper
ORD00192,2023-01-10,CUST1121,Pune,Maharashtra,West,Personal Care,Personal Care - Body Lotion,Body Lotion,4,2328.58,0.15,7917.17,1583.43,0.2,Cash,Hypermarket,Regular Shopper
ORD01148,2023-01-10,CUST1098,Surat,Gujarat,West,Beverages,Beverages - Juice,Juice,2,1746.64,0.02,3423.41,479.28,0.14,Debit Card,Supermarket,Regular Shopper
ORD02205,2023-01-10,CUST1083,Hyderabad,Telangana,South,Grocery,Grocery - Wheat Flour,Wheat Flour,4,1525.66,0.15,5187.24,466.85,0.09,Wallet,Hypermarket,Budget Shopper
ORD02989,2023-01-10,CUST1013,Bhopal,Madhya Pradesh,West,Home Care,Home Care - Dishwash,Dishwash,1,1559.68,0.15,1325.73,212.12,0.16,Credit Card,Supermarket,Regular Shopper
ORD02199,2023-01-10,CUST0056,Noida,Uttar Pradesh,North,Electronics,Electronics - LED Bulb,LED Bulb,4,765.46,0.1,2755.66,496.02,0.18,Debit Card,Supermarket,Budget Shopper
ORD00909,2023-01-12,CUST0784,Jabalpur,Madhya Pradesh,West,Grocery,Grocery - Wheat Flour,Wheat Flour,3,168.92,0.1,456.08,41.05,0.09,Credit Card,Supermarket,Regular Shopper
ORD01288,2023-01-12,CUST1004,Madurai,Tamil Nadu,South,Grocery,Grocery - Cooking Oil,Cooking Oil,7,2133.69,0.05,14189.04,1277.01,0.09,Credit Card,Supermarket,Budget Shopper
ORD03448,2023-01-12,CUST0871,Kolkata,West Bengal,East,Beverages,Beverages - Coffee,Coffee,2,899.35,0.2,1438.96,201.45,0.14,Cash,Supermarket,Budget Shopper
ORD02771,2023-01-12,CUST0496,Chennai,Tamil Nadu,South,Electronics,Electronics - LED Bulb,LED Bulb,5,365.31,0.25,1369.91,246.58,0.18,Wallet,Supermarket,Premium Shopper
ORD00189,2023-01-13,CUST0065,Coimbatore,Tamil Nadu,South,Home Care,Home Care - Tissue,Tissue,2,69.82,0.1,125.68,20.11,0.16,Wallet,Supermarket,Budget Shopper
ORD00391,2023-01-13,CUST0871,Jodhpur,Rajasthan,West,Clothing,Clothing - T-Shirt,T-Shirt,5,1932.84,0.1,8697.78,2174.44,0.25,Credit Card,Hypermarket,Regular Shopper
ORD04884,2023-01-13,CUST0899,Madurai,Tamil Nadu,South,Home Care,Home Care - Dishwash,Dishwash,4,144.46,0.0,577.84,92.45,0.16,Cash,Supermarket,Regular Shopper
ORD01098,2023-01-13,CUST0155,Hyderabad,Telangana,South,Grocery,Grocery - Rice,Rice,2,2104.06,0.1,3787.31,340.86,0.09,UPI,Supermarket,Budget Shopper
ORD00379,2023-01-13,CUST0637,Kolkata,West Bengal,East,Grocery,Grocery - Rice,Rice,5,193.91,0.02,950.16,85.51,0.09,Cash,Hypermarket,Regular Shopper
ORD00282,2023-01-13,CUST0235,New Delhi,Delhi,North,Home Care,Home Care - Tissue,Tissue,4,489.71,0.02,1919.66,307.15,0.16,Cash,Hypermarket,Premium Shopper
ORD00937,2023-01-13,CUST0907,New Delhi,Delhi,North,Beverages,Beverages - Coffee,Coffee,2,416.29,0.05,790.95,110.73,0.14,Cash,Supermarket,Budget Shopper
ORD01039,2023-01-13,CUST0892,Nashik,Maharashtra,West,Beverages,Beverages - Coffee,Coffee,2,2407.38,0.05,4574.02,640.36,0.14,Debit Card,Hypermarket,Regular Shopper
ORD01407,2023-01-13,CUST1130,New Delhi,Delhi,North,Personal Care,Personal Care - Soap,Soap,7,1421.92,0.08,9157.16,1831.43,0.2,Debit Card,Hypermarket,Regular Shopper
ORD01770,2023-01-13,CUST0250,Mangaluru,Karnataka,South,Personal Care,Personal Care - Shampoo,Shampoo,5,477.15,0.05,2266.46,453.29,0.2,Cash,Hypermarket,Budget Shopper
ORD02113,2023-01-13,CUST0701,Jaipur,Rajasthan,West,Home Care,Home Care - Tissue,Tissue,4,959.3,0.08,3530.22,564.84,0.16,Cash,Supermarket,Premium Shopper
ORD04083,2023-01-14,CUST0298,Mangaluru,Karnataka,South,Electronics,Electronics - Extension Board,Extension Board,3,2436.32,0.08,6724.24,1210.36,0.18,UPI,Hypermarket,Budget Shopper
ORD04244,2023-01-14,CUST0022,Rajkot,Gujarat,West,Home Care,Home Care - Dishwash,Dishwash,2,1652.11,0.1,2973.8,475.81,0.16,Wallet,Hypermarket,Budget Shopper
ORD04158,2023-01-14,CUST1016,Chennai,Tamil Nadu,South,Beverages,Beverages - Tea,Tea,4,1805.07,0.02,7075.87,990.62,0.14,Credit Card,Supermarket,Regular Shopper
ORD01411,2023-01-14,CUST0567,Udaipur,Rajasthan,West,Home Care,Home Care - Floor Cleaner,Floor Cleaner,2,2144.13,0.05,4073.85,651.82,0.16,UPI,Hypermarket,Regular Shopper
ORD01072,2023-01-14,CUST1061,New Delhi,Delhi,North,Home Care,Home Care - Toilet Cleaner,Toilet Cleaner,3,1887.82,0.15,4813.94,770.23,0.16,UPI,Supermarket,Regular Shopper
ORD04084,2023-01-15,CUST0089,Bhopal,Madhya Pradesh,West,Beverages,Beverages - Coffee,Coffee,6,2172.65,0.02,12775.18,1788.53,0.14,Wallet,Hypermarket,Budget Shopper
ORD00973,2023-01-16,CUST0592,New Delhi,Delhi,North,Clothing,Clothing - Kids Wear,Kids Wear,6,477.93,0.05,2724.2,681.05,0.25,Wallet,Supermarket,Budget Shopper
ORD02775,2023-01-16,CUST0533,Rajkot,Gujarat,West,Clothing,Clothing - Shirt,Shirt,5,283.3,0.25,1062.38,265.6,0.25,Wallet,Hypermarket,Premium Shopper
ORD01054,2023-01-16,CUST1196,Bengaluru,Karnataka,South,Clothing,Clothing - Jeans,Jeans,2,936.39,0.08,1722.96,430.74,0.25,Cash,Hypermarket,Regular Shopper
ORD00581,2023-01-17,CUST0122,Jodhpur,Rajasthan,West,Clothing,Clothing - Kids Wear,Kids Wear,6,634.34,0.0,3806.04,951.51,0.25,Debit Card,Supermarket,Budget Shopper
ORD01743,2023-01-17,CUST0927,Kanpur,Uttar Pradesh,North,Beverages,Beverages - Coffee,Coffee,2,1524.1,0.15,2590.97,362.74,0.14,Wallet,Hypermarket,Regular Shopper
ORD04603,2023-01-17,CUST1076,Nashik,Maharashtra,West,Home Care,Home Care - Floor Cleaner,Floor Cleaner,4,167.03,0.2,534.5,85.52,0.16,UPI,Supermarket,Regular Shopper
ORD00304,2023-01-17,CUST0718,Coimbatore,Tamil Nadu,South,Electronics,Electronics - Earphones,Earphones,4,1977.37,0.08,7276.72,1309.81,0.18,Wallet,Hypermarket,Budget Shopper
ORD03562,2023-01-18,CUST0935,New Delhi,Delhi,North,Personal Care,Personal Care - Soap,Soap,4,2343.67,0.15,7968.48,1593.7,0.2,Wallet,Supermarket,Budget Shopper
ORD03550,2023-01-18,CUST0930,Mysuru,Karnataka,South,Home Care,Home Care - Floor Cleaner,Floor Cleaner,6,954.63,0.08,5269.56,843.13,0.16,UPI,Supermarket,Budget Shopper
ORD04562,2023-01-18,CUST0489,Kolkata,West Bengal,East,Clothing,Clothing - T-Shirt,T-Shirt,3,621.55,0.05,1771.42,442.86,0.25,Wallet,Supermarket,Premium Shopper
ORD02282,2023-01-18,CUST0937,Indore,Madhya Pradesh,West,Home Care,Home Care - Tissue,Tissue,7,172.94,0.05,1150.05,184.01,0.16,Debit Card,Hypermarket,Budget Shopper
ORD01789,2023-01-19,CUST0438,Warangal,Telangana,South,Grocery,Grocery - Biscuits,Biscuits,6,227.58,0.08,1256.24,113.06,0.09,Credit Card,Supermarket,Regular Shopper
ORD00368,2023-01-19,CUST0383,Bengaluru,Karnataka,South,Grocery,Grocery - Biscuits,Biscuits,2,1128.04,0.02,2210.96,198.99,0.09,UPI,Supermarket,Regular Shopper
ORD02498,2023-01-19,CUST1061,Chennai,Tamil Nadu,South,Personal Care,Personal Care - Shampoo,Shampoo,2,1000.34,0.1,1800.61,360.12,0.2,Debit Card,Hypermarket,Budget Shopper
ORD01982,2023-01-19,CUST0491,Hyderabad,Telangana,South,Electronics,Electronics - Earphones,Earphones,2,602.99,0.1,1085.38,195.37,0.18,Debit Card,Supermarket,Budget Shopper
ORD02524,2023-01-19,CUST0129,Udaipur,Rajasthan,West,Grocery,Grocery - Biscuits,Biscuits,7,1174.3,0.2,6576.08,591.85,0.09,UPI,Supermarket,Regular Shopper
ORD02875,2023-01-19,CUST0795,Jodhpur,Rajasthan,West,Personal Care,Personal Care - Face Wash,Face Wash,3,2215.95,0.08,6116.02,1223.2,0.2,UPI,Hypermarket,Regular Shopper
ORD00943,2023-01-19,CUST0541,Warangal,Telangana,South,Beverages,Beverages - Packaged Water,Packaged Water,7,1152.6,0.08,7422.74,1039.18,0.14,Debit Card,Hypermarket,Budget Shopper
ORD02246,2023-01-19,CUST0320,Jodhpur,Rajasthan,West,Electronics,Electronics - Power Bank,Power Bank,7,2369.84,0.0,16588.88,2986.0,0.18,Wallet,Supermarket,Regular Shopper
ORD00029,2023-01-20,CUST0685,Kolkata,West Bengal,East,Grocery,Grocery - Sugar,Sugar,6,1638.91,0.15,8358.44,752.26,0.09,Cash,Hypermarket,Budget Shopper
ORD02062,2023-01-20,CUST0857,New Delhi,Delhi,North,Grocery,Grocery - Sugar,Sugar,4,946.26,0.15,3217.28,289.56,0.09,Cash,Hypermarket,Regular Shopper
ORD00596,2023-01-21,CUST0993,Bengaluru,Karnataka,South,Electronics,Electronics - Earphones,Earphones,6,1043.42,0.25,4695.39,845.17,0.18,Debit Card,Supermarket,Regular Shopper
ORD00860,2023-01-21,CUST0492,Jodhpur,Rajasthan,West,Clothing,Clothing - Jeans,Jeans,7,547.24,0.15,3256.08,814.02,0.25,Cash,Supermarket,Budget Shopper
ORD02115,2023-01-21,CUST0693,Warangal,Telangana,South,Beverages,Beverages - Packaged Water,Packaged Water,2,767.63,0.05,1458.5,204.19,0.14,Credit Card,Hypermarket,Budget Shopper
ORD04113,2023-01-21,CUST0825,Vadodara,Gujarat,West,Personal Care,Personal Care - Face Wash,Face Wash,5,1722.05,0.08,7921.43,1584.29,0.2,Debit Card,Hypermarket,Budget Shopper
ORD00191,2023-01-21,CUST0554,Rajkot,Gujarat,West,Clothing,Clothing - Socks,Socks,1,2392.31,0.2,1913.85,478.46,0.25,UPI,Supermarket,Budget Shopper
ORD04818,2023-01-22,CUST0804,Warangal,Telangana,South,Home Care,Home Care - Toilet Cleaner,Toilet Cleaner,3,1223.09,0.15,3118.88,499.02,0.16,Wallet,Hypermarket,Budget Shopper
ORD03853,2023-01-22,CUST0763,Ahmedabad,Gujarat,West,Beverages,Beverages - Juice,Juice,2,1029.31,0.05,1955.69,273.8,0.14,Cash,Hypermarket,Premium Shopper
ORD01930,2023-01-22,CUST0916,Noida,Uttar Pradesh,North,Grocery,Grocery - Sugar,Sugar,7,1227.77,0.1,7734.95,696.15,0.09,Wallet,Supermarket,Regular Shopper
ORD03962,2023-01-22,CUST0419,Surat,Gujarat,West,Personal Care,Personal Care - Face Wash,Face Wash,1,2158.44,0.2,1726.75,345.35,0.2,Credit Card,Supermarket,Budget Shopper
ORD03226,2023-01-23,CUST0004,Nagpur,Maharashtra,West,Beverages,Beverages - Tea,Tea,1,836.49,0.05,794.67,111.25,0.14,Credit Card,Hypermarket,Premium Shopper
ORD03513,2023-01-23,CUST0244,Udaipur,Rajasthan,West,Beverages,Beverages - Tea,Tea,1,2078.03,0.1,1870.23,261.83,0.14,UPI,Supermarket,Regular Shopper
ORD02537,2023-01-23,CUST0954,Warangal,Telangana,South,Personal Care,Personal Care - Shampoo,Shampoo,5,2003.78,0.15,8516.06,1703.21,0.2,Wallet,Supermarket,Premium Shopper
ORD01106,2023-01-23,CUST0033,New Delhi,Delhi,North,Personal Care,Personal Care - Face Wash,Face Wash,5,1079.99,0.05,5129.95,1025.99,0.2,UPI,Supermarket,Budget Shopper
ORD04440,2023-01-23,CUST1177,Lucknow,Uttar Pradesh,North,Home Care,Home Care - Dishwash,Dishwash,5,2305.43,0.1,10374.44,1659.91,0.16,Wallet,Hypermarket,Regular Shopper
ORD02854,2023-01-23,CUST1032,Hyderabad,Telangana,South,Personal Care,Personal Care - Toothpaste,Toothpaste,7,1558.35,0.02,10690.28,2138.06,0.2,Credit Card,Hypermarket,Budget Shopper
ORD01381,2023-01-23,CUST0062,Indore,Madhya Pradesh,West,Personal Care,Personal Care - Soap,Soap,6,1548.57,0.08,8548.11,1709.62,0.2,Cash,Hypermarket,Regular Shopper
ORD01370,2023-01-23,CUST0224,Hyderabad,Telangana,South,Grocery,Grocery - Wheat Flour,Wheat Flour,6,565.2,0.1,3052.08,274.69,0.09,UPI,Hypermarket,Budget Shopper
ORD03747,2023-01-24,CUST0365,Hyderabad,Telangana,South,Home Care,Home Care - Dishwash,Dishwash,1,68.98,0.1,62.08,9.93,0.16,Credit Card,Hypermarket,Budget Shopper
ORD04039,2023-01-24,CUST0092,Jaipur,Rajasthan,West,Grocery,Grocery - Rice,Rice,4,1247.3,0.08,4590.06,413.11,0.09,Cash,Hypermarket,Regular Shopper
ORD00483,2023-01-25,CUST0723,Ahmedabad,Gujarat,West,Beverages,Beverages - Packaged Water,Packaged Water,3,1884.66,0.05,5371.28,751.98,0.14,Credit Card,Hypermarket,Budget Shopper
ORD04198,2023-01-25,CUST0377,Kolkata,West Bengal,East,Grocery,Grocery - Sugar,Sugar,5,1041.12,0.08,4789.15,431.02,0.09,Wallet,Hypermarket,Regular Shopper
ORD04574,2023-01-25,CUST0069,Warangal,Telangana,South,Beverages,Beverages - Packaged Water,Packaged Water,2,2464.97,0.15,4190.45,586.66,0.14,UPI,Supermarket,Budget Shopper
ORD02680,2023-01-25,CUST0840,Surat,Gujarat,West,Home Care,Home Care - Tissue,Tissue,6,63.02,0.15,321.4,51.42,0.16,Debit Card,Hypermarket,Regular Shopper
ORD00293,2023-01-25,CUST0026,Kolkata,West Bengal,East,Grocery,Grocery - Wheat Flour,Wheat Flour,5,1962.05,0.05,9319.74,838.78,0.09,Wallet,Hypermarket,Regular Shopper
ORD01294,2023-01-25,CUST0197,Bhopal,Madhya Pradesh,West,Clothing,Clothing - Jeans,Jeans,1,876.14,0.15,744.72,186.18,0.25,Wallet,Supermarket,Budget Shopper
ORD03849,2023-01-26,CUST0674,Kolkata,West Bengal,East,Electronics,Electronics - Mixer,Mixer,3,2467.18,0.08,6809.42,1225.7,0.18,Credit Card,Hypermarket,Budget Shopper
ORD00971,2023-01-26,CUST0356,Mysuru,Karnataka,South,Beverages,Beverages - Coffee,Coffee,2,1311.17,0.05,2491.22,348.77,0.14,Debit Card,Supermarket,Regular Shopper
ORD04274,2023-01-26,CUST1139,Hyderabad,Telangana,South,Grocery,Grocery - Sugar,Sugar,1,2359.51,0.02,2312.32,208.11,0.09,UPI,Supermarket,Regular Shopper
ORD02211,2023-01-26,CUST1153,Nashik,Maharashtra,West,Beverages,Beverages - Coffee,Coffee,3,696.65,0.08,1922.75,269.18,0.14,UPI,Supermarket,Budget Shopper
ORD03023,2023-01-27,CUST0941,Kolkata,West Bengal,East,Home Care,Home Care - Floor Cleaner,Floor Cleaner,6,106.18,0.15,541.52,86.64,0.16,Wallet,Supermarket,Budget Shopper
ORD03705,2023-01-27,CUST0981,Indore,Madhya Pradesh,West,Clothing,Clothing - Socks,Socks,3,857.4,0.15,2186.37,546.59,0.25,Cash,Supermarket,Budget Shopper
ORD04684,2023-01-27,CUST1108,Mangaluru,Karnataka,South,Home Care,Home Care - Detergent,Detergent,3,1176.72,0.08,3247.75,519.64,0.16,UPI,Hypermarket,Budget Shopper
ORD02690,2023-01-27,CUST0206,Madurai,Tamil Nadu,South,Grocery,Grocery - Wheat Flour,Wheat Flour,7,475.09,0.05,3159.35,284.34,0.09,Cash,Supermarket,Regular Shopper
ORD03062,2023-01-28,CUST0014,Coimbatore,Tamil Nadu,South,Grocery,Grocery - Sugar,Sugar,4,1364.32,0.02,5348.13,481.33,0.09,UPI,Supermarket,Regular Shopper
ORD00009,2023-01-28,CUST0041,Nagpur,Maharashtra,West,Grocery,Grocery - Wheat Flour,Wheat Flour,4,2163.23,0.05,8220.27,739.82,0.09,Wallet,Hypermarket,Regular Shopper
ORD04691,2023-01-28,CUST0294,Pune,Maharashtra,West,Beverages,Beverages - Tea,Tea,1,813.81,0.25,610.36,85.45,0.14,UPI,Supermarket,Budget Shopper
ORD02045,2023-01-28,CUST0804,Ahmedabad,Gujarat,West,Grocery,Grocery - Sugar,Sugar,5,1271.74,0.08,5850.0,526.5,0.09,Debit Card,Hypermarket,Regular Shopper
ORD00068,2023-01-28,CUST0485,Jabalpur,Madhya Pradesh,West,Beverages,Beverages - Soft Drink,Soft Drink,1,89.38,0.15,75.97,10.64,0.1401,Credit Card,Supermarket,Budget Shopper
ORD02920,2023-01-29,CUST0810,Bhopal,Madhya Pradesh,West,Home Care,Home Care - Detergent,Detergent,5,1822.03,0.25,6832.61,1093.22,0.16,Wallet,Supermarket,Budget Shopper
ORD00103,2023-01-29,CUST0794,Nagpur,Maharashtra,West,Grocery,Grocery - Cooking Oil,Cooking Oil,3,997.67,0.05,2843.36,255.9,0.09,UPI,Hypermarket,Budget Shopper
ORD01020,2023-01-29,CUST0522,Vadodara,Gujarat,West,Clothing,Clothing - Socks,Socks,1,1811.99,0.05,1721.39,430.35,0.25,Cash,Supermarket,Regular Shopper
ORD04662,2023-01-30,CUST1027,Rajkot,Gujarat,West,Clothing,Clothing - Socks,Socks,5,1428.65,0.08,6571.79,1642.95,0.25,UPI,Supermarket,Premium Shopper
ORD01850,2023-01-30,CUST0588,Noida,Uttar Pradesh,North,Home Care,Home Care - Detergent,Detergent,6,1992.06,0.08,10996.17,1759.39,0.16,Debit Card,Supermarket,Budget Shopper
ORD03749,2023-01-30,CUST0154,Bengaluru,Karnataka,South,Grocery,Grocery - Wheat Flour,Wheat Flour,3,1492.61,0.02,4388.27,394.94,0.09,Debit Card,Supermarket,Premium Shopper
ORD01816,2023-01-30,CUST0645,Pune,Maharashtra,West,Grocery,Grocery - Cooking Oil,Cooking Oil,7,1757.47,0.1,11072.06,996.49,0.09,Wallet,Supermarket,Regular Shopper
ORD01753,2023-01-30,CUST0113,Vadodara,Gujarat,West,Clothing,Clothing - Kids Wear,Kids Wear,7,2149.58,0.15,12790.0,3197.5,0.25,Debit Card,Supermarket,Budget Shopper
ORD04069,2023-01-30,CUST0518,Vadodara,Gujarat,West,Personal Care,Personal Care - Soap,Soap,6,1657.88,0.05,9449.92,1889.98,0.2,Debit Card,Supermarket,Budget Shopper
ORD04424,2023-01-30,CUST1059,Coimbatore,Tamil Nadu,South,Personal Care,Personal Care - Toothpaste,Toothpaste,7,599.14,0.2,3355.18,671.04,0.2,Wallet,Supermarket,Regular Shopper
ORD01214,2023-01-30,CUST0780,Hyderabad,Telangana,South,Electronics,Electronics - Power Bank,Power Bank,5,2112.5,0.15,8978.12,1616.06,0.18,UPI,Supermarket,Budget Shopper
ORD03589,2023-01-31,CUST0287,Hyderabad,Telangana,South,Grocery,Grocery - Wheat Flour,Wheat Flour,5,416.52,0.1,1874.34,168.69,0.09,Cash,Supermarket,Budget Shopper
ORD03998,2023-01-31,CUST0669,Hyderabad,Telangana,South,Clothing,Clothing - Kids Wear,Kids Wear,6,2026.85,0.0,12161.1,3040.27,0.25,Credit Card,Hypermarket,Regular Shopper
ORD01583,2023-01-31,CUST1111,Jaipur,Rajasthan,West,Beverages,Beverages - Juice,Juice,6,2415.03,0.1,13041.16,1825.76,0.14,Debit Card,Supermarket,Regular Shopper
ORD01716,2023-02-01,CUST0578,Lucknow,Uttar Pradesh,North,Home Care,Home Care - Tissue,Tissue,6,1033.09,0.15,5268.76,843.0,0.16,Credit Card,Supermarket,Regular Shopper
ORD02645,2023-02-01,CUST0403,Kolkata,West Bengal,East,Grocery,Grocery - Cooking Oil,Cooking Oil,3,229.43,0.05,653.88,58.85,0.09,UPI,Supermarket,Regular Shopper
ORD01616,2023-02-01,CUST0347,Bhopal,Madhya Pradesh,West,Home Care,Home Care - Tissue,Tissue,5,2390.94,0.1,10759.23,1721.48,0.16,Debit Card,Hypermarket,Budget Shopper
ORD04243,2023-02-01,CUST0228,New Delhi,Delhi,North,Home Care,Home Care - Toilet Cleaner,Toilet Cleaner,2,518.21,0.15,880.96,140.95,0.16,UPI,Supermarket,Regular Shopper
ORD00616,2023-02-01,CUST1130,Udaipur,Rajasthan,West,Personal Care,Personal Care - Soap,Soap,1,2354.25,0.2,1883.4,376.68,0.2,Credit Card,Hypermarket,Regular Shopper
ORD02616,2023-02-01,CUST0341,Kolkata,West Bengal,East,Grocery,Grocery - Biscuits,Biscuits,1,1282.58,0.08,1179.97,106.2,0.09,Credit Card,Hypermarket,Budget Shopper
ORD02279,2023-02-01,CUST0718,Hyderabad,Telangana,South,Grocery,Grocery - Biscuits,Biscuits,3,2285.28,0.1,6170.26,555.32,0.09,Debit Card,Hypermarket,Regular Shopper
ORD03671,2023-02-01,CUST0384,Jodhpur,Rajasthan,West,Electronics,Electronics - Mixer,Mixer,4,1920.23,0.0,7680.92,1382.57,0.18,Wallet,Supermarket,Budget Shopper
ORD00129,2023-02-02,CUST0907,Bengaluru,Karnataka,South,Beverages,Beverages - Packaged Water,Packaged Water,7,836.08,0.15,4974.68,696.46,0.14,Debit Card,Supermarket,Budget Shopper
ORD02102,2023-02-02,CUST0866,Chennai,Tamil Nadu,South,Personal Care,Personal Care - Soap,Soap,2,2182.12,0.05,4146.03,829.21,0.2,Wallet,Supermarket,Regular Shopper
ORD03521,2023-02-03,CUST0526,Udaipur,Rajasthan,West,Personal Care,Personal Care - Toothpaste,Toothpaste,1,1583.77,0.08,1457.07,291.41,0.2,Cash,Supermarket,Regular Shopper
ORD01356,2023-02-03,CUST0521,Kolkata,West Bengal,East,Personal Care,Personal Care - Shampoo,Shampoo,7,331.27,0.02,2272.51,454.5,0.2,Cash,Supermarket,Premium Shopper
ORD01376,2023-02-03,CUST0655,Chennai,Tamil Nadu,South,Electronics,Electronics - Earphones,Earphones,4,544.93,0.08,2005.34,360.96,0.18,UPI,Hypermarket,Regular Shopper
ORD03754,2023-02-04,CUST0278,Bhopal,Madhya Pradesh,West,Grocery,Grocery - Sugar,Sugar,1,261.23,0.05,248.17,22.34,0.09,Wallet,Supermarket,Regular Shopper
ORD04168,2023-02-04,CUST0743,Kolkata,West Bengal,East,Electronics,Electronics - Power Bank,Power Bank,5,395.23,0.15,1679.73,302.35,0.18,UPI,Supermarket,Premium Shopper
ORD01022,2023-02-04,CUST0669,Kolkata,West Bengal,East,Electronics,Electronics - Extension Board,Extension Board,1,595.21,0.08,547.59,98.57,0.18,UPI,Supermarket,Regular Shopper
ORD04220,2023-02-04,CUST0786,Madurai,Tamil Nadu,South,Home Care,Home Care - Dishwash,Dishwash,2,315.02,0.05,598.54,95.77,0.16,UPI,Supermarket,Premium Shopper
ORD04318,2023-02-04,CUST0046,Bengaluru,Karnataka,South,Grocery,Grocery - Cooking Oil,Cooking Oil,5,1001.54,0.2,4006.16,360.55,0.09,UPI,Supermarket,Budget Shopper
ORD00474,2023-02-04,CUST1171,Vadodara,Gujarat,West,Beverages,Beverages - Tea,Tea,2,839.31,0.15,1426.83,199.76,0.14,Wallet,Supermarket,Regular Shopper
ORD03498,2023-02-05,CUST0828,Madurai,Tamil Nadu,South,Beverages,Beverages - Juice,Juice,4,978.09,0.05,3716.74,520.34,0.14,Credit Card,Supermarket,Budget Shopper
ORD00172,2023-02-05,CUST1006,Kolkata,West Bengal,East,Beverages,Beverages - Packaged Water,Packaged Water,1,250.72,0.1,225.65,31.59,0.14,UPI,Supermarket,Budget Shopper
ORD01326,2023-02-05,CUST0754,Nagpur,Maharashtra,West,Home Care,Home Care - Floor Cleaner,Floor Cleaner,3,506.88,0.0,1520.64,243.3,0.16,Wallet,Hypermarket,Premium Shopper
ORD01937,2023-02-05,CUST0367,Lucknow,Uttar Pradesh,North,Grocery,Grocery - Cooking Oil,Cooking Oil,4,142.64,0.15,484.98,43.65,0.09,Wallet,Supermarket,Regular Shopper
ORD03266,2023-02-05,CUST1186,Hyderabad,Telangana,South,Grocery,Grocery - Biscuits,Biscuits,7,1258.52,0.05,8369.16,753.22,0.09,Debit Card,Hypermarket,Budget Shopper
ORD03516,2023-02-05,CUST0537,Coimbatore,Tamil Nadu,South,Beverages,Beverages - Soft Drink,Soft Drink,2,1820.76,0.25,2731.14,382.36,0.14,UPI,Hypermarket,Regular Shopper
ORD01702,2023-02-06,CUST0285,Thane,Maharashtra,West,Home Care,Home Care - Floor Cleaner,Floor Cleaner,6,131.89,0.1,712.21,113.95,0.16,Wallet,Hypermarket,Budget Shopper
ORD03289,2023-02-06,CUST0941,Ahmedabad,Gujarat,West,Grocery,Grocery - Sugar,Sugar,5,1304.2,0.02,6390.58,575.15,0.09,Credit Card,Hypermarket,Premium Shopper
ORD04363,2023-02-06,CUST0016,Hyderabad,Telangana,South,Grocery,Grocery - Rice,Rice,3,2310.33,0.05,6584.44,592.6,0.09,Credit Card,Supermarket,Regular Shopper
ORD02122,2023-02-06,CUST0395,Jodhpur,Rajasthan,West,Clothing,Clothing - Kids Wear,Kids Wear,3,611.48,0.05,1742.72,435.68,0.25,Debit Card,Hypermarket,Regular Shopper
ORD02716,2023-02-07,CUST0573,Warangal,Telangana,South,Electronics,Electronics - Mixer,Mixer,1,1715.35,0.0,1715.35,308.76,0.18,Wallet,Hypermarket,Premium Shopper
ORD03533,2023-02-07,CUST0146,Kolkata,West Bengal,East,Electronics,Electronics - Mixer,Mixer,6,1132.47,0.1,6115.34,1100.76,0.18,UPI,Hypermarket,Regular Shopper
ORD00207,2023-02-07,CUST0202,Coimbatore,Tamil Nadu,South,Home Care,Home Care - Tissue,Tissue,4,450.54,0.15,1531.84,245.09,0.16,Cash,Hypermarket,Regular Shopper
ORD03458,2023-02-07,CUST0631,Rajkot,Gujarat,West,Personal Care,Personal Care - Face Wash,Face Wash,2,2280.18,0.05,4332.34,866.47,0.2,Wallet,Hypermarket,Regular Shopper
ORD02454,2023-02-07,CUST0528,New Delhi,Delhi,North,Grocery,Grocery - Biscuits,Biscuits,1,247.78,0.05,235.39,21.19,0.09,Credit Card,Hypermarket,Regular Shopper
ORD01433,2023-02-07,CUST1063,Pune,Maharashtra,West,Personal Care,Personal Care - Soap,Soap,1,492.96,0.2,394.37,78.87,0.2,Credit Card,Supermarket,Regular Shopper
ORD04795,2023-02-08,CUST0689,New Delhi,Delhi,North,Clothing,Clothing - Kids Wear,Kids Wear,1,2050.69,0.05,1948.16,487.04,0.25,Credit Card,Hypermarket,Budget Shopper
ORD03859,2023-02-08,CUST0612,Kanpur,Uttar Pradesh,North,Home Care,Home Care - Toilet Cleaner,Toilet Cleaner,2,1310.53,0.15,2227.9,356.46,0.16,Debit Card,Supermarket,Budget Shopper
ORD02607,2023-02-08,CUST0902,Warangal,Telangana,South,Grocery,Grocery - Biscuits,Biscuits,2,1815.52,0.1,3267.94,294.11,0.09,Wallet,Hypermarket,Budget Shopper
ORD03273,2023-02-08,CUST1199,Lucknow,Uttar Pradesh,North,Grocery,Grocery - Cooking Oil,Cooking Oil,5,1338.64,0.1,6023.88,542.15,0.09,Debit Card,Supermarket,Budget Shopper
ORD04931,2023-02-08,CUST0430,Hyderabad,Telangana,South,Beverages,Beverages - Tea,Tea,1,324.55,0.02,318.06,44.53,0.14,Cash,Hypermarket,Premium Shopper
ORD01490,2023-02-09,CUST0883,Jodhpur,Rajasthan,West,Electronics,Electronics - LED Bulb,LED Bulb,1,1710.51,0.05,1624.98,292.5,0.18,UPI,Supermarket,Regular Shopper
ORD04175,2023-02-09,CUST0173,Kolkata,West Bengal,East,Grocery,Grocery - Cooking Oil,Cooking Oil,3,1341.05,0.08,3701.3,333.12,0.09,Debit Card,Supermarket,Budget Shopper
ORD04764,2023-02-09,CUST0731,Nashik,Maharashtra,West,Home Care,Home Care - Floor Cleaner,Floor Cleaner,3,2224.4,0.15,5672.22,907.56,0.16,Debit Card,Supermarket,Budget Shopper
ORD03561,2023-02-09,CUST0127,Udaipur,Rajasthan,West,Grocery,Grocery - Rice,Rice,2,726.8,0.02,1424.53,128.21,0.09,Credit Card,Hypermarket,Regular Shopper
ORD00984,2023-02-09,CUST0206,Noida,Uttar Pradesh,North,Home Care,Home Care - Floor Cleaner,Floor Cleaner,3,578.67,0.15,1475.61,236.1,0.16,UPI,Hypermarket,Budget Shopper
ORD01934,2023-02-09,CUST1043,Warangal,Telangana,South,Home Care,Home Care - Detergent,Detergent,1,2121.07,0.2,1696.86,271.5,0.16,Credit Card,Hypermarket,Regular Shopper
ORD04436,2023-02-09,CUST1014,Indore,Madhya Pradesh,West,Home Care,Home Care - Dishwash,Dishwash,5,681.12,0.15,2894.76,463.16,0.16,Cash,Supermarket,Premium Shopper
ORD02184,2023-02-09,CUST1099,Warangal,Telangana,South,Beverages,Beverages - Tea,Tea,6,1993.09,0.08,11001.86,1540.26,0.14,Wallet,Supermarket,Budget Shopper
ORD04835,2023-02-10,CUST0594,Jaipur,Rajasthan,West,Grocery,Grocery - Cooking Oil,Cooking Oil,3,1410.6,0.1,3808.62,342.78,0.09,Debit Card,Hypermarket,Regular Shopper
ORD00232,2023-02-10,CUST0546,Coimbatore,Tamil Nadu,South,Grocery,Grocery - Biscuits,Biscuits,2,1859.59,0.15,3161.3,284.52,0.09,UPI,Hypermarket,Regular Shopper
ORD04406,2023-02-10,CUST0166,Jodhpur,Rajasthan,West,Personal Care,Personal Care - Shampoo,Shampoo,4,2060.35,0.25,6181.05,1236.21,0.2,Cash,Supermarket,Regular Shopper
ORD03225,2023-02-10,CUST0230,Warangal,Telangana,South,Grocery,Grocery - Rice,Rice,4,282.73,0.08,1040.45,93.64,0.09,Wallet,Hypermarket,Budget Shopper
ORD03269,2023-02-10,CUST0593,Kolkata,West Bengal,East,Clothing,Clothing - Jeans,Jeans,1,2331.17,0.08,2144.68,536.17,0.25,Debit Card,Hypermarket,Regular Shopper
ORD00522,2023-02-10,CUST1190,Lucknow,Uttar Pradesh,North,Beverages,Beverages - Packaged Water,Packaged Water,6,238.23,0.05,1357.91,190.11,0.14,UPI,Supermarket,Premium Shopper
ORD03085,2023-02-10,CUST1133,Mangaluru,Karnataka,South,Home Care,Home Care - Floor Cleaner,Floor Cleaner,3,1387.26,0.08,3828.84,612.61,0.16,Cash,Supermarket,Regular Shopper
ORD02475,2023-02-11,CUST0384,Bhopal,Madhya Pradesh,West,Clothing,Clothing - T-Shirt,T-Shirt,4,2134.62,0.0,8538.48,2134.62,0.25,Wallet,Hypermarket,Regular Shopper
ORD00565,2023-02-11,CUST0992,Surat,Gujarat,West,Beverages,Beverages - Juice,Juice,7,849.91,0.2,4759.5,666.33,0.14,Credit Card,Supermarket,Regular Shopper
ORD03999,2023-02-11,CUST0687,Lucknow,Uttar Pradesh,North,Grocery,Grocery - Rice,Rice,2,1954.71,0.1,3518.48,316.66,0.09,Debit Card,Hypermarket,Regular Shopper
ORD02714,2023-02-11,CUST0924,Indore,Madhya Pradesh,West,Grocery,Grocery - Wheat Flour,Wheat Flour,7,926.66,0.2,5189.3,467.04,0.09,Debit Card,Hypermarket,Budget Shopper
ORD00919,2023-02-12,CUST0875,Lucknow,Uttar Pradesh,North,Home Care,Home Care - Toilet Cleaner,Toilet Cleaner,2,1373.4,0.08,2527.06,404.33,0.16,Wallet,Hypermarket,Budget Shopper
ORD02623,2023-02-12,CUST0206,Lucknow,Uttar Pradesh,North,Home Care,Home Care - Tissue,Tissue,5,1996.64,0.25,7487.4,1197.98,0.16,UPI,Supermarket,Budget Shopper
ORD02317,2023-02-12,CUST0726,Udaipur,Rajasthan,West,Beverages,Beverages - Packaged Water,Packaged Water,1,184.88,0.2,147.9,20.71,0.14,Cash,Supermarket,Budget Shopper
ORD00730,2023-02-12,CUST0802,Bengaluru,Karnataka,South,Clothing,Clothing - Kids Wear,Kids Wear,6,1934.76,0.05,11028.13,2757.03,0.25,Credit Card,Supermarket,Budget Shopper
ORD01784,2023-02-12,CUST0900,Rajkot,Gujarat,West,Personal Care,Personal Care - Soap,Soap,3,570.13,0.0,1710.39,342.08,0.2,Debit Card,Supermarket,Regular Shopper
ORD03421,2023-02-12,CUST0832,Jaipur,Rajasthan,West,Clothing,Clothing - Shirt,Shirt,2,2268.97,0.08,4174.9,1043.72,0.25,UPI,Supermarket,Budget Shopper
ORD00194,2023-02-12,CUST0087,New Delhi,Delhi,North,Grocery,Grocery - Rice,Rice,3,1661.23,0.0,4983.69,448.53,0.09,UPI,Hypermarket,Regular Shopper
ORD02974,2023-02-12,CUST0829,Bhopal,Madhya Pradesh,West,Home Care,Home Care - Dishwash,Dishwash,2,1064.67,0.1,1916.41,306.63,0.16,UPI,Hypermarket,Budget Shopper
ORD00162,2023-02-12,CUST0783,Coimbatore,Tamil Nadu,South,Personal Care,Personal Care - Face Wash,Face Wash,6,1921.61,0.15,9800.21,1960.04,0.2,Cash,Hypermarket,Regular Shopper
ORD00301,2023-02-13,CUST0086,Warangal,Telangana,South,Clothing,Clothing - Socks,Socks,2,69.77,0.15,118.61,29.65,0.25,Cash,Supermarket,Regular Shopper
ORD03612,2023-02-14,CUST0245,Jabalpur,Madhya Pradesh,West,Grocery,Grocery - Wheat Flour,Wheat Flour,7,106.49,0.15,633.62,57.03,0.09,Wallet,Hypermarket,Regular Shopper
ORD04817,2023-02-14,CUST0448,Chennai,Tamil Nadu,South,Electronics,Electronics - LED Bulb,LED Bulb,5,1529.78,0.0,7648.9,1376.8,0.18,Debit Card,Hypermarket,Budget Shopper
ORD03146,2023-02-14,CUST0843,Jodhpur,Rajasthan,West,Grocery,Grocery - Sugar,Sugar,4,1170.89,0.15,3981.03,358.29,0.09,Wallet,Hypermarket,Regular Shopper
ORD04024,2023-02-14,CUST0135,Indore,Madhya Pradesh,West,Personal Care,Personal Care - Soap,Soap,5,396.28,0.05,1882.33,376.47,0.2,UPI,Hypermarket,Budget Shopper
ORD04005,2023-02-14,CUST0937,Kolkata,West Bengal,East,Grocery,Grocery - Wheat Flour,Wheat Flour,6,2320.3,0.05,13225.71,1190.31,0.09,Cash,Supermarket,Budget Shopper
ORD03037,2023-02-14,CUST0407,Warangal,Telangana,South,Grocery,Grocery - Rice,Rice,2,2109.96,0.1,3797.93,341.81,0.09,Wallet,Supermarket,Premium Shopper
ORD00516,2023-02-14,CUST0902,Coimbatore,Tamil Nadu,South,Grocery,Grocery - Wheat Flour,Wheat Flour,7,497.47,0.05,3308.18,297.74,0.09,Cash,Hypermarket,Budget Shopper
ORD02531,2023-02-15,CUST1143,Coimbatore,Tamil Nadu,South,Grocery,Grocery - Sugar,Sugar,5,2445.63,0.1,11005.34,990.48,0.09,Cash,Supermarket,Budget Shopper
ORD04290,2023-02-15,CUST0992,Bhopal,Madhya Pradesh,West,Grocery,Grocery - Rice,Rice,6,1045.57,0.05,5959.75,536.38,0.09,Credit Card,Supermarket,Regular Shopper
ORD04354,2023-02-16,CUST0242,Jabalpur,Madhya Pradesh,West,Electronics,Electronics - LED Bulb,LED Bulb,4,342.72,0.08,1261.21,227.02,0.18,Wallet,Hypermarket,Regular Shopper
ORD00741,2023-02-16,CUST0870,Warangal,Telangana,South,Home Care,Home Care - Toilet Cleaner,Toilet Cleaner,3,2037.96,0.05,5808.19,929.31,0.16,Cash,Supermarket,Regular Shopper
ORD02608,2023-02-16,CUST0456,New Delhi,Delhi,North,Grocery,Grocery - Cooking Oil,Cooking Oil,7,2022.02,0.05,13446.43,1210.18,0.09,Debit Card,Hypermarket,Premium Shopper
ORD00735,2023-02-16,CUST0023,Mangaluru,Karnataka,South,Grocery,Grocery - Rice,Rice,2,1006.38,0.05,1912.12,172.09,0.09,UPI,Supermarket,Budget Shopper
ORD04357,2023-02-16,CUST0811,Noida,Uttar Pradesh,North,Beverages,Beverages - Packaged Water,Packaged Water,6,832.65,0.08,4596.23,643.47,0.14,Cash,Hypermarket,Regular Shopper
ORD03728,2023-02-16,CUST0842,Vadodara,Gujarat,West,Electronics,Electronics - Earphones,Earphones,5,1818.39,0.25,6818.96,1227.41,0.18,Wallet,Hypermarket,Budget Shopper
ORD00118,2023-02-16,CUST0054,Kolkata,West Bengal,East,Clothing,Clothing - Socks,Socks,1,572.16,0.2,457.73,114.43,0.25,Credit Card,Hypermarket,Budget Shopper
ORD03690,2023-02-17,CUST0086,Jabalpur,Madhya Pradesh,West,Electronics,Electronics - Extension Board,Extension Board,2,940.76,0.2,1505.22,270.94,0.18,Debit Card,Supermarket,Regular Shopper
ORD04051,2023-02-17,CUST0848,New Delhi,Delhi,North,Grocery,Grocery - Wheat Flour,Wheat Flour,7,2370.83,0.2,13276.65,1194.9,0.09,UPI,Supermarket,Budget Shopper
ORD03911,2023-02-17,CUST0120,Udaipur,Rajasthan,West,Beverages,Beverages - Coffee,Coffee,6,1793.91,0.08,9902.38,1386.33,0.14,Wallet,Supermarket,Premium Shopper
ORD00384,2023-02-17,CUST0227,Jabalpur,Madhya Pradesh,West,Home Care,Home Care - Detergent,Detergent,7,1040.74,0.1,6556.66,1049.07,0.16,Debit Card,Hypermarket,Regular Shopper
ORD04454,2023-02-17,CUST0107,Kanpur,Uttar Pradesh,North,Grocery,Grocery - Cooking Oil,Cooking Oil,6,1412.99,0.08,7799.7,701.97,0.09,Cash,Supermarket,Regular Shopper
ORD02346,2023-02-18,CUST1035,Udaipur,Rajasthan,West,Electronics,Electronics - Mixer,Mixer,3,2219.32,0.2,5326.37,958.75,0.18,Wallet,Hypermarket,Budget Shopper
ORD04669,2023-02-18,CUST0167,Chennai,Tamil Nadu,South,Electronics,Electronics - Extension Board,Extension Board,7,40.23,0.15,239.37,43.09,0.18,UPI,Supermarket,Budget Shopper
ORD02228,2023-02-18,CUST1007,Mangaluru,Karnataka,South,Beverages,Beverages - Juice,Juice,7,1037.77,0.05,6901.17,966.16,0.14,Wallet,Supermarket,Regular Shopper
ORD02753,2023-02-19,CUST0464,Indore,Madhya Pradesh,West,Beverages,Beverages - Tea,Tea,2,992.87,0.05,1886.45,264.1,0.14,Wallet,Supermarket,Budget Shopper
ORD01337,2023-02-19,CUST0336,Madurai,Tamil Nadu,South,Clothing,Clothing - Socks,Socks,7,2186.14,0.1,13772.68,3443.17,0.25,Wallet,Hypermarket,Regular Shopper
ORD03036,2023-02-19,CUST1157,New Delhi,Delhi,North,Personal Care,Personal Care - Body Lotion,Body Lotion,2,1088.11,0.05,2067.41,413.48,0.2,Debit Card,Supermarket,Regular Shopper
ORD02501,2023-02-19,CUST1098,New Delhi,Delhi,North,Electronics,Electronics - LED Bulb,LED Bulb,6,1969.29,0.02,11579.43,2084.3,0.18,Debit Card,Hypermarket,Regular Shopper
ORD02651,2023-02-20,CUST0458,Mumbai,Maharashtra,West,Clothing,Clothing - Shirt,Shirt,3,956.31,0.2,2295.14,573.78,0.25,UPI,Hypermarket,Budget Shopper
ORD03175,2023-02-20,CUST0437,Jodhpur,Rajasthan,West,Clothing,Clothing - Shirt,Shirt,5,2079.32,0.1,9356.94,2339.24,0.25,UPI,Supermarket,Regular Shopper
ORD04715,2023-02-20,CUST1006,Vadodara,Gujarat,West,Beverages,Beverages - Coffee,Coffee,3,1891.32,0.08,5220.04,730.81,0.14,Credit Card,Hypermarket,Budget Shopper
ORD00632,2023-02-21,CUST0079,Noida,Uttar Pradesh,North,Clothing,Clothing - Shirt,Shirt,5,1039.58,0.2,4158.32,1039.58,0.25,Credit Card,Supermarket,Budget Shopper
ORD02698,2023-02-21,CUST0012,Madurai,Tamil Nadu,South,Grocery,Grocery - Cooking Oil,Cooking Oil,6,2370.2,0.0,14221.2,1279.91,0.09,UPI,Supermarket,Budget Shopper
ORD01318,2023-02-21,CUST0097,Jodhpur,Rajasthan,West,Home Care,Home Care - Tissue,Tissue,6,356.32,0.2,1710.34,273.65,0.16,Debit Card,Supermarket,Regular Shopper
ORD03350,2023-02-21,CUST1032,Surat,Gujarat,West,Electronics,Electronics - Earphones,Earphones,2,1079.96,0.08,1987.13,357.68,0.18,UPI,Supermarket,Budget Shopper
ORD04270,2023-02-21,CUST0577,Hyderabad,Telangana,South,Grocery,Grocery - Rice,Rice,7,350.84,0.05,2333.09,209.98,0.09,Credit Card,Supermarket,Budget Shopper
ORD02764,2023-02-22,CUST1187,Kolkata,West Bengal,East,Grocery,Grocery - Rice,Rice,4,2015.08,0.15,6851.27,616.61,0.09,Cash,Supermarket,Regular Shopper
ORD02479,2023-02-22,CUST1098,Mumbai,Maharashtra,West,Grocery,Grocery - Rice,Rice,3,303.18,0.05,864.06,77.77,0.09,Wallet,Hypermarket,Budget Shopper
ORD00655,2023-02-22,CUST0926,Mysuru,Karnataka,South,Home Care,Home Care - Floor Cleaner,Floor Cleaner,3,310.78,0.25,699.25,111.88,0.16,UPI,Supermarket,Regular Shopper
ORD00031,2023-02-22,CUST0264,Jabalpur,Madhya Pradesh,West,Grocery,Grocery - Rice,Rice,4,708.0,0.1,2548.8,229.39,0.09,Cash,Supermarket,Budget Shopper
ORD02780,2023-02-22,CUST0133,New Delhi,Delhi,North,Electronics,Electronics - LED Bulb,LED Bulb,7,427.01,0.08,2749.94,494.99,0.18,Cash,Supermarket,Budget Shopper
ORD02667,2023-02-22,CUST0218,Nashik,Maharashtra,West,Home Care,Home Care - Dishwash,Dishwash,7,1995.34,0.02,13688.03,2190.08,0.16,Cash,Hypermarket,Premium Shopper
ORD04095,2023-02-23,CUST0032,Bengaluru,Karnataka,South,Clothing,Clothing - Shirt,Shirt,3,535.72,0.0,1607.16,401.79,0.25,Wallet,Supermarket,Budget Shopper
ORD02560,2023-02-23,CUST1113,Kolkata,West Bengal,East,Grocery,Grocery - Rice,Rice,4,1565.7,0.2,5010.24,450.92,0.09,Debit Card,Hypermarket,Budget Shopper
ORD03914,2023-02-23,CUST1157,New Delhi,Delhi,North,Personal Care,Personal Care - Face Wash,Face Wash,6,1773.74,0.1,9578.2,1915.64,0.2,Wallet,Supermarket,Budget Shopper
ORD00359,2023-02-23,CUST0267,Coimbatore,Tamil Nadu,South,Home Care,Home Care - Toilet Cleaner,Toilet Cleaner,3,990.08,0.05,2821.73,451.48,0.16,Wallet,Hypermarket,Premium Shopper
ORD04226,2023-02-23,CUST1169,Jodhpur,Rajasthan,West,Grocery,Grocery - Biscuits,Biscuits,7,1799.15,0.0,12594.05,1133.46,0.09,Cash,Hypermarket,Budget Shopper
ORD03763,2023-02-23,CUST0446,New Delhi,Delhi,North,Home Care,Home Care - Detergent,Detergent,4,1469.87,0.2,4703.58,752.57,0.16,Credit Card,Supermarket,Regular Shopper
ORD01618,2023-02-23,CUST0572,Nagpur,Maharashtra,West,Personal Care,Personal Care - Soap,Soap,2,1689.63,0.02,3311.67,662.33,0.2,UPI,Supermarket,Budget Shopper
ORD02215,2023-02-23,CUST0776,Jabalpur,Madhya Pradesh,West,Personal Care,Personal Care - Body Lotion,Body Lotion,5,309.01,0.08,1421.45,284.29,0.2,Cash,Supermarket,Regular Shopper
ORD03468,2023-02-24,CUST0681,Warangal,Telangana,South,Home Care,Home Care - Floor Cleaner,Floor Cleaner,6,490.9,0.1,2650.86,424.14,0.16,Cash,Supermarket,Budget Shopper
ORD01763,2023-02-24,CUST1154,Jabalpur,Madhya Pradesh,West,Beverages,Beverages - Soft Drink,Soft Drink,4,93.24,0.1,335.66,46.99,0.14,Debit Card,Supermarket,Premium Shopper
ORD02097,2023-02-24,CUST0904,New Delhi,Delhi,North,Personal Care,Personal Care - Shampoo,Shampoo,7,859.03,0.15,5111.23,1022.25,0.2,Cash,Supermarket,Regular Shopper
ORD04541,2023-02-24,CUST1170,Udaipur,Rajasthan,West,Electronics,Electronics - Extension Board,Extension Board,3,444.12,0.08,1225.77,220.64,0.18,Debit Card,Supermarket,Budget Shopper
ORD00854,2023-02-24,CUST0133,Hyderabad,Telangana,South,Grocery,Grocery - Sugar,Sugar,6,716.24,0.1,3867.7,348.09,0.09,Debit Card,Supermarket,Budget Shopper
ORD00093,2023-02-24,CUST0925,Jabalpur,Madhya Pradesh,West,Grocery,Grocery - Rice,Rice,2,2367.44,0.05,4498.14,404.83,0.09,Credit Card,Supermarket,Regular Shopper
ORD01578,2023-02-25,CUST1182,New Delhi,Delhi,North,Personal Care,Personal Care - Shampoo,Shampoo,4,1335.94,0.05,5076.57,1015.31,0.2,Cash,Supermarket,Budget Shopper
ORD02604,2023-02-25,CUST0841,Udaipur,Rajasthan,West,Clothing,Clothing - Jeans,Jeans,5,138.99,0.05,660.2,165.05,0.25,Wallet,Hypermarket,Regular Shopper
ORD00907,2023-02-25,CUST0440,Nagpur,Maharashtra,West,Personal Care,Personal Care - Shampoo,Shampoo,2,1857.81,0.08,3418.37,683.67,0.2,UPI,Supermarket,Budget Shopper
ORD01449,2023-02-25,CUST0898,Jaipur,Rajasthan,West,Clothing,Clothing - Shirt,Shirt,4,314.37,0.15,1068.86,267.21,0.25,UPI,Hypermarket,Budget Shopper
ORD00716,2023-02-25,CUST0385,Kolkata,West Bengal,East,Home Care,Home Care - Floor Cleaner,Floor Cleaner,2,1540.71,0.05,2927.35,468.38,0.16,Cash,Hypermarket,Budget Shopper
ORD01229,2023-02-25,CUST0331,Warangal,Telangana,South,Grocery,Grocery - Biscuits,Biscuits,3,447.22,0.1,1207.49,108.67,0.09,Debit Card,Supermarket,Regular Shopper
ORD03438,2023-02-26,CUST1146,Rajkot,Gujarat,West,Clothing,Clothing - T-Shirt,T-Shirt,3,1275.9,0.05,3636.32,909.08,0.25,Cash,Hypermarket,Budget Shopper
ORD03357,2023-02-26,CUST0489,New Delhi,Delhi,North,Grocery,Grocery - Rice,Rice,5,2045.99,0.2,8183.96,736.56,0.09,Debit Card,Supermarket,Regular Shopper
ORD03839,2023-02-26,CUST0720,Ahmedabad,Gujarat,West,Home Care,Home Care - Detergent,Detergent,2,148.64,0.05,282.42,45.19,0.16,Wallet,Hypermarket,Regular Shopper
ORD00895,2023-02-26,CUST0341,Warangal,Telangana,South,Grocery,Grocery - Rice,Rice,4,1456.43,0.02,5709.21,513.83,0.09,Credit Card,Hypermarket,Premium Shopper
ORD03326,2023-02-27,CUST0320,Jabalpur,Madhya Pradesh,West,Grocery,Grocery - Sugar,Sugar,7,289.83,0.15,1724.49,155.2,0.09,Credit Card,Hypermarket,Budget Shopper
ORD03844,2023-02-27,CUST0821,Ahmedabad,Gujarat,West,Electronics,Electronics - Mixer,Mixer,3,295.63,0.15,753.86,135.69,0.18,Debit Card,Supermarket,Budget Shopper
ORD03264,2023-02-28,CUST0145,Rajkot,Gujarat,West,Personal Care,Personal Care - Shampoo,Shampoo,7,545.14,0.1,3434.38,686.88,0.2,Credit Card,Supermarket,Premium Shopper
ORD00560,2023-02-28,CUST0433,Jodhpur,Rajasthan,West,Personal Care,Personal Care - Face Wash,Face Wash,7,1050.4,0.05,6985.16,1397.03,0.2,UPI,Supermarket,Budget Shopper
ORD02939,2023-02-28,CUST0402,Mumbai,Maharashtra,West,Grocery,Grocery - Wheat Flour,Wheat Flour,1,1052.15,0.1,946.94,85.22,0.09,Credit Card,Hypermarket,Regular Shopper
ORD03324,2023-02-28,CUST1168,Kolkata,West Bengal,East,Clothing,Clothing - Kids Wear,Kids Wear,5,2085.87,0.0,10429.35,2607.34,0.25,Credit Card,Supermarket,Budget Shopper
ORD02710,2023-03-01,CUST1122,Udaipur,Rajasthan,West,Clothing,Clothing - Jeans,Jeans,3,2144.48,0.15,5468.42,1367.1,0.25,Cash,Supermarket,Regular Shopper
ORD02170,2023-03-01,CUST0576,Vadodara,Gujarat,West,Clothing,Clothing - Shirt,Shirt,1,2238.64,0.02,2193.87,548.47,0.25,Cash,Hypermarket,Regular Shopper
ORD01125,2023-03-01,CUST0367,Nashik,Maharashtra,West,Grocery,Grocery - Rice,Rice,5,1925.73,0.08,8858.36,797.25,0.09,Wallet,Supermarket,Budget Shopper
ORD01564,2023-03-01,CUST0163,Kolkata,West Bengal,East,Beverages,Beverages - Packaged Water,Packaged Water,5,1711.12,0.2,6844.48,958.23,0.14,Wallet,Supermarket,Regular Shopper
ORD03557,2023-03-01,CUST0809,Jabalpur,Madhya Pradesh,West,Grocery,Grocery - Cooking Oil,Cooking Oil,6,70.65,0.15,360.32,32.43,0.09,Wallet,Supermarket,Premium Shopper
ORD01005,2023-03-01,CUST0764,Udaipur,Rajasthan,West,Personal Care,Personal Care - Body Lotion,Body Lotion,7,1282.7,0.15,7632.06,1526.41,0.2,Wallet,Supermarket,Regular Shopper
ORD00646,2023-03-01,CUST0453,Pune,Maharashtra,West,Clothing,Clothing - Jeans,Jeans,3,751.28,0.02,2208.76,552.19,0.25,Credit Card,Hypermarket,Regular Shopper
ORD01504,2023-03-01,CUST0818,New Delhi,Delhi,North,Electronics,Electronics - LED Bulb,LED Bulb,4,1305.24,0.08,4803.28,864.59,0.18,Wallet,Hypermarket,Budget Shopper
ORD02016,2023-03-02,CUST0050,Jaipur,Rajasthan,West,Beverages,Beverages - Soft Drink,Soft Drink,4,1948.71,0.2,6235.87,873.02,0.14,Cash,Supermarket,Budget Shopper
ORD01829,2023-03-02,CUST0298,Bengaluru,Karnataka,South,Electronics,Electronics - Earphones,Earphones,6,1563.03,0.1,8440.36,1519.26,0.18,UPI,Supermarket,Budget Shopper
ORD04502,2023-03-02,CUST0611,Kanpur,Uttar Pradesh,North,Home Care,Home Care - Floor Cleaner,Floor Cleaner,1,232.15,0.2,185.72,29.72,0.16,Cash,Hypermarket,Regular Shopper
ORD03337,2023-03-02,CUST0250,Kolkata,West Bengal,East,Home Care,Home Care - Dishwash,Dishwash,4,730.85,0.2,2338.72,374.2,0.16,Cash,Supermarket,Budget Shopper
ORD02679,2023-03-02,CUST0468,Indore,Madhya Pradesh,West,Grocery,Grocery - Cooking Oil,Cooking Oil,7,827.43,0.05,5502.41,495.22,0.09,Cash,Hypermarket,Premium Shopper
ORD00861,2023-03-02,CUST0852,Hyderabad,Telangana,South,Beverages,Beverages - Packaged Water,Packaged Water,7,1950.33,0.15,11604.46,1624.62,0.14,Cash,Supermarket,Budget Shopper
ORD01868,2023-03-02,CUST1048,New Delhi,Delhi,North,Beverages,Beverages - Coffee,Coffee,4,55.99,0.08,206.04,28.85,0.14,Credit Card,Hypermarket,Regular Shopper
ORD00342,2023-03-02,CUST0277,New Delhi,Delhi,North,Personal Care,Personal Care - Shampoo,Shampoo,4,910.32,0.15,3095.09,619.02,0.2,Wallet,Hypermarket,Budget Shopper
ORD02908,2023-03-02,CUST0474,Indore,Madhya Pradesh,West,Personal Care,Personal Care - Face Wash,Face Wash,2,1268.86,0.1,2283.95,456.79,0.2,Credit Card,Hypermarket,Premium Shopper
ORD04003,2023-03-03,CUST0031,Coimbatore,Tamil Nadu,South,Grocery,Grocery - Biscuits,Biscuits,1,775.83,0.15,659.46,59.35,0.09,UPI,Hypermarket,Regular Shopper
ORD01748,2023-03-03,CUST0576,Udaipur,Rajasthan,West,Personal Care,Personal Care - Shampoo,Shampoo,6,810.0,0.1,4374.0,874.8,0.2,Wallet,Supermarket,Regular Shopper
ORD03887,2023-03-03,CUST0426,New Delhi,Delhi,North,Grocery,Grocery - Biscuits,Biscuits,3,399.36,0.05,1138.18,102.44,0.09,UPI,Supermarket,Premium Shopper
ORD00356,2023-03-03,CUST0898,Kolkata,West Bengal,East,Beverages,Beverages - Tea,Tea,1,2112.12,0.0,2112.12,295.7,0.14,Cash,Supermarket,Regular Shopper
ORD03520,2023-03-03,CUST0450,New Delhi,Delhi,North,Home Care,Home Care - Toilet Cleaner,Toilet Cleaner,3,1316.39,0.2,3159.34,505.49,0.16,Cash,Supermarket,Budget Shopper
ORD01630,2023-03-03,CUST0556,Kolkata,West Bengal,East,Beverages,Beverages - Packaged Water,Packaged Water,1,1038.46,0.2,830.77,116.31,0.14,Cash,Supermarket,Budget Shopper
ORD04218,2023-03-04,CUST0824,Kolkata,West Bengal,East,Clothing,Clothing - Kids Wear,Kids Wear,3,1884.59,0.02,5540.69,1385.17,0.25,Cash,Supermarket,Regular Shopper
ORD01327,2023-03-04,CUST1150,Madurai,Tamil Nadu,South,Clothing,Clothing - Kids Wear,Kids Wear,1,1025.84,0.02,1005.32,251.33,0.25,Debit Card,Supermarket,Regular Shopper
ORD02071,2023-03-05,CUST0074,New Delhi,Delhi,North,Personal Care,Personal Care - Soap,Soap,5,1492.39,0.02,7312.71,1462.54,0.2,Wallet,Hypermarket,Budget Shopper
ORD03365,2023-03-05,CUST1042,Bhopal,Madhya Pradesh,West,Clothing,Clothing - T-Shirt,T-Shirt,7,643.66,0.0,4505.62,1126.4,0.25,Debit Card,Supermarket,Budget Shopper
ORD02182,2023-03-05,CUST0928,Warangal,Telangana,South,Grocery,Grocery - Sugar,Sugar,4,252.87,0.15,859.76,77.38,0.09,Cash,Hypermarket,Regular Shopper
ORD04161,2023-03-05,CUST0413,Mysuru,Karnataka,South,Grocery,Grocery - Biscuits,Biscuits,5,2271.04,0.15,9651.92,868.67,0.09,UPI,Hypermarket,Budget Shopper
ORD04994,2023-03-05,CUST0798,Kolkata,West Bengal,East,Grocery,Grocery - Sugar,Sugar,4,592.92,0.08,2181.95,196.38,0.09,UPI,Supermarket,Regular Shopper
ORD02345,2023-03-05,CUST0429,Hyderabad,Telangana,South,Personal Care,Personal Care - Body Lotion,Body Lotion,1,287.06,0.15,244.0,48.8,0.2,Debit Card,Supermarket,Budget Shopper
ORD03159,2023-03-05,CUST1050,Kanpur,Uttar Pradesh,North,Grocery,Grocery - Wheat Flour,Wheat Flour,2,1252.92,0.05,2380.55,214.25,0.09,Debit Card,Supermarket,Regular Shopper
ORD01024,2023-03-06,CUST1071,Kolkata,West Bengal,East,Personal Care,Personal Care - Toothpaste,Toothpaste,2,2367.81,0.05,4498.84,899.77,0.2,Credit Card,Hypermarket,Regular Shopper
ORD01097,2023-03-06,CUST0632,Indore,Madhya Pradesh,West,Grocery,Grocery - Biscuits,Biscuits,7,81.63,0.08,525.7,47.31,0.09,Wallet,Hypermarket,Regular Shopper
ORD01092,2023-03-06,CUST0368,Lucknow,Uttar Pradesh,North,Grocery,Grocery - Biscuits,Biscuits,4,85.68,0.05,325.58,29.3,0.09,Debit Card,Supermarket,Regular Shopper
ORD02849,2023-03-07,CUST0096,Warangal,Telangana,South,Home Care,Home Care - Toilet Cleaner,Toilet Cleaner,5,1662.67,0.02,8147.08,1303.53,0.16,Debit Card,Hypermarket,Budget Shopper
ORD04421,2023-03-07,CUST1162,Bengaluru,Karnataka,South,Grocery,Grocery - Wheat Flour,Wheat Flour,6,2012.36,0.1,10866.74,978.01,0.09,Debit Card,Supermarket,Regular Shopper
ORD04556,2023-03-07,CUST0773,Hyderabad,Telangana,South,Grocery,Grocery - Biscuits,Biscuits,5,1593.44,0.02,7807.86,702.71,0.09,Debit Card,Supermarket,Budget Shopper
ORD01033,2023-03-07,CUST0975,New Delhi,Delhi,North,Grocery,Grocery - Biscuits,Biscuits,7,1675.43,0.05,11141.61,1002.74,0.09,Wallet,Hypermarket,Premium Shopper
ORD04770,2023-03-08,CUST0829,Coimbatore,Tamil Nadu,South,Clothing,Clothing - T-Shirt,T-Shirt,3,1311.43,0.08,3619.55,904.89,0.25,UPI,Supermarket,Budget Shopper
ORD04137,2023-03-08,CUST0179,Kanpur,Uttar Pradesh,North,Grocery,Grocery - Biscuits,Biscuits,3,1712.81,0.15,4367.67,393.09,0.09,Credit Card,Supermarket,Premium Shopper
ORD02681,2023-03-08,CUST0426,Pune,Maharashtra,West,Clothing,Clothing - Socks,Socks,5,2308.14,0.05,10963.66,2740.92,0.25,Cash,Supermarket,Premium Shopper
ORD01271,2023-03-08,CUST0656,Ahmedabad,Gujarat,West,Home Care,Home Care - Toilet Cleaner,Toilet Cleaner,2,1206.43,0.1,2171.57,347.45,0.16,UPI,Hypermarket,Premium Shopper
ORD03394,2023-03-09,CUST1007,Lucknow,Uttar Pradesh,North,Personal Care,Personal Care - Soap,Soap,6,1042.1,0.02,6127.55,1225.51,0.2,Debit Card,Hypermarket,Premium Shopper
ORD00968,2023-03-09,CUST1111,Jodhpur,Rajasthan,West,Grocery,Grocery - Cooking Oil,Cooking Oil,2,791.72,0.15,1345.92,121.13,0.09,Credit Card,Supermarket,Regular Shopper
ORD01028,2023-03-09,CUST1014,Surat,Gujarat,West,Clothing,Clothing - Shirt,Shirt,5,914.83,0.08,4208.22,1052.06,0.25,Credit Card,Hypermarket,Regular Shopper
ORD03864,2023-03-09,CUST0136,Mangaluru,Karnataka,South,Grocery,Grocery - Sugar,Sugar,6,1418.04,0.05,8082.83,727.45,0.09,Wallet,Supermarket,Budget Shopper
ORD00733,2023-03-09,CUST0759,Noida,Uttar Pradesh,North,Grocery,Grocery - Wheat Flour,Wheat Flour,6,1288.47,0.0,7730.82,695.77,0.09,Credit Card,Hypermarket,Premium Shopper
ORD02210,2023-03-10,CUST0886,Kolkata,West Bengal,East,Grocery,Grocery - Rice,Rice,1,2439.02,0.08,2243.9,201.95,0.09,Wallet,Supermarket,Budget Shopper
ORD01187,2023-03-10,CUST0008,Mangaluru,Karnataka,South,Beverages,Beverages - Coffee,Coffee,7,1839.11,0.25,9655.33,1351.75,0.14,Cash,Supermarket,Regular Shopper
ORD00781,2023-03-10,CUST0268,New Delhi,Delhi,North,Electronics,Electronics - Earphones,Earphones,6,2406.19,0.02,14148.4,2546.71,0.18,UPI,Hypermarket,Budget Shopper
ORD04907,2023-03-10,CUST0261,Hyderabad,Telangana,South,Clothing,Clothing - T-Shirt,T-Shirt,2,45.42,0.0,90.84,22.71,0.25,Debit Card,Hypermarket,Budget Shopper
ORD00517,2023-03-10,CUST0185,Hyderabad,Telangana,South,Clothing,Clothing - Shirt,Shirt,7,387.35,0.15,2304.73,576.18,0.25,Wallet,Supermarket,Regular Shopper
ORD00639,2023-03-10,CUST0267,Jodhpur,Rajasthan,West,Grocery,Grocery - Biscuits,Biscuits,1,162.66,0.08,149.65,13.47,0.09,UPI,Hypermarket,Regular Shopper
ORD02313,2023-03-10,CUST0972,Noida,Uttar Pradesh,North,Clothing,Clothing - Kids Wear,Kids Wear,1,327.72,0.15,278.56,69.64,0.25,Debit Card,Hypermarket,Regular Shopper
ORD01954,2023-03-10,CUST0221,Jaipur,Rajasthan,West,Beverages,Beverages - Soft Drink,Soft Drink,3,1389.41,0.1,3751.41,525.2,0.14,Cash,Supermarket,Budget Shopper
ORD00062,2023-03-10,CUST0984,Kolkata,West Bengal,East,Clothing,Clothing - Kids Wear,Kids Wear,5,2450.88,0.05,11641.68,2910.42,0.25,Debit Card,Hypermarket,Budget Shopper
ORD03554,2023-03-10,CUST0011,Kolkata,West Bengal,East,Home Care,Home Care - Floor Cleaner,Floor Cleaner,4,580.74,0.0,2322.96,371.67,0.16,Credit Card,Supermarket,Premium Shopper
ORD04302,2023-03-11,CUST0035,Lucknow,Uttar Pradesh,North,Electronics,Electronics - Extension Board,Extension Board,7,1144.32,0.05,7609.73,1369.75,0.18,Cash,Hypermarket,Budget Shopper
ORD01156,2023-03-11,CUST0949,Jodhpur,Rajasthan,West,Home Care,Home Care - Dishwash,Dishwash,3,1333.19,0.2,3199.66,511.95,0.16,Credit Card,Hypermarket,Budget Shopper
ORD03748,2023-03-11,CUST1193,Madurai,Tamil Nadu,South,Personal Care,Personal Care - Body Lotion,Body Lotion,2,1536.48,0.15,2612.02,522.4,0.2,Cash,Supermarket,Regular Shopper
ORD01740,2023-03-11,CUST0468,Mysuru,Karnataka,South,Clothing,Clothing - Kids Wear,Kids Wear,4,756.98,0.02,2967.36,741.84,0.25,Credit Card,Supermarket,Regular Shopper
ORD04052,2023-03-11,CUST0255,Madurai,Tamil Nadu,South,Personal Care,Personal Care - Shampoo,Shampoo,2,1604.77,0.1,2888.59,577.72,0.2,Wallet,Hypermarket,Regular Shopper
ORD02614,2023-03-11,CUST1050,Nashik,Maharashtra,West,Home Care,Home Care - Toilet Cleaner,Toilet Cleaner,2,1792.47,0.1,3226.45,516.23,0.16,Credit Card,Supermarket,Budget Shopper
ORD01002,2023-03-11,CUST1141,Lucknow,Uttar Pradesh,North,Grocery,Grocery - Sugar,Sugar,6,804.08,0.05,4583.26,412.49,0.09,Wallet,Hypermarket,Regular Shopper
ORD04261,2023-03-12,CUST0301,Kolkata,West Bengal,East,Clothing,Clothing - Shirt,Shirt,2,1292.34,0.08,2377.91,594.48,0.25,Debit Card,Supermarket,Budget Shopper
ORD01007,2023-03-12,CUST0986,Nagpur,Maharashtra,West,Beverages,Beverages - Soft Drink,Soft Drink,3,2196.43,0.1,5930.36,830.25,0.14,Credit Card,Hypermarket,Budget Shopper
ORD04757,2023-03-12,CUST0794,Hyderabad,Telangana,South,Beverages,Beverages - Juice,Juice,4,720.11,0.0,2880.44,403.26,0.14,Wallet,Supermarket,Budget Shopper
ORD00426,2023-03-13,CUST0591,Surat,Gujarat,West,Grocery,Grocery - Cooking Oil,Cooking Oil,7,2264.44,0.08,14582.99,1312.47,0.09,Cash,Supermarket,Budget Shopper
ORD03478,2023-03-13,CUST0750,Hyderabad,Telangana,South,Personal Care,Personal Care - Shampoo,Shampoo,6,339.48,0.05,1935.04,387.01,0.2,Cash,Hypermarket,Budget Shopper
ORD04033,2023-03-13,CUST1082,Vadodara,Gujarat,West,Beverages,Beverages - Soft Drink,Soft Drink,5,922.5,0.05,4381.88,613.46,0.14,Credit Card,Hypermarket,Premium Shopper
ORD03459,2023-03-13,CUST0860,Thane,Maharashtra,West,Clothing,Clothing - Shirt,Shirt,2,608.3,0.1,1094.94,273.74,0.25,Debit Card,Supermarket,Budget Shopper
ORD00058,2023-03-13,CUST0095,Warangal,Telangana,South,Clothing,Clothing - Jeans,Jeans,2,94.57,0.08,174.01,43.5,0.25,Debit Card,Hypermarket,Budget Shopper
ORD01237,2023-03-13,CUST0852,Kanpur,Uttar Pradesh,North,Grocery,Grocery - Biscuits,Biscuits,5,819.54,0.08,3769.88,339.29,0.09,Debit Card,Hypermarket,Premium Shopper
ORD01733,2023-03-13,CUST0277,Kolkata,West Bengal,East,Home Care,Home Care - Tissue,Tissue,2,2134.51,0.15,3628.67,580.59,0.16,Cash,Supermarket,Regular Shopper
ORD03771,2023-03-14,CUST0823,Udaipur,Rajasthan,West,Home Care,Home Care - Detergent,Detergent,5,520.77,0.08,2395.54,383.29,0.16,Debit Card,Supermarket,Regular Shopper
ORD02154,2023-03-14,CUST0991,Nashik,Maharashtra,West,Electronics,Electronics - Power Bank,Power Bank,2,2086.4,0.08,3838.98,691.02,0.18,UPI,Hypermarket,Regular Shopper
ORD00317,2023-03-14,CUST0477,Lucknow,Uttar Pradesh,North,Grocery,Grocery - Rice,Rice,6,889.54,0.1,4803.52,432.32,0.09,Wallet,Hypermarket,Budget Shopper
ORD02506,2023-03-14,CUST1040,New Delhi,Delhi,North,Beverages,Beverages - Soft Drink,Soft Drink,5,2317.57,0.25,8690.89,1216.72,0.14,Debit Card,Hypermarket,Budget Shopper
ORD04630,2023-03-14,CUST0016,Vadodara,Gujarat,West,Home Care,Home Care - Dishwash,Dishwash,1,1911.94,0.1,1720.75,275.32,0.16,Wallet,Supermarket,Regular Shopper
ORD03826,2023-03-14,CUST0904,Kolkata,West Bengal,East,Beverages,Beverages - Packaged Water,Packaged Water,2,815.94,0.0,1631.88,228.46,0.14,Debit Card,Supermarket,Regular Shopper
ORD01657,2023-03-15,CUST0863,Chennai,Tamil Nadu,South,Clothing,Clothing - Kids Wear,Kids Wear,2,1291.1,0.2,2065.76,516.44,0.25,Cash,Supermarket,Premium Shopper
ORD01573,2023-03-15,CUST0588,Surat,Gujarat,West,Home Care,Home Care - Dishwash,Dishwash,1,1477.5,0.1,1329.75,212.76,0.16,Wallet,Hypermarket,Regular Shopper
ORD02504,2023-03-15,CUST1083,Jaipur,Rajasthan,West,Home Care,Home Care - Detergent,Detergent,4,1855.07,0.08,6826.66,1092.27,0.16,Wallet,Supermarket,Regular Shopper
ORD02696,2023-03-15,CUST0343,Bengaluru,Karnataka,South,Clothing,Clothing - Jeans,Jeans,5,1847.74,0.15,7852.9,1963.23,0.25,Debit Card,Supermarket,Budget Shopper
ORD00100,2023-03-16,CUST0805,Kolkata,West Bengal,East,Electronics,Electronics - LED Bulb,LED Bulb,5,2063.56,0.15,8770.13,1578.62,0.18,UPI,Supermarket,Budget Shopper
ORD01069,2023-03-16,CUST0626,Vadodara,Gujarat,West,Grocery,Grocery - Biscuits,Biscuits,3,1436.86,0.2,3448.46,310.36,0.09,UPI,Hypermarket,Regular Shopper
ORD04692,2023-03-16,CUST1181,Indore,Madhya Pradesh,West,Grocery,Grocery - Biscuits,Biscuits,7,1516.71,0.08,9767.61,879.08,0.09,Debit Card,Supermarket,Budget Shopper
ORD02995,2023-03-16,CUST1005,Vadodara,Gujarat,West,Grocery,Grocery - Wheat Flour,Wheat Flour,7,1795.92,0.25,9428.58,848.57,0.09,Debit Card,Supermarket,Budget Shopper
ORD01916,2023-03-16,CUST0120,Mysuru,Karnataka,South,Home Care,Home Care - Tissue,Tissue,5,256.92,0.2,1027.68,164.43,0.16,UPI,Supermarket,Premium Shopper
ORD04415,2023-03-16,CUST0136,Warangal,Telangana,South,Beverages,Beverages - Soft Drink,Soft Drink,1,1530.05,0.1,1377.04,192.79,0.14,Credit Card,Hypermarket,Budget Shopper
ORD00768,2023-03-17,CUST0299,Kolkata,West Bengal,East,Grocery,Grocery - Biscuits,Biscuits,5,891.81,0.15,3790.19,341.12,0.09,Debit Card,Supermarket,Regular Shopper
ORD02383,2023-03-18,CUST1070,New Delhi,Delhi,North,Home Care,Home Care - Toilet Cleaner,Toilet Cleaner,6,1447.35,0.05,8249.89,1319.98,0.16,Cash,Supermarket,Premium Shopper
ORD01226,2023-03-18,CUST0738,Warangal,Telangana,South,Personal Care,Personal Care - Face Wash,Face Wash,4,2178.58,0.08,8017.17,1603.43,0.2,UPI,Supermarket,Budget Shopper
ORD01496,2023-03-18,CUST0381,Mangaluru,Karnataka,South,Beverages,Beverages - Soft Drink,Soft Drink,4,230.62,0.05,876.36,122.69,0.14,Cash,Hypermarket,Premium Shopper
ORD02824,2023-03-19,CUST0022,Nagpur,Maharashtra,West,Grocery,Grocery - Rice,Rice,3,2337.48,0.1,6311.2,568.01,0.09,UPI,Hypermarket,Regular Shopper
ORD02052,2023-03-19,CUST0247,Ahmedabad,Gujarat,West,Home Care,Home Care - Dishwash,Dishwash,6,681.8,0.05,3886.26,621.8,0.16,Wallet,Hypermarket,Regular Shopper
ORD03048,2023-03-19,CUST0322,Kolkata,West Bengal,East,Beverages,Beverages - Coffee,Coffee,7,451.52,0.1,2844.58,398.24,0.14,Cash,Hypermarket,Regular Shopper
ORD01965,2023-03-19,CUST0634,Lucknow,Uttar Pradesh,North,Grocery,Grocery - Cooking Oil,Cooking Oil,1,2106.05,0.1,1895.45,170.59,0.09,Credit Card,Hypermarket,Premium Shopper
ORD00440,2023-03-19,CUST0569,Warangal,Telangana,South,Personal Care,Personal Care - Soap,Soap,7,1018.8,0.2,5705.28,1141.06,0.2,Cash,Supermarket,Regular Shopper
ORD00319,2023-03-19,CUST0488,Warangal,Telangana,South,Grocery,Grocery - Cooking Oil,Cooking Oil,6,1771.1,0.15,9032.61,812.93,0.09,Cash,Supermarket,Regular Shopper
ORD00455,2023-03-20,CUST0685,Mysuru,Karnataka,South,Beverages,Beverages - Packaged Water,Packaged Water,1,1152.13,0.08,1059.96,148.39,0.14,Credit Card,Hypermarket,Regular Shopper
ORD03485,2023-03-20,CUST0471,Jabalpur,Madhya Pradesh,West,Electronics,Electronics - Extension Board,Extension Board,6,405.09,0.1,2187.49,393.75,0.18,Cash,Hypermarket,Premium Shopper
ORD00532,2023-03-20,CUST0087,New Delhi,Delhi,North,Grocery,Grocery - Rice,Rice,1,860.81,0.15,731.69,65.85,0.09,Cash,Supermarket,Budget Shopper
ORD01388,2023-03-20,CUST0313,New Delhi,Delhi,North,Clothing,Clothing - Kids Wear,Kids Wear,3,804.24,0.2,1930.18,482.55,0.25,Debit Card,Supermarket,Budget Shopper
ORD04190,2023-03-20,CUST0073,Pune,Maharashtra,West,Grocery,Grocery - Sugar,Sugar,3,1555.44,0.15,3966.37,356.97,0.09,UPI,Hypermarket,Budget Shopper
ORD03611,2023-03-20,CUST1045,Kolkata,West Bengal,East,Electronics,Electronics - Power Bank,Power Bank,7,1376.09,0.2,7706.1,1387.1,0.18,Cash,Supermarket,Budget Shopper
ORD04490,2023-03-21,CUST0908,Kolkata,West Bengal,East,Personal Care,Personal Care - Toothpaste,Toothpaste,4,509.62,0.1,1834.63,366.93,0.2,UPI,Hypermarket,Regular Shopper
ORD00784,2023-03-21,CUST0374,Nagpur,Maharashtra,West,Beverages,Beverages - Packaged Water,Packaged Water,1,1651.07,0.05,1568.52,219.59,0.14,UPI,Supermarket,Budget Shopper
ORD02720,2023-03-21,CUST0523,Rajkot,Gujarat,West,Electronics,Electronics - Earphones,Earphones,6,1863.24,0.08,10285.08,1851.31,0.18,Credit Card,Supermarket,Regular Shopper
ORD04202,2023-03-21,CUST0547,Udaipur,Rajasthan,West,Personal Care,Personal Care - Soap,Soap,4,1425.17,0.0,5700.68,1140.14,0.2,UPI,Hypermarket,Budget Shopper
ORD02881,2023-03-22,CUST0724,Warangal,Telangana,South,Clothing,Clothing - Jeans,Jeans,3,1467.22,0.05,4181.58,1045.4,0.25,Wallet,Supermarket,Budget Shopper
ORD01009,2023-03-22,CUST0703,Mysuru,Karnataka,South,Grocery,Grocery - Cooking Oil,Cooking Oil,1,807.84,0.08,743.21,66.89,0.09,UPI,Hypermarket,Budget Shopper
ORD00515,2023-03-22,CUST0125,Udaipur,Rajasthan,West,Home Care,Home Care - Dishwash,Dishwash,6,1278.23,0.1,6902.44,1104.39,0.16,UPI,Supermarket,Regular Shopper
ORD01923,2023-03-22,CUST0207,Coimbatore,Tamil Nadu,South,Grocery,Grocery - Cooking Oil,Cooking Oil,5,1845.22,0.08,8488.01,763.92,0.09,UPI,Hypermarket,Regular Shopper
ORD03360,2023-03-22,CUST0669,Warangal,Telangana,South,Personal Care,Personal Care - Shampoo,Shampoo,2,1229.88,0.08,2262.98,452.6,0.2,Wallet,Hypermarket,Regular Shopper
ORD04042,2023-03-22,CUST0471,New Delhi,Delhi,North,Clothing,Clothing - Kids Wear,Kids Wear,7,192.2,0.02,1318.49,329.62,0.25,Wallet,Supermarket,Budget Shopper
ORD02225,2023-03-23,CUST0817,New Delhi,Delhi,North,Grocery,Grocery - Sugar,Sugar,6,1215.59,0.02,7147.67,643.29,0.09,UPI,Supermarket,Budget Shopper
ORD01416,2023-03-23,CUST0367,Nagpur,Maharashtra,West,Personal Care,Personal Care - Toothpaste,Toothpaste,4,560.22,0.15,1904.75,380.95,0.2,Credit Card,Supermarket,Budget Shopper
ORD02204,2023-03-23,CUST0774,Mysuru,Karnataka,South,Clothing,Clothing - Socks,Socks,3,2342.77,0.1,6325.48,1581.37,0.25,UPI,Supermarket,Budget Shopper
ORD03703,2023-03-23,CUST0110,Chennai,Tamil Nadu,South,Personal Care,Personal Care - Toothpaste,Toothpaste,1,2078.26,0.08,1912.0,382.4,0.2,Wallet,Hypermarket,Budget Shopper
ORD04737,2023-03-24,CUST0266,Jaipur,Rajasthan,West,Grocery,Grocery - Rice,Rice,7,1409.35,0.02,9668.14,870.13,0.09,Cash,Supermarket,Regular Shopper
ORD02836,2023-03-24,CUST0884,Jabalpur,Madhya Pradesh,West,Personal Care,Personal Care - Soap,Soap,1,604.18,0.15,513.55,102.71,0.2,Wallet,Supermarket,Budget Shopper
ORD00878,2023-03-24,CUST0235,New Delhi,Delhi,North,Grocery,Grocery - Rice,Rice,2,590.59,0.05,1122.12,100.99,0.09,UPI,Supermarket,Budget Shopper
ORD03378,2023-03-24,CUST0922,Coimbatore,Tamil Nadu,South,Electronics,Electronics - Extension Board,Extension Board,7,1824.68,0.08,11750.94,2115.17,0.18,Credit Card,Hypermarket,Regular Shopper
ORD03902,2023-03-24,CUST0005,Jaipur,Rajasthan,West,Home Care,Home Care - Floor Cleaner,Floor Cleaner,5,747.11,0.08,3436.71,549.87,0.16,Wallet,Supermarket,Budget Shopper
ORD03075,2023-03-24,CUST0950,Lucknow,Uttar Pradesh,North,Grocery,Grocery - Sugar,Sugar,5,985.38,0.15,4187.86,376.91,0.09,UPI,Hypermarket,Premium Shopper
ORD02005,2023-03-24,CUST0505,Hyderabad,Telangana,South,Electronics,Electronics - Extension Board,Extension Board,6,2282.54,0.08,12599.62,2267.93,0.18,Debit Card,Hypermarket,Budget Shopper
ORD04150,2023-03-25,CUST1022,Hyderabad,Telangana,South,Electronics,Electronics - Power Bank,Power Bank,2,897.31,0.15,1525.43,274.58,0.18,Credit Card,Hypermarket,Premium Shopper
ORD00991,2023-03-25,CUST1027,Jabalpur,Madhya Pradesh,West,Home Care,Home Care - Dishwash,Dishwash,3,2322.72,0.1,6271.34,1003.41,0.16,Debit Card,Supermarket,Budget Shopper
ORD00253,2023-03-25,CUST0771,Mysuru,Karnataka,South,Grocery,Grocery - Sugar,Sugar,5,1609.18,0.2,6436.72,579.3,0.09,Debit Card,Supermarket,Premium Shopper
ORD01422,2023-03-26,CUST0624,Hyderabad,Telangana,South,Beverages,Beverages - Packaged Water,Packaged Water,6,1605.41,0.02,9439.81,1321.57,0.14,Debit Card,Supermarket,Budget Shopper
ORD00161,2023-03-26,CUST1027,Kolkata,West Bengal,East,Home Care,Home Care - Detergent,Detergent,2,2163.8,0.08,3981.39,637.02,0.16,Wallet,Hypermarket,Budget Shopper
ORD02267,2023-03-26,CUST0230,Mangaluru,Karnataka,South,Grocery,Grocery - Cooking Oil,Cooking Oil,5,1477.73,0.02,7240.88,651.68,0.09,Debit Card,Hypermarket,Budget Shopper
ORD03315,2023-03-26,CUST0324,Kolkata,West Bengal,East,Grocery,Grocery - Cooking Oil,Cooking Oil,7,1540.77,0.08,9922.56,893.03,0.09,Cash,Hypermarket,Regular Shopper
ORD01282,2023-03-26,CUST0669,Surat,Gujarat,West,Grocery,Grocery - Sugar,Sugar,5,716.6,0.02,3511.34,316.02,0.09,Cash,Hypermarket,Budget Shopper
ORD00477,2023-03-26,CUST0214,Bengaluru,Karnataka,South,Grocery,Grocery - Sugar,Sugar,5,1107.77,0.25,4154.14,373.87,0.09,UPI,Supermarket,Budget Shopper
ORD00687,2023-03-27,CUST0756,New Delhi,Delhi,North,Clothing,Clothing - Jeans,Jeans,2,1847.51,0.2,2956.02,739.01,0.25,Cash,Hypermarket,Regular Shopper
ORD03973,2023-03-27,CUST1144,Vadodara,Gujarat,West,Grocery,Grocery - Biscuits,Biscuits,6,1153.07,0.15,5880.66,529.26,0.09,UPI,Hypermarket,Regular Shopper
ORD04170,2023-03-27,CUST0232,Indore,Madhya Pradesh,West,Electronics,Electronics - Earphones,Earphones,1,2057.34,0.1,1851.61,333.29,0.18,Wallet,Supermarket,Regular Shopper
ORD00835,2023-03-27,CUST0302,New Delhi,Delhi,North,Beverages,Beverages - Tea,Tea,5,1270.73,0.1,5718.28,800.56,0.14,Debit Card,Hypermarket,Budget Shopper
ORD01462,2023-03-27,CUST1196,Udaipur,Rajasthan,West,Electronics,Electronics - Earphones,Earphones,2,1413.95,0.1,2545.11,458.12,0.18,UPI,Hypermarket,Budget Shopper
ORD00833,2023-03-28,CUST0303,Pune,Maharashtra,West,Beverages,Beverages - Tea,Tea,5,1279.57,0.15,5438.17,761.34,0.14,Wallet,Supermarket,Premium Shopper
ORD02550,2023-03-28,CUST0783,Kolkata,West Bengal,East,Personal Care,Personal Care - Shampoo,Shampoo,1,2033.13,0.1,1829.82,365.96,0.2,Debit Card,Supermarket,Regular Shopper
ORD01266,2023-03-28,CUST0112,Hyderabad,Telangana,South,Electronics,Electronics - Power Bank,Power Bank,5,503.68,0.05,2392.48,430.65,0.18,Credit Card,Supermarket,Premium Shopper
ORD00930,2023-03-28,CUST0783,Mysuru,Karnataka,South,Personal Care,Personal Care - Body Lotion,Body Lotion,6,660.47,0.0,3962.82,792.56,0.2,Credit Card,Supermarket,Regular Shopper
ORD04242,2023-03-28,CUST0353,Chennai,Tamil Nadu,South,Electronics,Electronics - Mixer,Mixer,6,390.14,0.08,2153.57,387.64,0.18,UPI,Supermarket,Budget Shopper
ORD01377,2023-03-29,CUST0450,Ahmedabad,Gujarat,West,Grocery,Grocery - Wheat Flour,Wheat Flour,1,386.45,0.1,347.8,31.3,0.09,Credit Card,Supermarket,Budget Shopper
ORD01614,2023-03-29,CUST1058,Jodhpur,Rajasthan,West,Personal Care,Personal Care - Face Wash,Face Wash,1,2257.86,0.08,2077.23,415.45,0.2,UPI,Supermarket,Premium Shopper
ORD03082,2023-03-29,CUST0591,New Delhi,Delhi,North,Personal Care,Personal Care - Shampoo,Shampoo,2,2117.1,0.15,3599.07,719.81,0.2,Wallet,Hypermarket,Premium Shopper
ORD02898,2023-03-29,CUST0848,Mangaluru,Karnataka,South,Home Care,Home Care - Dishwash,Dishwash,6,1974.3,0.15,10068.93,1611.03,0.16,UPI,Hypermarket,Budget Shopper
ORD03575,2023-03-29,CUST0691,Kolkata,West Bengal,East,Grocery,Grocery - Cooking Oil,Cooking Oil,1,362.86,0.25,272.14,24.49,0.09,Wallet,Hypermarket,Regular Shopper
ORD01715,2023-03-30,CUST1070,Bhopal,Madhya Pradesh,West,Beverages,Beverages - Soft Drink,Soft Drink,5,1002.93,0.08,4613.48,645.89,0.14,UPI,Supermarket,Budget Shopper
ORD02804,2023-03-30,CUST0189,Mysuru,Karnataka,South,Grocery,Grocery - Cooking Oil,Cooking Oil,7,1216.93,0.08,7837.03,705.33,0.09,UPI,Hypermarket,Regular Shopper
ORD02872,2023-03-30,CUST0285,Coimbatore,Tamil Nadu,South,Home Care,Home Care - Tissue,Tissue,2,1562.73,0.2,2500.37,400.06,0.16,Credit Card,Hypermarket,Premium Shopper
ORD04572,2023-03-30,CUST0859,Madurai,Tamil Nadu,South,Clothing,Clothing - T-Shirt,T-Shirt,2,2358.3,0.1,4244.94,1061.23,0.25,Cash,Hypermarket,Regular Shopper
ORD02650,2023-03-30,CUST0522,Bhopal,Madhya Pradesh,West,Clothing,Clothing - Jeans,Jeans,7,2479.78,0.08,15969.78,3992.44,0.25,Debit Card,Supermarket,Budget Shopper
ORD01352,2023-03-30,CUST0691,Jaipur,Rajasthan,West,Personal Care,Personal Care - Soap,Soap,2,59.3,0.05,112.67,22.53,0.2,Credit Card,Hypermarket,Regular Shopper
ORD02057,2023-03-30,CUST0043,Noida,Uttar Pradesh,North,Home Care,Home Care - Dishwash,Dishwash,2,2480.21,0.15,4216.36,674.62,0.16,UPI,Supermarket,Budget Shopper
ORD03894,2023-03-31,CUST0914,Pune,Maharashtra,West,Personal Care,Personal Care - Shampoo,Shampoo,4,781.92,0.05,2971.3,594.26,0.2,Wallet,Supermarket,Regular Shopper
ORD01966,2023-03-31,CUST0623,Kanpur,Uttar Pradesh,North,Electronics,Electronics - LED Bulb,LED Bulb,3,1843.82,0.1,4978.31,896.1,0.18,Cash,Supermarket,Budget Shopper
ORD00519,2023-03-31,CUST0583,Thane,Maharashtra,West,Beverages,Beverages - Juice,Juice,4,1507.31,0.08,5546.9,776.57,0.14,Cash,Hypermarket,Budget Shopper
ORD02024,2023-03-31,CUST0755,Jabalpur,Madhya Pradesh,West,Home Care,Home Care - Tissue,Tissue,2,1432.09,0.15,2434.55,389.53,0.16,Debit Card,Hypermarket,Regular Shopper
ORD00927,2023-03-31,CUST0111,Mangaluru,Karnataka,South,Personal Care,Personal Care - Toothpaste,Toothpaste,5,2074.81,0.08,9544.13,1908.83,0.2,Cash,Hypermarket,Regular Shopper
ORD03329,2023-04-02,CUST0829,Bhopal,Madhya Pradesh,West,Home Care,Home Care - Dishwash,Dishwash,1,952.89,0.15,809.96,129.59,0.16,Debit Card,Supermarket,Regular Shopper
ORD01111,2023-04-02,CUST0917,Bhopal,Madhya Pradesh,West,Clothing,Clothing - Kids Wear,Kids Wear,6,2427.68,0.08,13400.79,3350.2,0.25,Cash,Hypermarket,Regular Shopper
ORD01293,2023-04-02,CUST0509,Jodhpur,Rajasthan,West,Grocery,Grocery - Wheat Flour,Wheat Flour,5,1583.5,0.08,7284.1,655.57,0.09,Wallet,Supermarket,Regular Shopper
ORD02303,2023-04-02,CUST0293,Jabalpur,Madhya Pradesh,West,Home Care,Home Care - Dishwash,Dishwash,2,432.35,0.08,795.52,127.28,0.16,Cash,Hypermarket,Premium Shopper
ORD02123,2023-04-02,CUST0485,Udaipur,Rajasthan,West,Beverages,Beverages - Packaged Water,Packaged Water,7,594.31,0.0,4160.17,582.42,0.14,Credit Card,Hypermarket,Budget Shopper
ORD01791,2023-04-03,CUST0735,Udaipur,Rajasthan,West,Home Care,Home Care - Toilet Cleaner,Toilet Cleaner,6,2043.48,0.08,11280.01,1804.8,0.16,Cash,Supermarket,Regular Shopper
ORD02926,2023-04-03,CUST1156,Bengaluru,Karnataka,South,Beverages,Beverages - Tea,Tea,6,797.17,0.1,4304.72,602.66,0.14,Cash,Hypermarket,Premium Shopper
ORD03614,2023-04-03,CUST0296,Warangal,Telangana,South,Clothing,Clothing - Kids Wear,Kids Wear,6,2382.16,0.1,12863.66,3215.92,0.25,UPI,Hypermarket,Budget Shopper
ORD03795,2023-04-03,CUST1099,Bhopal,Madhya Pradesh,West,Grocery,Grocery - Cooking Oil,Cooking Oil,3,2347.57,0.05,6690.57,602.15,0.09,UPI,Supermarket,Premium Shopper
ORD04877,2023-04-03,CUST0257,Madurai,Tamil Nadu,South,Personal Care,Personal Care - Shampoo,Shampoo,1,1268.03,0.1,1141.23,228.25,0.2,Wallet,Hypermarket,Budget Shopper
ORD01090,2023-04-04,CUST0198,Indore,Madhya Pradesh,West,Personal Care,Personal Care - Toothpaste,Toothpaste,5,493.46,0.08,2269.92,453.98,0.2,Credit Card,Hypermarket,Regular Shopper
ORD01846,2023-04-04,CUST0962,Noida,Uttar Pradesh,North,Grocery,Grocery - Wheat Flour,Wheat Flour,5,64.04,0.08,294.58,26.51,0.09,UPI,Supermarket,Budget Shopper
ORD02583,2023-04-05,CUST1034,Surat,Gujarat,West,Clothing,Clothing - T-Shirt,T-Shirt,5,2493.86,0.05,11845.84,2961.46,0.25,Wallet,Hypermarket,Regular Shopper
ORD01312,2023-04-05,CUST0917,Mumbai,Maharashtra,West,Grocery,Grocery - Wheat Flour,Wheat Flour,3,1779.56,0.0,5338.68,480.48,0.09,UPI,Hypermarket,Regular Shopper
ORD03474,2023-04-05,CUST1111,Rajkot,Gujarat,West,Grocery,Grocery - Wheat Flour,Wheat Flour,2,1311.26,0.08,2412.72,217.14,0.09,Cash,Supermarket,Regular Shopper
ORD04193,2023-04-06,CUST0077,Kolkata,West Bengal,East,Home Care,Home Care - Detergent,Detergent,1,226.36,0.08,208.25,33.32,0.16,Wallet,Supermarket,Regular Shopper
ORD00224,2023-04-07,CUST1068,Kolkata,West Bengal,East,Personal Care,Personal Care - Soap,Soap,3,1001.19,0.02,2943.5,588.7,0.2,Cash,Hypermarket,Regular Shopper
ORD04208,2023-04-07,CUST0682,Hyderabad,Telangana,South,Clothing,Clothing - Socks,Socks,1,989.47,0.05,940.0,235.0,0.25,Debit Card,Hypermarket,Budget Shopper
ORD00323,2023-04-07,CUST0902,Madurai,Tamil Nadu,South,Grocery,Grocery - Sugar,Sugar,4,1099.13,0.08,4044.8,364.03,0.09,Debit Card,Hypermarket,Budget Shopper
ORD01985,2023-04-07,CUST0705,Bengaluru,Karnataka,South,Home Care,Home Care - Floor Cleaner,Floor Cleaner,6,1409.4,0.1,7610.76,1217.72,0.16,Debit Card,Supermarket,Premium Shopper
ORD03696,2023-04-08,CUST1133,Coimbatore,Tamil Nadu,South,Beverages,Beverages - Coffee,Coffee,1,2492.27,0.0,2492.27,348.92,0.14,Debit Card,Supermarket,Premium Shopper
ORD03406,2023-04-08,CUST0068,Mysuru,Karnataka,South,Clothing,Clothing - Kids Wear,Kids Wear,1,1220.6,0.2,976.48,244.12,0.25,UPI,Hypermarket,Regular Shopper
ORD02807,2023-04-08,CUST0755,Udaipur,Rajasthan,West,Grocery,Grocery - Rice,Rice,4,1210.22,0.2,3872.7,348.54,0.09,Debit Card,Supermarket,Regular Shopper
ORD03509,2023-04-08,CUST0516,Lucknow,Uttar Pradesh,North,Beverages,Beverages - Tea,Tea,6,1210.97,0.02,7120.5,996.87,0.14,Credit Card,Hypermarket,Regular Shopper
ORD03211,2023-04-08,CUST0847,Warangal,Telangana,South,Home Care,Home Care - Tissue,Tissue,6,2259.26,0.1,12200.0,1952.0,0.16,Credit Card,Hypermarket,Regular Shopper
ORD04914,2023-04-08,CUST0132,Jodhpur,Rajasthan,West,Home Care,Home Care - Dishwash,Dishwash,7,691.12,0.08,4450.81,712.13,0.16,Wallet,Supermarket,Budget Shopper
ORD02723,2023-04-09,CUST0193,Rajkot,Gujarat,West,Grocery,Grocery - Rice,Rice,3,343.45,0.08,947.92,85.31,0.09,Wallet,Supermarket,Budget Shopper
ORD00728,2023-04-09,CUST0992,Ahmedabad,Gujarat,West,Personal Care,Personal Care - Face Wash,Face Wash,7,1357.12,0.15,8074.86,1614.97,0.2,UPI,Supermarket,Regular Shopper
ORD04535,2023-04-09,CUST0614,Noida,Uttar Pradesh,North,Grocery,Grocery - Rice,Rice,7,1551.66,0.0,10861.62,977.55,0.09,Cash,Supermarket,Budget Shopper
ORD01969,2023-04-09,CUST0928,Nashik,Maharashtra,West,Clothing,Clothing - Kids Wear,Kids Wear,3,795.82,0.05,2268.09,567.02,0.25,Cash,Supermarket,Premium Shopper
ORD02534,2023-04-09,CUST0223,Thane,Maharashtra,West,Grocery,Grocery - Cooking Oil,Cooking Oil,7,577.68,0.1,3639.38,327.54,0.09,Wallet,Supermarket,Regular Shopper
ORD03388,2023-04-09,CUST0867,Pune,Maharashtra,West,Clothing,Clothing - T-Shirt,T-Shirt,7,128.25,0.25,673.31,168.33,0.25,Debit Card,Supermarket,Budget Shopper
ORD04589,2023-04-09,CUST0798,Kolkata,West Bengal,East,Personal Care,Personal Care - Toothpaste,Toothpaste,1,1165.04,0.05,1106.79,221.36,0.2,Debit Card,Supermarket,Premium Shopper
ORD02420,2023-04-09,CUST0618,Chennai,Tamil Nadu,South,Grocery,Grocery - Cooking Oil,Cooking Oil,7,1640.23,0.15,9759.37,878.34,0.09,Debit Card,Hypermarket,Premium Shopper
ORD01446,2023-04-10,CUST0423,Kolkata,West Bengal,East,Grocery,Grocery - Wheat Flour,Wheat Flour,4,340.74,0.05,1294.81,116.53,0.09,Cash,Hypermarket,Budget Shopper
ORD04176,2023-04-10,CUST1175,Vadodara,Gujarat,West,Home Care,Home Care - Detergent,Detergent,3,1846.01,0.02,5427.27,868.36,0.16,UPI,Hypermarket,Regular Shopper
ORD03236,2023-04-10,CUST0526,Indore,Madhya Pradesh,West,Grocery,Grocery - Rice,Rice,7,1788.24,0.08,11516.27,1036.46,0.09,Credit Card,Supermarket,Regular Shopper
ORD02935,2023-04-11,CUST0232,Vadodara,Gujarat,West,Electronics,Electronics - LED Bulb,LED Bulb,3,575.16,0.05,1639.21,295.06,0.18,Cash,Supermarket,Regular Shopper
ORD02254,2023-04-11,CUST1130,Mumbai,Maharashtra,West,Grocery,Grocery - Cooking Oil,Cooking Oil,1,2350.52,0.05,2232.99,200.97,0.09,Debit Card,Hypermarket,Budget Shopper
ORD04166,2023-04-11,CUST0985,Kolkata,West Bengal,East,Electronics,Electronics - LED Bulb,LED Bulb,5,1311.1,0.2,5244.4,943.99,0.18,Wallet,Hypermarket,Premium Shopper
ORD02695,2023-04-12,CUST0370,Warangal,Telangana,South,Personal Care,Personal Care - Body Lotion,Body Lotion,1,1739.97,0.08,1600.77,320.15,0.2,Wallet,Supermarket,Budget Shopper
ORD04204,2023-04-12,CUST0025,Mangaluru,Karnataka,South,Grocery,Grocery - Cooking Oil,Cooking Oil,6,1611.43,0.1,8701.72,783.15,0.09,Credit Card,Hypermarket,Regular Shopper
ORD03956,2023-04-12,CUST0376,Chennai,Tamil Nadu,South,Electronics,Electronics - Power Bank,Power Bank,4,1919.74,0.15,6527.12,1174.88,0.18,Wallet,Supermarket,Regular Shopper
ORD02564,2023-04-12,CUST0434,Bhopal,Madhya Pradesh,West,Grocery,Grocery - Biscuits,Biscuits,7,969.55,0.02,6651.11,598.6,0.09,Credit Card,Supermarket,Regular Shopper
ORD03169,2023-04-12,CUST0139,New Delhi,Delhi,North,Home Care,Home Care - Floor Cleaner,Floor Cleaner,6,2111.75,0.15,10769.92,1723.19,0.16,Cash,Supermarket,Regular Shopper
ORD01383,2023-04-12,CUST0921,Indore,Madhya Pradesh,West,Home Care,Home Care - Detergent,Detergent,4,548.21,0.05,2083.2,333.31,0.16,Wallet,Supermarket,Budget Shopper
ORD03676,2023-04-13,CUST0250,Coimbatore,Tamil Nadu,South,Grocery,Grocery - Cooking Oil,Cooking Oil,4,1465.64,0.08,5393.56,485.42,0.09,Cash,Supermarket,Budget Shopper
ORD04276,2023-04-13,CUST0256,Hyderabad,Telangana,South,Grocery,Grocery - Wheat Flour,Wheat Flour,6,79.31,0.02,466.34,41.97,0.09,Wallet,Hypermarket,Premium Shopper
ORD01236,2023-04-13,CUST0369,Nashik,Maharashtra,West,Personal Care,Personal Care - Body Lotion,Body Lotion,7,483.51,0.15,2876.88,575.38,0.2,Cash,Supermarket,Regular Shopper
ORD01698,2023-04-13,CUST0194,Kolkata,West Bengal,East,Personal Care,Personal Care - Shampoo,Shampoo,7,660.64,0.05,4393.26,878.65,0.2,Debit Card,Supermarket,Premium Shopper
ORD00416,2023-04-13,CUST0371,New Delhi,Delhi,North,Grocery,Grocery - Sugar,Sugar,1,1603.12,0.05,1522.96,137.07,0.09,Credit Card,Supermarket,Regular Shopper
ORD00948,2023-04-13,CUST0365,New Delhi,Delhi,North,Home Care,Home Care - Dishwash,Dishwash,5,799.61,0.1,3598.25,575.72,0.16,Wallet,Hypermarket,Budget Shopper
ORD01186,2023-04-14,CUST0023,Madurai,Tamil Nadu,South,Personal Care,Personal Care - Face Wash,Face Wash,7,1734.02,0.15,10317.42,2063.48,0.2,Wallet,Supermarket,Budget Shopper
ORD04160,2023-04-14,CUST0158,Jabalpur,Madhya Pradesh,West,Home Care,Home Care - Floor Cleaner,Floor Cleaner,6,2133.43,0.1,11520.52,1843.28,0.16,Credit Card,Supermarket,Budget Shopper
ORD00826,2023-04-14,CUST0782,Thane,Maharashtra,West,Home Care,Home Care - Floor Cleaner,Floor Cleaner,4,160.94,0.05,611.57,97.85,0.16,Cash,Supermarket,Regular Shopper
ORD00364,2023-04-14,CUST0455,New Delhi,Delhi,North,Grocery,Grocery - Biscuits,Biscuits,2,1680.26,0.15,2856.44,257.08,0.09,Debit Card,Hypermarket,Regular Shopper
ORD03257,2023-04-15,CUST0291,Jodhpur,Rajasthan,West,Grocery,Grocery - Biscuits,Biscuits,5,1375.49,0.05,6533.58,588.02,0.09,Cash,Supermarket,Regular Shopper
ORD04642,2023-04-15,CUST0833,Mysuru,Karnataka,South,Home Care,Home Care - Tissue,Tissue,3,716.88,0.05,2043.11,326.9,0.16,Debit Card,Supermarket,Budget Shopper
ORD04550,2023-04-15,CUST0737,Kanpur,Uttar Pradesh,North,Grocery,Grocery - Rice,Rice,5,1037.22,0.1,4667.49,420.07,0.09,Wallet,Hypermarket,Budget Shopper
ORD03971,2023-04-16,CUST0666,Bhopal,Madhya Pradesh,West,Personal Care,Personal Care - Soap,Soap,2,2204.69,0.25,3307.04,661.41,0.2,Debit Card,Hypermarket,Regular Shopper
ORD04686,2023-04-16,CUST0931,Chennai,Tamil Nadu,South,Clothing,Clothing - Jeans,Jeans,1,1008.14,0.05,957.73,239.43,0.25,UPI,Hypermarket,Budget Shopper
ORD03172,2023-04-16,CUST0449,Kanpur,Uttar Pradesh,North,Personal Care,Personal Care - Shampoo,Shampoo,4,2016.64,0.0,8066.56,1613.31,0.2,Credit Card,Hypermarket,Regular Shopper
ORD00623,2023-04-16,CUST0058,Rajkot,Gujarat,West,Personal Care,Personal Care - Body Lotion,Body Lotion,3,1783.12,0.08,4921.41,984.28,0.2,Credit Card,Hypermarket,Regular Shopper
ORD00630,2023-04-16,CUST0678,Pune,Maharashtra,West,Electronics,Electronics - LED Bulb,LED Bulb,3,1808.0,0.1,4881.6,878.69,0.18,Cash,Supermarket,Budget Shopper
ORD02801,2023-04-16,CUST0367,Vadodara,Gujarat,West,Grocery,Grocery - Wheat Flour,Wheat Flour,4,1768.15,0.15,6011.71,541.05,0.09,Cash,Supermarket,Regular Shopper
ORD03399,2023-04-16,CUST0369,Lucknow,Uttar Pradesh,North,Grocery,Grocery - Rice,Rice,5,231.23,0.2,924.92,83.24,0.09,Cash,Hypermarket,Budget Shopper
ORD01170,2023-04-16,CUST0752,Jodhpur,Rajasthan,West,Electronics,Electronics - Mixer,Mixer,5,1222.62,0.1,5501.79,990.32,0.18,UPI,Hypermarket,Premium Shopper
ORD02527,2023-04-17,CUST0565,Lucknow,Uttar Pradesh,North,Personal Care,Personal Care - Body Lotion,Body Lotion,7,1489.98,0.25,7822.4,1564.48,0.2,Cash,Hypermarket,Budget Shopper
ORD01550,2023-04-17,CUST1061,Vadodara,Gujarat,West,Beverages,Beverages - Tea,Tea,1,2283.02,0.15,1940.57,271.68,0.14,Wallet,Supermarket,Budget Shopper
ORD02112,2023-04-17,CUST0615,Warangal,Telangana,South,Grocery,Grocery - Sugar,Sugar,1,1839.68,0.08,1692.51,152.33,0.09,Wallet,Supermarket,Regular Shopper
ORD01949,2023-04-17,CUST0870,Bengaluru,Karnataka,South,Grocery,Grocery - Sugar,Sugar,4,945.45,0.08,3479.26,313.13,0.09,Cash,Hypermarket,Budget Shopper
ORD03423,2023-04-17,CUST1072,Nagpur,Maharashtra,West,Beverages,Beverages - Coffee,Coffee,3,1079.18,0.25,2428.15,339.94,0.14,Wallet,Supermarket,Premium Shopper
ORD03010,2023-04-17,CUST0913,Jabalpur,Madhya Pradesh,West,Beverages,Beverages - Packaged Water,Packaged Water,2,2482.92,0.1,4469.26,625.7,0.14,UPI,Hypermarket,Regular Shopper
ORD01766,2023-04-18,CUST0218,Bengaluru,Karnataka,South,Beverages,Beverages - Tea,Tea,3,1983.18,0.05,5652.06,791.29,0.14,Cash,Supermarket,Budget Shopper
ORD04659,2023-04-18,CUST0655,Udaipur,Rajasthan,West,Grocery,Grocery - Rice,Rice,7,1910.3,0.0,13372.1,1203.49,0.09,Debit Card,Supermarket,Budget Shopper
ORD04578,2023-04-18,CUST0071,Indore,Madhya Pradesh,West,Grocery,Grocery - Cooking Oil,Cooking Oil,5,2139.68,0.08,9842.53,885.83,0.09,UPI,Hypermarket,Regular Shopper
ORD02958,2023-04-18,CUST0364,Kanpur,Uttar Pradesh,North,Personal Care,Personal Care - Body Lotion,Body Lotion,7,144.44,0.2,808.86,161.77,0.2,UPI,Supermarket,Budget Shopper
ORD00460,2023-04-18,CUST1090,Warangal,Telangana,South,Grocery,Grocery - Cooking Oil,Cooking Oil,4,2292.84,0.15,7795.66,701.61,0.09,Wallet,Hypermarket,Premium Shopper
ORD02917,2023-04-19,CUST0175,Kanpur,Uttar Pradesh,North,Grocery,Grocery - Sugar,Sugar,6,1172.05,0.15,5977.45,537.97,0.09,UPI,Supermarket,Regular Shopper
ORD00571,2023-04-19,CUST0684,Indore,Madhya Pradesh,West,Grocery,Grocery - Sugar,Sugar,7,2179.42,0.1,13730.35,1235.73,0.09,Debit Card,Hypermarket,Regular Shopper
ORD02907,2023-04-19,CUST0294,Noida,Uttar Pradesh,North,Grocery,Grocery - Biscuits,Biscuits,6,1054.69,0.15,5378.92,484.1,0.09,Wallet,Hypermarket,Regular Shopper
ORD04673,2023-04-19,CUST0907,Hyderabad,Telangana,South,Personal Care,Personal Care - Face Wash,Face Wash,2,546.08,0.0,1092.16,218.43,0.2,UPI,Supermarket,Budget Shopper
ORD04271,2023-04-20,CUST1030,New Delhi,Delhi,North,Personal Care,Personal Care - Toothpaste,Toothpaste,3,1400.72,0.02,4118.12,823.62,0.2,Cash,Supermarket,Budget Shopper
ORD04709,2023-04-20,CUST0504,Lucknow,Uttar Pradesh,North,Personal Care,Personal Care - Shampoo,Shampoo,4,1866.82,0.02,7317.93,1463.59,0.2,UPI,Hypermarket,Regular Shopper
ORD03681,2023-04-20,CUST0306,Bhopal,Madhya Pradesh,West,Personal Care,Personal Care - Toothpaste,Toothpaste,5,2208.21,0.08,10157.77,2031.55,0.2,Wallet,Supermarket,Budget Shopper
ORD02340,2023-04-20,CUST0625,Madurai,Tamil Nadu,South,Personal Care,Personal Care - Body Lotion,Body Lotion,4,2407.46,0.15,8185.36,1637.07,0.2,Debit Card,Supermarket,Budget Shopper
ORD02491,2023-04-20,CUST1048,Kolkata,West Bengal,East,Grocery,Grocery - Wheat Flour,Wheat Flour,2,1536.01,0.05,2918.42,262.66,0.09,Debit Card,Supermarket,Regular Shopper
ORD03667,2023-04-20,CUST1139,Noida,Uttar Pradesh,North,Grocery,Grocery - Rice,Rice,1,1066.4,0.08,981.09,88.3,0.09,Credit Card,Supermarket,Budget Shopper
ORD01679,2023-04-20,CUST1177,Lucknow,Uttar Pradesh,North,Beverages,Beverages - Tea,Tea,5,2290.45,0.0,11452.25,1603.32,0.14,Debit Card,Hypermarket,Budget Shopper
ORD00926,2023-04-21,CUST0246,Kolkata,West Bengal,East,Beverages,Beverages - Tea,Tea,5,630.61,0.0,3153.05,441.43,0.14,Wallet,Supermarket,Regular Shopper
ORD00275,2023-04-21,CUST0184,Bhopal,Madhya Pradesh,West,Grocery,Grocery - Biscuits,Biscuits,2,559.34,0.05,1062.75,95.65,0.09,Debit Card,Supermarket,Budget Shopper
ORD04119,2023-04-21,CUST0524,Indore,Madhya Pradesh,West,Electronics,Electronics - Power Bank,Power Bank,3,724.29,0.15,1846.94,332.45,0.18,UPI,Supermarket,Regular Shopper
ORD03519,2023-04-21,CUST0992,Hyderabad,Telangana,South,Home Care,Home Care - Dishwash,Dishwash,1,2427.68,0.02,2379.13,380.66,0.16,Wallet,Supermarket,Regular Shopper
ORD02950,2023-04-21,CUST0319,Hyderabad,Telangana,South,Personal Care,Personal Care - Body Lotion,Body Lotion,7,736.16,0.1,4637.81,927.56,0.2,UPI,Supermarket,Budget Shopper
ORD01694,2023-04-21,CUST0301,Noida,Uttar Pradesh,North,Grocery,Grocery - Sugar,Sugar,4,1674.08,0.08,6160.61,554.45,0.09,Credit Card,Supermarket,Premium Shopper
ORD02055,2023-04-21,CUST0291,Bengaluru,Karnataka,South,Personal Care,Personal Care - Face Wash,Face Wash,5,1887.64,0.15,8022.47,1604.49,0.2,Cash,Supermarket,Budget Shopper
ORD01195,2023-04-22,CUST1075,Bhopal,Madhya Pradesh,West,Personal Care,Personal Care - Shampoo,Shampoo,2,1579.8,0.15,2685.66,537.13,0.2,Cash,Supermarket,Regular Shopper
ORD04098,2023-04-22,CUST0640,Bhopal,Madhya Pradesh,West,Personal Care,Personal Care - Shampoo,Shampoo,6,1846.16,0.1,9969.26,1993.85,0.2,Wallet,Hypermarket,Premium Shopper
ORD01542,2023-04-22,CUST1075,Lucknow,Uttar Pradesh,North,Grocery,Grocery - Biscuits,Biscuits,2,1845.9,0.15,3138.03,282.42,0.09,Debit Card,Supermarket,Regular Shopper
ORD01390,2023-04-22,CUST0278,Mysuru,Karnataka,South,Grocery,Grocery - Wheat Flour,Wheat Flour,1,2056.01,0.02,2014.89,181.34,0.09,UPI,Hypermarket,Budget Shopper
ORD00511,2023-04-22,CUST1182,Bengaluru,Karnataka,South,Personal Care,Personal Care - Shampoo,Shampoo,2,1783.89,0.05,3389.39,677.88,0.2,UPI,Hypermarket,Regular Shopper
ORD04333,2023-04-22,CUST0652,Udaipur,Rajasthan,West,Home Care,Home Care - Dishwash,Dishwash,1,1680.46,0.05,1596.44,255.43,0.16,Credit Card,Hypermarket,Budget Shopper
ORD00221,2023-04-22,CUST0022,Bhopal,Madhya Pradesh,West,Personal Care,Personal Care - Body Lotion,Body Lotion,2,571.58,0.08,1051.71,210.34,0.2,Debit Card,Hypermarket,Regular Shopper
ORD00548,2023-04-22,CUST0057,New Delhi,Delhi,North,Beverages,Beverages - Soft Drink,Soft Drink,6,1541.49,0.0,9248.94,1294.85,0.14,Debit Card,Hypermarket,Budget Shopper
ORD04284,2023-04-23,CUST0221,Vadodara,Gujarat,West,Electronics,Electronics - LED Bulb,LED Bulb,2,1201.97,0.25,1802.96,324.53,0.18,UPI,Hypermarket,Regular Shopper
ORD00804,2023-04-23,CUST0965,Rajkot,Gujarat,West,Grocery,Grocery - Rice,Rice,7,563.61,0.08,3629.65,326.67,0.09,Credit Card,Hypermarket,Budget Shopper
ORD03119,2023-04-23,CUST0058,Kolkata,West Bengal,East,Personal Care,Personal Care - Soap,Soap,4,1065.4,0.05,4048.52,809.7,0.2,Cash,Hypermarket,Regular Shopper
ORD02894,2023-04-23,CUST1003,Coimbatore,Tamil Nadu,South,Grocery,Grocery - Wheat Flour,Wheat Flour,7,726.77,0.15,4324.28,389.19,0.09,Wallet,Hypermarket,Regular Shopper
ORD00199,2023-04-23,CUST0686,Bhopal,Madhya Pradesh,West,Electronics,Electronics - Mixer,Mixer,3,1628.69,0.1,4397.46,791.54,0.18,UPI,Supermarket,Premium Shopper
ORD00952,2023-04-24,CUST0687,Vadodara,Gujarat,West,Home Care,Home Care - Toilet Cleaner,Toilet Cleaner,3,50.72,0.1,136.94,21.91,0.16,Debit Card,Hypermarket,Regular Shopper
ORD02231,2023-04-24,CUST0812,New Delhi,Delhi,North,Clothing,Clothing - Jeans,Jeans,4,1910.94,0.08,7032.26,1758.07,0.25,UPI,Supermarket,Budget Shopper
ORD01561,2023-04-24,CUST1158,Indore,Madhya Pradesh,West,Grocery,Grocery - Wheat Flour,Wheat Flour,3,2125.21,0.25,4781.72,430.35,0.09,Credit Card,Hypermarket,Regular Shopper
ORD01761,2023-04-24,CUST0847,Nashik,Maharashtra,West,Beverages,Beverages - Packaged Water,Packaged Water,4,2022.59,0.1,7281.32,1019.38,0.14,Wallet,Hypermarket,Premium Shopper
ORD02270,2023-04-25,CUST0304,Chennai,Tamil Nadu,South,Home Care,Home Care - Dishwash,Dishwash,7,185.52,0.15,1103.84,176.61,0.16,Credit Card,Supermarket,Budget Shopper
ORD04650,2023-04-25,CUST0831,Kolkata,West Bengal,East,Beverages,Beverages - Tea,Tea,1,1174.56,0.15,998.38,139.77,0.14,Wallet,Hypermarket,Premium Shopper
ORD03457,2023-04-25,CUST0258,Kolkata,West Bengal,East,Clothing,Clothing - Socks,Socks,1,1363.64,0.25,1022.73,255.68,0.25,Wallet,Hypermarket,Regular Shopper
ORD03707,2023-04-26,CUST0164,Bengaluru,Karnataka,South,Personal Care,Personal Care - Face Wash,Face Wash,2,2311.11,0.15,3928.89,785.78,0.2,Cash,Hypermarket,Premium Shopper
ORD02377,2023-04-26,CUST0717,Jodhpur,Rajasthan,West,Home Care,Home Care - Tissue,Tissue,4,1865.76,0.1,6716.74,1074.68,0.16,Debit Card,Hypermarket,Premium Shopper
ORD00896,2023-04-26,CUST0683,Jabalpur,Madhya Pradesh,West,Grocery,Grocery - Biscuits,Biscuits,1,2137.0,0.05,2030.15,182.71,0.09,Debit Card,Hypermarket,Premium Shopper
ORD04816,2023-04-26,CUST0436,Kanpur,Uttar Pradesh,North,Grocery,Grocery - Rice,Rice,5,2030.98,0.05,9647.15,868.24,0.09,Credit Card,Supermarket,Budget Shopper
ORD02638,2023-04-28,CUST0781,New Delhi,Delhi,North,Clothing,Clothing - Shirt,Shirt,4,736.79,0.1,2652.44,663.11,0.25,Credit Card,Hypermarket,Regular Shopper
ORD03263,2023-04-28,CUST0427,Kolkata,West Bengal,East,Electronics,Electronics - LED Bulb,LED Bulb,4,1883.67,0.15,6404.48,1152.81,0.18,UPI,Supermarket,Budget Shopper
ORD04516,2023-04-28,CUST0358,Hyderabad,Telangana,South,Home Care,Home Care - Detergent,Detergent,3,2007.54,0.2,4818.1,770.9,0.16,Cash,Supermarket,Budget Shopper
ORD01623,2023-04-28,CUST1077,Mumbai,Maharashtra,West,Home Care,Home Care - Tissue,Tissue,6,1716.26,0.08,9473.76,1515.8,0.16,Wallet,Supermarket,Regular Shopper
ORD03584,2023-04-28,CUST0349,Kanpur,Uttar Pradesh,North,Home Care,Home Care - Toilet Cleaner,Toilet Cleaner,7,1141.61,0.08,7351.97,1176.32,0.16,Debit Card,Hypermarket,Budget Shopper
ORD03267,2023-04-28,CUST0423,Hyderabad,Telangana,South,Grocery,Grocery - Cooking Oil,Cooking Oil,6,199.34,0.2,956.83,86.11,0.09,UPI,Supermarket,Regular Shopper
ORD01799,2023-04-28,CUST0937,Jodhpur,Rajasthan,West,Beverages,Beverages - Coffee,Coffee,3,1370.29,0.0,4110.87,575.52,0.14,Cash,Supermarket,Regular Shopper
ORD00986,2023-04-28,CUST0873,Bengaluru,Karnataka,South,Grocery,Grocery - Rice,Rice,2,485.74,0.08,893.76,80.44,0.09,Debit Card,Hypermarket,Budget Shopper
ORD00473,2023-04-28,CUST0148,Kolkata,West Bengal,East,Personal Care,Personal Care - Body Lotion,Body Lotion,2,1559.12,0.1,2806.42,561.28,0.2,Wallet,Supermarket,Budget Shopper
ORD04613,2023-04-29,CUST1143,Bhopal,Madhya Pradesh,West,Home Care,Home Care - Detergent,Detergent,3,1165.76,0.1,3147.55,503.61,0.16,Cash,Supermarket,Premium Shopper
ORD03120,2023-04-29,CUST0027,Pune,Maharashtra,West,Grocery,Grocery - Rice,Rice,3,1679.39,0.08,4635.12,417.16,0.09,Credit Card,Hypermarket,Budget Shopper
ORD01998,2023-04-29,CUST0019,Jaipur,Rajasthan,West,Home Care,Home Care - Detergent,Detergent,5,265.22,0.15,1127.19,180.35,0.16,Wallet,Supermarket,Budget Shopper
ORD01338,2023-04-29,CUST0799,Madurai,Tamil Nadu,South,Electronics,Electronics - Mixer,Mixer,7,42.96,0.05,285.68,51.42,0.18,UPI,Supermarket,Premium Shopper
ORD02671,2023-04-30,CUST0197,New Delhi,Delhi,North,Beverages,Beverages - Packaged Water,Packaged Water,2,1607.72,0.05,3054.67,427.65,0.14,Credit Card,Supermarket,Regular Shopper
ORD02617,2023-04-30,CUST0913,Nashik,Maharashtra,West,Electronics,Electronics - Extension Board,Extension Board,1,2165.12,0.1,1948.61,350.75,0.18,Credit Card,Hypermarket,Budget Shopper
ORD04367,2023-04-30,CUST0996,New Delhi,Delhi,North,Personal Care,Personal Care - Toothpaste,Toothpaste,1,1170.88,0.05,1112.34,222.47,0.2,Credit Card,Supermarket,Regular Shopper
ORD00424,2023-05-01,CUST0844,Jaipur,Rajasthan,West,Grocery,Grocery - Wheat Flour,Wheat Flour,6,1072.28,0.05,6112.0,550.08,0.09,UPI,Hypermarket,Budget Shopper
ORD01220,2023-05-01,CUST0552,Mangaluru,Karnataka,South,Beverages,Beverages - Packaged Water,Packaged Water,2,2427.56,0.15,4126.85,577.76,0.14,Debit Card,Supermarket,Regular Shopper
ORD03321,2023-05-01,CUST0423,Mangaluru,Karnataka,South,Clothing,Clothing - Kids Wear,Kids Wear,6,2094.11,0.15,10679.96,2669.99,0.25,Wallet,Hypermarket,Premium Shopper
ORD04155,2023-05-01,CUST0461,New Delhi,Delhi,North,Home Care,Home Care - Toilet Cleaner,Toilet Cleaner,1,1613.76,0.05,1533.07,245.29,0.16,Wallet,Hypermarket,Regular Shopper
ORD00966,2023-05-01,CUST0369,Coimbatore,Tamil Nadu,South,Personal Care,Personal Care - Body Lotion,Body Lotion,6,2136.28,0.05,12176.8,2435.36,0.2,UPI,Hypermarket,Regular Shopper
ORD03293,2023-05-01,CUST0264,Jaipur,Rajasthan,West,Home Care,Home Care - Floor Cleaner,Floor Cleaner,3,1238.14,0.08,3417.27,546.76,0.16,Cash,Hypermarket,Regular Shopper
ORD04973,2023-05-01,CUST0360,Madurai,Tamil Nadu,South,Personal Care,Personal Care - Face Wash,Face Wash,6,117.32,0.05,668.72,133.74,0.2,Cash,Supermarket,Regular Shopper
ORD01171,2023-05-02,CUST0419,Pune,Maharashtra,West,Home Care,Home Care - Dishwash,Dishwash,3,587.4,0.05,1674.09,267.85,0.16,Cash,Supermarket,Budget Shopper
ORD01307,2023-05-02,CUST0562,New Delhi,Delhi,North,Home Care,Home Care - Tissue,Tissue,1,1718.9,0.08,1581.39,253.02,0.16,UPI,Supermarket,Budget Shopper
ORD01778,2023-05-02,CUST0981,Madurai,Tamil Nadu,South,Personal Care,Personal Care - Toothpaste,Toothpaste,7,182.11,0.1,1147.29,229.46,0.2,Debit Card,Hypermarket,Budget Shopper
ORD03079,2023-05-02,CUST1193,Mysuru,Karnataka,South,Personal Care,Personal Care - Soap,Soap,7,733.6,0.1,4621.68,924.34,0.2,Cash,Hypermarket,Regular Shopper
ORD01692,2023-05-03,CUST0698,New Delhi,Delhi,North,Personal Care,Personal Care - Shampoo,Shampoo,5,1739.49,0.05,8262.58,1652.52,0.2,Debit Card,Supermarket,Premium Shopper
ORD02161,2023-05-03,CUST0801,Surat,Gujarat,West,Clothing,Clothing - Jeans,Jeans,3,2384.55,0.08,6581.36,1645.34,0.25,Debit Card,Supermarket,Premium Shopper
ORD02928,2023-05-03,CUST0376,Nashik,Maharashtra,West,Clothing,Clothing - Kids Wear,Kids Wear,1,144.83,0.15,123.11,30.78,0.25,Credit Card,Supermarket,Regular Shopper
ORD03892,2023-05-03,CUST0447,Surat,Gujarat,West,Personal Care,Personal Care - Soap,Soap,6,1791.42,0.02,10533.55,2106.71,0.2,Wallet,Supermarket,Budget Shopper
ORD03430,2023-05-04,CUST0209,Pune,Maharashtra,West,Grocery,Grocery - Cooking Oil,Cooking Oil,1,2389.11,0.25,1791.83,161.26,0.09,Cash,Hypermarket,Regular Shopper
ORD04096,2023-05-04,CUST0930,Warangal,Telangana,South,Home Care,Home Care - Tissue,Tissue,3,986.07,0.08,2721.55,435.45,0.16,UPI,Hypermarket,Budget Shopper
ORD03585,2023-05-04,CUST0883,New Delhi,Delhi,North,Electronics,Electronics - Earphones,Earphones,3,1294.13,0.05,3688.27,663.89,0.18,Wallet,Supermarket,Budget Shopper
ORD00261,2023-05-04,CUST0170,Kolkata,West Bengal,East,Electronics,Electronics - Extension Board,Extension Board,7,812.36,0.08,5231.6,941.69,0.18,Credit Card,Supermarket,Regular Shopper
ORD04786,2023-05-04,CUST0836,Noida,Uttar Pradesh,North,Home Care,Home Care - Tissue,Tissue,1,267.76,0.02,262.4,41.98,0.16,UPI,Supermarket,Regular Shopper
ORD04248,2023-05-04,CUST0557,Jodhpur,Rajasthan,West,Grocery,Grocery - Sugar,Sugar,6,518.57,0.1,2800.28,252.03,0.09,Debit Card,Supermarket,Budget Shopper
ORD00913,2023-05-05,CUST0408,Indore,Madhya Pradesh,West,Grocery,Grocery - Sugar,Sugar,3,2310.41,0.1,6238.11,561.43,0.09,Credit Card,Hypermarket,Budget Shopper
ORD03473,2023-05-05,CUST1122,Hyderabad,Telangana,South,Electronics,Electronics - LED Bulb,LED Bulb,6,1819.85,0.0,10919.1,1965.44,0.18,UPI,Supermarket,Budget Shopper
ORD02361,2023-05-05,CUST0498,Noida,Uttar Pradesh,North,Personal Care,Personal Care - Soap,Soap,3,843.07,0.02,2478.63,495.73,0.2,Debit Card,Supermarket,Budget Shopper
ORD03117,2023-05-05,CUST0397,New Delhi,Delhi,North,Grocery,Grocery - Cooking Oil,Cooking Oil,7,2332.99,0.1,14697.84,1322.81,0.09,UPI,Hypermarket,Budget Shopper
ORD02274,2023-05-05,CUST1036,Bengaluru,Karnataka,South,Personal Care,Personal Care - Toothpaste,Toothpaste,5,1792.85,0.02,8784.96,1756.99,0.2,Cash,Hypermarket,Regular Shopper
ORD01867,2023-05-06,CUST0544,Warangal,Telangana,South,Beverages,Beverages - Tea,Tea,1,2394.8,0.1,2155.32,301.74,0.14,Credit Card,Supermarket,Budget Shopper
ORD00048,2023-05-06,CUST0039,Jabalpur,Madhya Pradesh,West,Personal Care,Personal Care - Soap,Soap,5,1251.86,0.08,5758.56,1151.71,0.2,Credit Card,Supermarket,Budget Shopper
ORD00792,2023-05-06,CUST0688,Nagpur,Maharashtra,West,Beverages,Beverages - Packaged Water,Packaged Water,6,1489.64,0.05,8490.95,1188.73,0.14,Debit Card,Supermarket,Budget Shopper
ORD04017,2023-05-06,CUST0818,Jaipur,Rajasthan,West,Home Care,Home Care - Toilet Cleaner,Toilet Cleaner,7,1283.76,0.15,7638.37,1222.14,0.16,Debit Card,Supermarket,Budget Shopper
ORD04362,2023-05-06,CUST0708,Kolkata,West Bengal,East,Grocery,Grocery - Wheat Flour,Wheat Flour,5,1475.8,0.1,6641.1,597.7,0.09,Wallet,Hypermarket,Budget Shopper
ORD04359,2023-05-06,CUST1012,Coimbatore,Tamil Nadu,South,Grocery,Grocery - Biscuits,Biscuits,6,44.56,0.02,262.01,23.58,0.09,Wallet,Supermarket,Regular Shopper
ORD04090,2023-05-07,CUST0317,Madurai,Tamil Nadu,South,Grocery,Grocery - Sugar,Sugar,3,1962.19,0.2,4709.26,423.83,0.09,Credit Card,Hypermarket,Budget Shopper
ORD02539,2023-05-07,CUST1051,Pune,Maharashtra,West,Electronics,Electronics - LED Bulb,LED Bulb,3,2258.12,0.02,6638.87,1195.0,0.18,Wallet,Hypermarket,Budget Shopper
ORD03334,2023-05-08,CUST0954,Jodhpur,Rajasthan,West,Beverages,Beverages - Coffee,Coffee,1,343.54,0.15,292.01,40.88,0.14,Wallet,Supermarket,Budget Shopper
ORD03033,2023-05-08,CUST0572,New Delhi,Delhi,North,Grocery,Grocery - Wheat Flour,Wheat Flour,7,764.18,0.2,4279.41,385.15,0.09,Credit Card,Supermarket,Regular Shopper
ORD00441,2023-05-08,CUST0674,New Delhi,Delhi,North,Beverages,Beverages - Packaged Water,Packaged Water,6,2163.0,0.02,12718.44,1780.58,0.14,Cash,Hypermarket,Budget Shopper
ORD00696,2023-05-08,CUST0989,Udaipur,Rajasthan,West,Home Care,Home Care - Detergent,Detergent,7,1591.17,0.1,10024.37,1603.9,0.16,UPI,Hypermarket,Regular Shopper
ORD00886,2023-05-08,CUST0520,Pune,Maharashtra,West,Grocery,Grocery - Rice,Rice,6,557.03,0.05,3175.07,285.76,0.09,Credit Card,Supermarket,Budget Shopper
ORD01443,2023-05-08,CUST0911,Hyderabad,Telangana,South,Beverages,Beverages - Juice,Juice,7,1768.87,0.08,11391.52,1594.81,0.14,Debit Card,Supermarket,Regular Shopper
ORD01160,2023-05-09,CUST0360,Indore,Madhya Pradesh,West,Clothing,Clothing - Jeans,Jeans,1,2005.72,0.05,1905.43,476.36,0.25,Cash,Supermarket,Regular Shopper
ORD00447,2023-05-09,CUST1135,Mysuru,Karnataka,South,Personal Care,Personal Care - Soap,Soap,5,1030.65,0.15,4380.26,876.05,0.2,Wallet,Supermarket,Budget Shopper
ORD03124,2023-05-09,CUST0946,Thane,Maharashtra,West,Home Care,Home Care - Detergent,Detergent,4,99.23,0.05,377.07,60.33,0.16,Wallet,Hypermarket,Regular Shopper
ORD00361,2023-05-09,CUST0061,Kanpur,Uttar Pradesh,North,Home Care,Home Care - Floor Cleaner,Floor Cleaner,4,1340.66,0.08,4933.63,789.38,0.16,Wallet,Hypermarket,Regular Shopper
ORD00634,2023-05-09,CUST0965,Madurai,Tamil Nadu,South,Grocery,Grocery - Sugar,Sugar,7,1696.61,0.08,10926.17,983.36,0.09,Cash,Hypermarket,Regular Shopper
ORD01972,2023-05-09,CUST0285,Thane,Maharashtra,West,Home Care,Home Care - Detergent,Detergent,3,1153.77,0.05,3288.24,526.12,0.16,UPI,Supermarket,Regular Shopper
ORD02845,2023-05-09,CUST0643,Madurai,Tamil Nadu,South,Grocery,Grocery - Wheat Flour,Wheat Flour,2,824.95,0.2,1319.92,118.79,0.09,UPI,Supermarket,Regular Shopper
ORD01324,2023-05-09,CUST0604,Bhopal,Madhya Pradesh,West,Personal Care,Personal Care - Shampoo,Shampoo,4,2067.0,0.2,6614.4,1322.88,0.2,UPI,Supermarket,Premium Shopper
ORD00227,2023-05-09,CUST0220,Vadodara,Gujarat,West,Electronics,Electronics - Earphones,Earphones,5,122.12,0.1,549.54,98.92,0.18,Debit Card,Hypermarket,Budget Shopper
ORD04023,2023-05-10,CUST0104,Coimbatore,Tamil Nadu,South,Clothing,Clothing - Kids Wear,Kids Wear,3,1342.2,0.05,3825.27,956.32,0.25,Credit Card,Supermarket,Budget Shopper
ORD02905,2023-05-11,CUST0031,Jabalpur,Madhya Pradesh,West,Beverages,Beverages - Tea,Tea,6,1463.11,0.1,7900.79,1106.11,0.14,Debit Card,Supermarket,Budget Shopper
ORD00206,2023-05-12,CUST0698,Jodhpur,Rajasthan,West,Clothing,Clothing - Socks,Socks,4,988.02,0.1,3556.87,889.22,0.25,Debit Card,Supermarket,Budget Shopper
ORD01683,2023-05-12,CUST0302,Hyderabad,Telangana,South,Grocery,Grocery - Sugar,Sugar,4,40.76,0.0,163.04,14.67,0.09,Credit Card,Supermarket,Budget Shopper
ORD04573,2023-05-12,CUST1183,Nagpur,Maharashtra,West,Home Care,Home Care - Dishwash,Dishwash,1,604.35,0.08,556.0,88.96,0.16,Credit Card,Supermarket,Regular Shopper
ORD04549,2023-05-12,CUST1009,Lucknow,Uttar Pradesh,North,Clothing,Clothing - Jeans,Jeans,6,1881.6,0.2,9031.68,2257.92,0.25,UPI,Hypermarket,Premium Shopper
ORD02685,2023-05-12,CUST0306,Kolkata,West Bengal,East,Beverages,Beverages - Juice,Juice,7,1677.66,0.2,9394.9,1315.29,0.14,Cash,Supermarket,Regular Shopper
ORD04360,2023-05-12,CUST0342,Mysuru,Karnataka,South,Home Care,Home Care - Floor Cleaner,Floor Cleaner,7,486.83,0.2,2726.25,436.2,0.16,Credit Card,Supermarket,Budget Shopper
ORD00078,2023-05-12,CUST0574,Chennai,Tamil Nadu,South,Grocery,Grocery - Wheat Flour,Wheat Flour,2,817.84,0.08,1504.83,135.43,0.09,Debit Card,Hypermarket,Budget Shopper
ORD03975,2023-05-12,CUST0858,Chennai,Tamil Nadu,South,Clothing,Clothing - Shirt,Shirt,5,1830.64,0.2,7322.56,1830.64,0.25,Credit Card,Supermarket,Budget Shopper
ORD03405,2023-05-12,CUST0415,Kolkata,West Bengal,East,Electronics,Electronics - Power Bank,Power Bank,3,1560.97,0.08,4308.28,775.49,0.18,Credit Card,Hypermarket,Regular Shopper
ORD02755,2023-05-13,CUST0984,Lucknow,Uttar Pradesh,North,Grocery,Grocery - Rice,Rice,2,456.08,0.2,729.73,65.68,0.09,Cash,Hypermarket,Premium Shopper
ORD04055,2023-05-13,CUST0299,Coimbatore,Tamil Nadu,South,Beverages,Beverages - Tea,Tea,4,1917.64,0.15,6519.98,912.8,0.14,UPI,Supermarket,Regular Shopper
ORD04932,2023-05-13,CUST0444,Vadodara,Gujarat,West,Home Care,Home Care - Tissue,Tissue,1,1946.8,0.15,1654.78,264.76,0.16,Cash,Hypermarket,Budget Shopper
ORD03347,2023-05-14,CUST0508,Jodhpur,Rajasthan,West,Grocery,Grocery - Sugar,Sugar,6,1603.68,0.05,9140.98,822.69,0.09,Cash,Supermarket,Budget Shopper
ORD00479,2023-05-15,CUST0682,New Delhi,Delhi,North,Home Care,Home Care - Floor Cleaner,Floor Cleaner,4,1959.32,0.1,7053.55,1128.57,0.16,Debit Card,Hypermarket,Regular Shopper
ORD02370,2023-05-15,CUST0109,Mysuru,Karnataka,South,Home Care,Home Care - Floor Cleaner,Floor Cleaner,7,197.02,0.08,1268.81,203.01,0.16,UPI,Supermarket,Budget Shopper
ORD00900,2023-05-15,CUST0238,Indore,Madhya Pradesh,West,Personal Care,Personal Care - Toothpaste,Toothpaste,3,1926.09,0.15,4911.53,982.31,0.2,Debit Card,Hypermarket,Budget Shopper
ORD04721,2023-05-16,CUST0933,Madurai,Tamil Nadu,South,Grocery,Grocery - Sugar,Sugar,1,2192.23,0.08,2016.85,181.52,0.09,Wallet,Supermarket,Budget Shopper
ORD02584,2023-05-16,CUST0852,New Delhi,Delhi,North,Clothing,Clothing - T-Shirt,T-Shirt,3,505.77,0.08,1395.93,348.98,0.25,UPI,Hypermarket,Regular Shopper
ORD02960,2023-05-16,CUST0978,Jabalpur,Madhya Pradesh,West,Home Care,Home Care - Detergent,Detergent,7,898.51,0.1,5660.61,905.7,0.16,Cash,Supermarket,Budget Shopper
ORD04520,2023-05-16,CUST0641,Hyderabad,Telangana,South,Home Care,Home Care - Tissue,Tissue,3,1630.28,0.25,3668.13,586.9,0.16,UPI,Hypermarket,Budget Shopper
ORD00962,2023-05-17,CUST0981,Chennai,Tamil Nadu,South,Clothing,Clothing - T-Shirt,T-Shirt,6,1851.25,0.08,10218.9,2554.73,0.25,UPI,Supermarket,Regular Shopper
ORD02694,2023-05-17,CUST0256,Udaipur,Rajasthan,West,Personal Care,Personal Care - Soap,Soap,2,831.01,0.05,1578.92,315.78,0.2,Debit Card,Hypermarket,Budget Shopper
ORD02606,2023-05-17,CUST0630,Hyderabad,Telangana,South,Home Care,Home Care - Dishwash,Dishwash,2,1973.1,0.08,3630.5,580.88,0.16,UPI,Hypermarket,Regular Shopper
ORD04478,2023-05-18,CUST0462,Thane,Maharashtra,West,Grocery,Grocery - Rice,Rice,7,697.28,0.1,4392.86,395.36,0.09,UPI,Supermarket,Budget Shopper
ORD00737,2023-05-18,CUST0382,Mumbai,Maharashtra,West,Grocery,Grocery - Sugar,Sugar,6,52.02,0.05,296.51,26.69,0.09,Wallet,Hypermarket,Budget Shopper
ORD03641,2023-05-18,CUST0317,New Delhi,Delhi,North,Clothing,Clothing - T-Shirt,T-Shirt,4,1436.9,0.05,5460.22,1365.06,0.25,Cash,Supermarket,Regular Shopper
ORD03688,2023-05-19,CUST0212,Bhopal,Madhya Pradesh,West,Clothing,Clothing - Socks,Socks,6,399.06,0.02,2346.47,586.62,0.25,Debit Card,Hypermarket,Regular Shopper
ORD00848,2023-05-19,CUST1062,Udaipur,Rajasthan,West,Grocery,Grocery - Cooking Oil,Cooking Oil,1,1362.23,0.1,1226.01,110.34,0.09,UPI,Supermarket,Regular Shopper
ORD03165,2023-05-19,CUST1114,Jodhpur,Rajasthan,West,Clothing,Clothing - T-Shirt,T-Shirt,2,318.6,0.08,586.22,146.56,0.25,Wallet,Supermarket,Regular Shopper
ORD04332,2023-05-19,CUST1142,Jodhpur,Rajasthan,West,Grocery,Grocery - Wheat Flour,Wheat Flour,5,1991.84,0.02,9760.02,878.4,0.09,Credit Card,Hypermarket,Regular Shopper
ORD03157,2023-05-19,CUST0644,Nashik,Maharashtra,West,Clothing,Clothing - Socks,Socks,4,993.01,0.08,3654.28,913.57,0.25,Credit Card,Hypermarket,Regular Shopper
ORD00635,2023-05-19,CUST0356,Chennai,Tamil Nadu,South,Beverages,Beverages - Tea,Tea,6,1724.42,0.15,8794.54,1231.24,0.14,Cash,Hypermarket,Budget Shopper
ORD04680,2023-05-19,CUST0602,Surat,Gujarat,West,Electronics,Electronics - LED Bulb,LED Bulb,3,2147.81,0.0,6443.43,1159.82,0.18,Credit Card,Supermarket,Budget Shopper
ORD03981,2023-05-20,CUST0682,Mysuru,Karnataka,South,Home Care,Home Care - Detergent,Detergent,4,1596.64,0.15,5428.58,868.57,0.16,Wallet,Supermarket,Budget Shopper
ORD00402,2023-05-20,CUST0852,Kolkata,West Bengal,East,Home Care,Home Care - Dishwash,Dishwash,7,2276.57,0.05,15139.19,2422.27,0.16,UPI,Supermarket,Budget Shopper
ORD02200,2023-05-20,CUST0323,Warangal,Telangana,South,Home Care,Home Care - Detergent,Detergent,5,1321.08,0.1,5944.86,951.18,0.16,Cash,Supermarket,Regular Shopper
ORD04049,2023-05-21,CUST0403,Mangaluru,Karnataka,South,Personal Care,Personal Care - Shampoo,Shampoo,2,451.93,0.1,813.47,162.69,0.2,Cash,Supermarket,Budget Shopper
ORD02979,2023-05-21,CUST0613,Jodhpur,Rajasthan,West,Grocery,Grocery - Cooking Oil,Cooking Oil,5,267.86,0.1,1205.37,108.48,0.09,Credit Card,Hypermarket,Budget Shopper
ORD03332,2023-05-22,CUST0633,Mysuru,Karnataka,South,Beverages,Beverages - Coffee,Coffee,3,873.39,0.05,2489.16,348.48,0.14,UPI,Supermarket,Regular Shopper
ORD01566,2023-05-22,CUST0348,Udaipur,Rajasthan,West,Beverages,Beverages - Tea,Tea,5,1889.51,0.15,8030.42,1124.26,0.14,Credit Card,Hypermarket,Regular Shopper
ORD01686,2023-05-22,CUST0062,Rajkot,Gujarat,West,Beverages,Beverages - Packaged Water,Packaged Water,4,1793.15,0.1,6455.34,903.75,0.14,Wallet,Hypermarket,Regular Shopper
ORD01041,2023-05-22,CUST1021,Thane,Maharashtra,West,Personal Care,Personal Care - Toothpaste,Toothpaste,6,464.62,0.2,2230.18,446.04,0.2,Credit Card,Supermarket,Regular Shopper
ORD00800,2023-05-22,CUST0891,Jabalpur,Madhya Pradesh,West,Electronics,Electronics - Earphones,Earphones,1,2257.56,0.08,2076.96,373.85,0.18,UPI,Supermarket,Regular Shopper
ORD02502,2023-05-22,CUST0792,Kolkata,West Bengal,East,Grocery,Grocery - Wheat Flour,Wheat Flour,5,1240.56,0.15,5272.38,474.51,0.09,Credit Card,Hypermarket,Regular Shopper
ORD00906,2023-05-22,CUST0942,Noida,Uttar Pradesh,North,Grocery,Grocery - Rice,Rice,6,2152.33,0.05,12268.28,1104.15,0.09,Credit Card,Hypermarket,Premium Shopper
ORD03026,2023-05-23,CUST0226,Ahmedabad,Gujarat,West,Grocery,Grocery - Rice,Rice,6,1749.18,0.05,9970.33,897.33,0.09,UPI,Hypermarket,Regular Shopper
ORD03525,2023-05-23,CUST0551,New Delhi,Delhi,North,Personal Care,Personal Care - Toothpaste,Toothpaste,3,884.8,0.05,2521.68,504.34,0.2,Credit Card,Supermarket,Regular Shopper
ORD01820,2023-05-23,CUST0754,New Delhi,Delhi,North,Electronics,Electronics - Mixer,Mixer,3,1422.46,0.1,3840.64,691.32,0.18,UPI,Supermarket,Budget Shopper
ORD00392,2023-05-23,CUST0628,Madurai,Tamil Nadu,South,Home Care,Home Care - Floor Cleaner,Floor Cleaner,2,2280.09,0.15,3876.15,620.18,0.16,Wallet,Hypermarket,Regular Shopper
ORD00139,2023-05-23,CUST0122,Jodhpur,Rajasthan,West,Electronics,Electronics - LED Bulb,LED Bulb,7,532.37,0.1,3353.93,603.71,0.18,Debit Card,Hypermarket,Regular Shopper
ORD04819,2023-05-23,CUST1183,Ahmedabad,Gujarat,West,Personal Care,Personal Care - Body Lotion,Body Lotion,5,2185.24,0.1,9833.58,1966.72,0.2,Cash,Supermarket,Budget Shopper
ORD04102,2023-05-24,CUST0494,Lucknow,Uttar Pradesh,North,Personal Care,Personal Care - Soap,Soap,2,2322.3,0.1,4180.14,836.03,0.2,Credit Card,Hypermarket,Premium Shopper
ORD04646,2023-05-24,CUST0071,Coimbatore,Tamil Nadu,South,Grocery,Grocery - Cooking Oil,Cooking Oil,4,1971.29,0.08,7254.35,652.89,0.09,Debit Card,Supermarket,Premium Shopper
ORD02311,2023-05-24,CUST0066,Warangal,Telangana,South,Electronics,Electronics - LED Bulb,LED Bulb,7,809.78,0.08,5214.98,938.7,0.18,Wallet,Hypermarket,Budget Shopper
ORD04543,2023-05-24,CUST1156,Kolkata,West Bengal,East,Clothing,Clothing - Jeans,Jeans,2,1427.67,0.05,2712.57,678.14,0.25,Cash,Hypermarket,Budget Shopper
ORD01206,2023-05-24,CUST0122,Coimbatore,Tamil Nadu,South,Clothing,Clothing - Socks,Socks,7,1425.92,0.02,9781.81,2445.45,0.25,Wallet,Hypermarket,Budget Shopper
ORD04893,2023-05-25,CUST0725,Kolkata,West Bengal,East,Electronics,Electronics - LED Bulb,LED Bulb,5,1745.95,0.1,7856.78,1414.22,0.18,Debit Card,Supermarket,Budget Shopper
ORD00119,2023-05-25,CUST0062,Kolkata,West Bengal,East,Personal Care,Personal Care - Soap,Soap,3,418.58,0.05,1192.95,238.59,0.2,Wallet,Hypermarket,Budget Shopper
ORD00210,2023-05-26,CUST0481,Bengaluru,Karnataka,South,Grocery,Grocery - Rice,Rice,1,953.7,0.1,858.33,77.25,0.09,Debit Card,Hypermarket,Premium Shopper
ORD03684,2023-05-26,CUST0300,Mangaluru,Karnataka,South,Beverages,Beverages - Juice,Juice,4,1440.71,0.05,5474.7,766.46,0.14,Cash,Hypermarket,Regular Shopper
ORD02857,2023-05-27,CUST1059,Mysuru,Karnataka,South,Home Care,Home Care - Toilet Cleaner,Toilet Cleaner,4,1128.38,0.08,4152.44,664.39,0.16,UPI,Hypermarket,Regular Shopper
ORD00267,2023-05-27,CUST0883,Noida,Uttar Pradesh,North,Grocery,Grocery - Rice,Rice,4,1301.74,0.08,4790.4,431.14,0.09,Credit Card,Supermarket,Budget Shopper
ORD02419,2023-05-27,CUST0708,Bengaluru,Karnataka,South,Clothing,Clothing - Kids Wear,Kids Wear,1,1020.24,0.05,969.23,242.31,0.25,Debit Card,Supermarket,Regular Shopper
ORD00123,2023-05-27,CUST0216,New Delhi,Delhi,North,Home Care,Home Care - Floor Cleaner,Floor Cleaner,4,2175.68,0.15,7397.31,1183.57,0.16,Debit Card,Supermarket,Regular Shopper
ORD00142,2023-05-27,CUST0122,Jabalpur,Madhya Pradesh,West,Home Care,Home Care - Detergent,Detergent,4,2440.63,0.15,8298.14,1327.7,0.16,Wallet,Hypermarket,Budget Shopper
ORD01643,2023-05-27,CUST0947,Madurai,Tamil Nadu,South,Beverages,Beverages - Juice,Juice,1,1570.61,0.0,1570.61,219.89,0.14,Wallet,Supermarket,Premium Shopper
ORD04004,2023-05-28,CUST0309,Warangal,Telangana,South,Beverages,Beverages - Soft Drink,Soft Drink,7,461.23,0.02,3164.04,442.97,0.14,Debit Card,Supermarket,Regular Shopper
ORD00104,2023-05-28,CUST0751,Mysuru,Karnataka,South,Personal Care,Personal Care - Body Lotion,Body Lotion,4,438.55,0.0,1754.2,350.84,0.2,Debit Card,Hypermarket,Budget Shopper
ORD01602,2023-05-29,CUST0122,Udaipur,Rajasthan,West,Beverages,Beverages - Tea,Tea,7,655.98,0.08,4224.51,591.43,0.14,Wallet,Supermarket,Budget Shopper
ORD03073,2023-05-29,CUST0112,Nashik,Maharashtra,West,Beverages,Beverages - Packaged Water,Packaged Water,2,1046.91,0.08,1926.31,269.68,0.14,UPI,Supermarket,Regular Shopper
ORD00050,2023-05-29,CUST0815,Kolkata,West Bengal,East,Grocery,Grocery - Biscuits,Biscuits,5,146.77,0.25,550.39,49.54,0.09,Wallet,Supermarket,Regular Shopper
ORD00920,2023-05-29,CUST0242,Noida,Uttar Pradesh,North,Grocery,Grocery - Wheat Flour,Wheat Flour,5,699.31,0.02,3426.62,308.4,0.09,Wallet,Hypermarket,Budget Shopper
ORD02079,2023-05-29,CUST0532,Vadodara,Gujarat,West,Electronics,Electronics - Earphones,Earphones,4,1716.16,0.08,6315.47,1136.78,0.18,Debit Card,Hypermarket,Budget Shopper
ORD02278,2023-05-29,CUST0343,Bengaluru,Karnataka,South,Home Care,Home Care - Floor Cleaner,Floor Cleaner,6,1279.21,0.02,7521.75,1203.48,0.16,UPI,Supermarket,Budget Shopper
ORD04812,2023-05-29,CUST0595,Jabalpur,Madhya Pradesh,West,Personal Care,Personal Care - Face Wash,Face Wash,6,54.44,0.08,300.51,60.1,0.2,Wallet,Supermarket,Budget Shopper
ORD01917,2023-05-29,CUST0791,Pune,Maharashtra,West,Grocery,Grocery - Biscuits,Biscuits,4,301.66,0.1,1085.98,97.74,0.09,Credit Card,Supermarket,Regular Shopper
ORD01636,2023-05-29,CUST0522,Nashik,Maharashtra,West,Grocery,Grocery - Sugar,Sugar,7,2342.92,0.08,15088.4,1357.96,0.09,Debit Card,Hypermarket,Regular Shopper
ORD02510,2023-05-30,CUST0965,Chennai,Tamil Nadu,South,Clothing,Clothing - Jeans,Jeans,3,1304.54,0.15,3326.58,831.64,0.25,Credit Card,Supermarket,Regular Shopper
ORD01527,2023-05-30,CUST1148,Bengaluru,Karnataka,South,Beverages,Beverages - Soft Drink,Soft Drink,4,1935.28,0.05,7354.06,1029.57,0.14,UPI,Supermarket,Budget Shopper
ORD04528,2023-05-30,CUST0267,New Delhi,Delhi,North,Personal Care,Personal Care - Body Lotion,Body Lotion,5,2287.6,0.2,9150.4,1830.08,0.2,Wallet,Supermarket,Premium Shopper
ORD03721,2023-05-30,CUST0541,Surat,Gujarat,West,Home Care,Home Care - Floor Cleaner,Floor Cleaner,6,1198.72,0.15,6113.47,978.16,0.16,UPI,Hypermarket,Budget Shopper
ORD03885,2023-05-30,CUST1002,Jabalpur,Madhya Pradesh,West,Grocery,Grocery - Wheat Flour,Wheat Flour,7,1852.24,0.08,11928.43,1073.56,0.09,Cash,Hypermarket,Regular Shopper
ORD04895,2023-05-30,CUST0393,Surat,Gujarat,West,Home Care,Home Care - Dishwash,Dishwash,4,2355.11,0.1,8478.4,1356.54,0.16,Credit Card,Supermarket,Budget Shopper
ORD02367,2023-05-31,CUST0885,Lucknow,Uttar Pradesh,North,Electronics,Electronics - Mixer,Mixer,6,364.53,0.08,2012.21,362.2,0.18,Debit Card,Supermarket,Budget Shopper
ORD02191,2023-05-31,CUST0325,Mangaluru,Karnataka,South,Grocery,Grocery - Wheat Flour,Wheat Flour,4,256.13,0.02,1004.03,90.36,0.09,Cash,Supermarket,Budget Shopper
ORD02239,2023-05-31,CUST0995,Vadodara,Gujarat,West,Home Care,Home Care - Floor Cleaner,Floor Cleaner,3,2458.66,0.1,6638.38,1062.14,0.16,Wallet,Supermarket,Regular Shopper
ORD00550,2023-05-31,CUST0016,Jodhpur,Rajasthan,West,Clothing,Clothing - Kids Wear,Kids Wear,4,1471.03,0.15,5001.5,1250.38,0.25,Wallet,Hypermarket,Regular Shopper
ORD04896,2023-05-31,CUST0568,Kolkata,West Bengal,East,Grocery,Grocery - Biscuits,Biscuits,3,845.47,0.1,2282.77,205.45,0.09,UPI,Supermarket,Premium Shopper
ORD01192,2023-05-31,CUST0838,New Delhi,Delhi,North,Beverages,Beverages - Juice,Juice,6,326.35,0.15,1664.38,233.01,0.14,Wallet,Hypermarket,Regular Shopper
ORD01051,2023-06-01,CUST0222,Nashik,Maharashtra,West,Home Care,Home Care - Floor Cleaner,Floor Cleaner,6,361.87,0.05,2062.66,330.03,0.16,UPI,Supermarket,Budget Shopper
ORD04718,2023-06-01,CUST1140,Kanpur,Uttar Pradesh,North,Personal Care,Personal Care - Soap,Soap,7,1460.24,0.1,9199.51,1839.9,0.2,Credit Card,Supermarket,Premium Shopper
ORD01403,2023-06-01,CUST1170,Kanpur,Uttar Pradesh,North,Grocery,Grocery - Sugar,Sugar,7,1770.22,0.15,10532.81,947.95,0.09,Credit Card,Supermarket,Regular Shopper
ORD03552,2023-06-01,CUST0581,Jodhpur,Rajasthan,West,Grocery,Grocery - Biscuits,Biscuits,6,996.56,0.05,5680.39,511.24,0.09,UPI,Hypermarket,Regular Shopper
ORD03982,2023-06-01,CUST0398,Chennai,Tamil Nadu,South,Personal Care,Personal Care - Soap,Soap,5,2408.59,0.08,11079.51,2215.9,0.2,Cash,Supermarket,Budget Shopper
ORD00021,2023-06-01,CUST0404,Lucknow,Uttar Pradesh,North,Beverages,Beverages - Tea,Tea,1,1035.09,0.1,931.58,130.42,0.14,Debit Card,Hypermarket,Budget Shopper
ORD02621,2023-06-01,CUST1083,Mysuru,Karnataka,South,Clothing,Clothing - Socks,Socks,1,1761.93,0.25,1321.45,330.36,0.25,Debit Card,Hypermarket,Premium Shopper
ORD01078,2023-06-01,CUST0276,Hyderabad,Telangana,South,Electronics,Electronics - Extension Board,Extension Board,2,376.82,0.08,693.35,124.8,0.18,Credit Card,Hypermarket,Budget Shopper
ORD00315,2023-06-02,CUST1135,Lucknow,Uttar Pradesh,North,Home Care,Home Care - Toilet Cleaner,Toilet Cleaner,5,359.66,0.02,1762.33,281.97,0.16,UPI,Hypermarket,Regular Shopper
ORD04489,2023-06-02,CUST0871,Madurai,Tamil Nadu,South,Personal Care,Personal Care - Face Wash,Face Wash,3,166.14,0.08,458.55,91.71,0.2,Debit Card,Hypermarket,Budget Shopper
ORD02697,2023-06-02,CUST0397,Indore,Madhya Pradesh,West,Grocery,Grocery - Sugar,Sugar,5,1020.81,0.05,4848.85,436.4,0.09,Credit Card,Supermarket,Premium Shopper
ORD02954,2023-06-02,CUST1105,Vadodara,Gujarat,West,Electronics,Electronics - Mixer,Mixer,3,794.13,0.1,2144.15,385.95,0.18,Credit Card,Supermarket,Budget Shopper
ORD01661,2023-06-02,CUST1079,Nagpur,Maharashtra,West,Grocery,Grocery - Rice,Rice,4,1613.53,0.08,5937.79,534.4,0.09,Cash,Supermarket,Budget Shopper
ORD00022,2023-06-02,CUST0099,Bhopal,Madhya Pradesh,West,Grocery,Grocery - Rice,Rice,6,52.45,0.08,289.52,26.06,0.09,Debit Card,Supermarket,Premium Shopper
ORD00250,2023-06-02,CUST0520,Thane,Maharashtra,West,Home Care,Home Care - Toilet Cleaner,Toilet Cleaner,7,1605.55,0.1,10114.96,1618.39,0.16,UPI,Hypermarket,Premium Shopper
ORD04419,2023-06-03,CUST0880,Noida,Uttar Pradesh,North,Grocery,Grocery - Wheat Flour,Wheat Flour,7,1403.92,0.08,9041.24,813.71,0.09,Credit Card,Hypermarket,Budget Shopper
ORD04397,2023-06-03,CUST1088,Mysuru,Karnataka,South,Grocery,Grocery - Sugar,Sugar,3,324.8,0.15,828.24,74.54,0.09,Credit Card,Hypermarket,Premium Shopper
ORD00462,2023-06-04,CUST0862,Noida,Uttar Pradesh,North,Personal Care,Personal Care - Body Lotion,Body Lotion,6,880.94,0.02,5179.93,1035.99,0.2,Wallet,Hypermarket,Regular Shopper
ORD03087,2023-06-04,CUST0859,Rajkot,Gujarat,West,Grocery,Grocery - Rice,Rice,1,1004.67,0.05,954.44,85.9,0.09,Wallet,Supermarket,Budget Shopper
ORD04430,2023-06-04,CUST1178,Chennai,Tamil Nadu,South,Beverages,Beverages - Tea,Tea,2,2340.86,0.02,4588.09,642.33,0.14,Cash,Supermarket,Regular Shopper
ORD01806,2023-06-04,CUST1082,Rajkot,Gujarat,West,Clothing,Clothing - Shirt,Shirt,5,151.61,0.1,682.25,170.56,0.25,Cash,Hypermarket,Regular Shopper
ORD02781,2023-06-04,CUST0868,Thane,Maharashtra,West,Beverages,Beverages - Tea,Tea,1,2412.85,0.1,2171.56,304.02,0.14,Debit Card,Hypermarket,Regular Shopper
ORD04682,2023-06-04,CUST0324,Jabalpur,Madhya Pradesh,West,Electronics,Electronics - Mixer,Mixer,1,2368.75,0.05,2250.31,405.06,0.18,Credit Card,Supermarket,Premium Shopper
ORD04695,2023-06-05,CUST0885,Noida,Uttar Pradesh,North,Personal Care,Personal Care - Soap,Soap,5,999.36,0.1,4497.12,899.42,0.2,UPI,Hypermarket,Budget Shopper
ORD04943,2023-06-05,CUST0848,Kanpur,Uttar Pradesh,North,Home Care,Home Care - Floor Cleaner,Floor Cleaner,5,2325.09,0.02,11392.94,1822.87,0.16,Credit Card,Hypermarket,Regular Shopper
ORD02376,2023-06-06,CUST1029,Bhopal,Madhya Pradesh,West,Home Care,Home Care - Toilet Cleaner,Toilet Cleaner,7,833.75,0.15,4960.81,793.73,0.16,UPI,Hypermarket,Budget Shopper
ORD02364,2023-06-06,CUST0598,Bengaluru,Karnataka,South,Clothing,Clothing - Kids Wear,Kids Wear,7,987.72,0.1,6222.64,1555.66,0.25,UPI,Supermarket,Budget Shopper
ORD04034,2023-06-06,CUST0772,Kolkata,West Bengal,East,Beverages,Beverages - Juice,Juice,5,2422.65,0.08,11144.19,1560.19,0.14,Debit Card,Hypermarket,Regular Shopper
ORD04888,2023-06-06,CUST0790,Surat,Gujarat,West,Personal Care,Personal Care - Shampoo,Shampoo,2,68.46,0.0,136.92,27.38,0.2,Debit Card,Hypermarket,Premium Shopper
ORD02248,2023-06-06,CUST1088,Indore,Madhya Pradesh,West,Grocery,Grocery - Sugar,Sugar,5,1014.34,0.15,4310.94,387.98,0.09,UPI,Supermarket,Budget Shopper
ORD03333,2023-06-07,CUST0695,Mumbai,Maharashtra,West,Grocery,Grocery - Cooking Oil,Cooking Oil,2,2345.09,0.02,4596.38,413.67,0.09,UPI,Supermarket,Budget Shopper
ORD02885,2023-06-07,CUST1111,Bengaluru,Karnataka,South,Home Care,Home Care - Floor Cleaner,Floor Cleaner,5,2313.42,0.05,10988.74,1758.2,0.16,Cash,Hypermarket,Regular Shopper
ORD02293,2023-06-07,CUST0453,Warangal,Telangana,South,Electronics,Electronics - LED Bulb,LED Bulb,6,1990.94,0.05,11348.36,2042.7,0.18,Credit Card,Supermarket,Budget Shopper
ORD04636,2023-06-07,CUST1154,Hyderabad,Telangana,South,Home Care,Home Care - Toilet Cleaner,Toilet Cleaner,6,943.3,0.2,4527.84,724.45,0.16,Cash,Supermarket,Budget Shopper
ORD00852,2023-06-07,CUST0685,Mumbai,Maharashtra,West,Beverages,Beverages - Coffee,Coffee,2,2480.06,0.2,3968.1,555.53,0.14,Wallet,Supermarket,Premium Shopper
ORD04611,2023-06-08,CUST0618,Indore,Madhya Pradesh,West,Beverages,Beverages - Soft Drink,Soft Drink,7,2100.74,0.1,13234.66,1852.85,0.14,Debit Card,Supermarket,Budget Shopper
ORD03306,2023-06-08,CUST0044,Rajkot,Gujarat,West,Beverages,Beverages - Coffee,Coffee,2,939.15,0.25,1408.72,197.22,0.14,UPI,Hypermarket,Regular Shopper
ORD02820,2023-06-08,CUST1032,Lucknow,Uttar Pradesh,North,Personal Care,Personal Care - Soap,Soap,3,1302.28,0.1,3516.16,703.23,0.2,Debit Card,Supermarket,Budget Shopper
ORD02722,2023-06-08,CUST0948,Hyderabad,Telangana,South,Personal Care,Personal Care - Face Wash,Face Wash,4,1516.35,0.0,6065.4,1213.08,0.2,Wallet,Hypermarket,Regular Shopper
ORD01724,2023-06-08,CUST1071,Coimbatore,Tamil Nadu,South,Electronics,Electronics - LED Bulb,LED Bulb,6,2177.67,0.08,12020.74,2163.73,0.18,Cash,Hypermarket,Premium Shopper
ORD03579,2023-06-08,CUST0287,Pune,Maharashtra,West,Home Care,Home Care - Detergent,Detergent,7,1667.05,0.0,11669.35,1867.1,0.16,UPI,Supermarket,Regular Shopper
ORD03786,2023-06-09,CUST0503,New Delhi,Delhi,North,Grocery,Grocery - Sugar,Sugar,2,1891.95,0.25,2837.92,255.41,0.09,Debit Card,Supermarket,Regular Shopper
ORD01811,2023-06-09,CUST0152,Madurai,Tamil Nadu,South,Personal Care,Personal Care - Face Wash,Face Wash,3,2356.56,0.08,6504.11,1300.82,0.2,Credit Card,Hypermarket,Budget Shopper
ORD03494,2023-06-10,CUST0709,Jaipur,Rajasthan,West,Personal Care,Personal Care - Shampoo,Shampoo,7,1677.83,0.08,10805.23,2161.05,0.2,Debit Card,Hypermarket,Premium Shopper
ORD04452,2023-06-10,CUST0092,Bhopal,Madhya Pradesh,West,Personal Care,Personal Care - Shampoo,Shampoo,7,222.6,0.08,1433.54,286.71,0.2,UPI,Supermarket,Premium Shopper
ORD00689,2023-06-10,CUST1128,Jaipur,Rajasthan,West,Personal Care,Personal Care - Toothpaste,Toothpaste,6,196.46,0.1,1060.88,212.18,0.2,Credit Card,Hypermarket,Budget Shopper
ORD02081,2023-06-10,CUST0199,Nagpur,Maharashtra,West,Grocery,Grocery - Rice,Rice,2,106.82,0.05,202.96,18.27,0.09,Cash,Hypermarket,Regular Shopper
ORD02699,2023-06-10,CUST0657,Kanpur,Uttar Pradesh,North,Personal Care,Personal Care - Toothpaste,Toothpaste,7,1435.81,0.02,9849.66,1969.93,0.2,UPI,Hypermarket,Budget Shopper
ORD02285,2023-06-11,CUST0610,Kolkata,West Bengal,East,Personal Care,Personal Care - Body Lotion,Body Lotion,6,1313.29,0.08,7249.36,1449.87,0.2,UPI,Supermarket,Regular Shopper
ORD03578,2023-06-11,CUST0479,New Delhi,Delhi,North,Grocery,Grocery - Rice,Rice,7,1253.94,0.08,8075.37,726.78,0.09,Cash,Hypermarket,Premium Shopper
ORD03725,2023-06-11,CUST0316,Ahmedabad,Gujarat,West,Personal Care,Personal Care - Face Wash,Face Wash,6,2170.88,0.08,11983.26,2396.65,0.2,Credit Card,Supermarket,Budget Shopper
ORD02728,2023-06-12,CUST0765,Madurai,Tamil Nadu,South,Grocery,Grocery - Wheat Flour,Wheat Flour,5,871.97,0.08,4011.06,361.0,0.09,Credit Card,Hypermarket,Regular Shopper
ORD00410,2023-06-12,CUST0774,Mumbai,Maharashtra,West,Beverages,Beverages - Packaged Water,Packaged Water,7,584.25,0.02,4007.96,561.11,0.14,Wallet,Hypermarket,Regular Shopper
ORD00846,2023-06-12,CUST0759,Vadodara,Gujarat,West,Personal Care,Personal Care - Shampoo,Shampoo,6,1126.17,0.08,6216.46,1243.29,0.2,Wallet,Supermarket,Regular Shopper
ORD00045,2023-06-12,CUST1157,Kolkata,West Bengal,East,Electronics,Electronics - LED Bulb,LED Bulb,3,2223.75,0.1,6004.12,1080.74,0.18,Cash,Hypermarket,Regular Shopper
ORD00831,2023-06-13,CUST0649,Surat,Gujarat,West,Home Care,Home Care - Detergent,Detergent,4,355.34,0.08,1307.65,209.22,0.16,Credit Card,Hypermarket,Regular Shopper
ORD04728,2023-06-13,CUST1084,Surat,Gujarat,West,Grocery,Grocery - Biscuits,Biscuits,2,1250.07,0.08,2300.13,207.01,0.09,Credit Card,Hypermarket,Budget Shopper
ORD00442,2023-06-13,CUST0941,Warangal,Telangana,South,Clothing,Clothing - T-Shirt,T-Shirt,6,1551.64,0.05,8844.35,2211.09,0.25,Wallet,Hypermarket,Budget Shopper
ORD02438,2023-06-14,CUST0760,Madurai,Tamil Nadu,South,Grocery,Grocery - Cooking Oil,Cooking Oil,5,1183.79,0.08,5445.43,490.09,0.09,Wallet,Supermarket,Budget Shopper
ORD00265,2023-06-14,CUST0787,Rajkot,Gujarat,West,Beverages,Beverages - Juice,Juice,4,1837.81,0.15,6248.55,874.8,0.14,Wallet,Supermarket,Premium Shopper
ORD00262,2023-06-14,CUST1093,Hyderabad,Telangana,South,Beverages,Beverages - Coffee,Coffee,5,1215.58,0.08,5591.67,782.83,0.14,Wallet,Hypermarket,Regular Shopper
ORD01481,2023-06-14,CUST0839,Kolkata,West Bengal,East,Grocery,Grocery - Cooking Oil,Cooking Oil,2,1475.2,0.08,2714.37,244.29,0.09,Debit Card,Hypermarket,Premium Shopper
ORD02522,2023-06-15,CUST0988,Coimbatore,Tamil Nadu,South,Beverages,Beverages - Coffee,Coffee,1,1382.71,0.02,1355.06,189.71,0.14,Credit Card,Hypermarket,Budget Shopper
ORD00136,2023-06-15,CUST0607,Thane,Maharashtra,West,Grocery,Grocery - Wheat Flour,Wheat Flour,5,757.49,0.15,3219.33,289.74,0.09,Cash,Supermarket,Premium Shopper
ORD04183,2023-06-15,CUST0899,Bhopal,Madhya Pradesh,West,Grocery,Grocery - Biscuits,Biscuits,7,1104.23,0.02,7575.02,681.75,0.09,Wallet,Supermarket,Budget Shopper
ORD04983,2023-06-15,CUST0144,Kolkata,West Bengal,East,Grocery,Grocery - Wheat Flour,Wheat Flour,7,2236.53,0.15,13307.35,1197.66,0.09,UPI,Hypermarket,Budget Shopper
ORD02981,2023-06-16,CUST0238,Ahmedabad,Gujarat,West,Grocery,Grocery - Sugar,Sugar,5,1398.93,0.2,5595.72,503.61,0.09,Cash,Supermarket,Regular Shopper
ORD02432,2023-06-16,CUST0773,Indore,Madhya Pradesh,West,Electronics,Electronics - Mixer,Mixer,7,2002.35,0.1,12614.8,2270.66,0.18,UPI,Hypermarket,Premium Shopper
ORD03506,2023-06-16,CUST0835,Hyderabad,Telangana,South,Clothing,Clothing - Shirt,Shirt,4,60.29,0.02,236.34,59.09,0.25,Wallet,Supermarket,Regular Shopper
ORD03689,2023-06-16,CUST0932,Lucknow,Uttar Pradesh,North,Grocery,Grocery - Rice,Rice,6,1210.34,0.05,6898.94,620.9,0.09,Debit Card,Supermarket,Budget Shopper
ORD04952,2023-06-16,CUST0001,Madurai,Tamil Nadu,South,Beverages,Beverages - Packaged Water,Packaged Water,7,247.61,0.2,1386.62,194.13,0.14,Cash,Hypermarket,Budget Shopper
ORD00171,2023-06-16,CUST0637,Noida,Uttar Pradesh,North,Grocery,Grocery - Biscuits,Biscuits,3,1822.31,0.25,4100.2,369.02,0.09,Cash,Supermarket,Budget Shopper
ORD02181,2023-06-16,CUST0750,Warangal,Telangana,South,Home Care,Home Care - Dishwash,Dishwash,1,1454.28,0.05,1381.57,221.05,0.16,Debit Card,Supermarket,Regular Shopper
ORD00977,2023-06-16,CUST0099,Jodhpur,Rajasthan,West,Beverages,Beverages - Coffee,Coffee,6,1801.76,0.05,10270.03,1437.8,0.14,UPI,Hypermarket,Regular Shopper
ORD00004,2023-06-16,CUST0841,Kanpur,Uttar Pradesh,North,Clothing,Clothing - Socks,Socks,1,72.63,0.25,54.47,13.62,0.25,Credit Card,Supermarket,Budget Shopper
ORD02295,2023-06-16,CUST0001,Nagpur,Maharashtra,West,Home Care,Home Care - Dishwash,Dishwash,5,764.39,0.15,3248.66,519.79,0.16,UPI,Hypermarket,Budget Shopper
ORD04530,2023-06-17,CUST0997,Jodhpur,Rajasthan,West,Clothing,Clothing - Jeans,Jeans,5,2492.53,0.15,10593.25,2648.31,0.25,Wallet,Supermarket,Regular Shopper
ORD03182,2023-06-17,CUST0236,Surat,Gujarat,West,Home Care,Home Care - Floor Cleaner,Floor Cleaner,2,493.54,0.02,967.34,154.77,0.16,Debit Card,Hypermarket,Regular Shopper
ORD02299,2023-06-17,CUST0548,Rajkot,Gujarat,West,Home Care,Home Care - Detergent,Detergent,6,683.89,0.0,4103.34,656.53,0.16,Wallet,Hypermarket,Budget Shopper
ORD01014,2023-06-17,CUST0776,Ahmedabad,Gujarat,West,Grocery,Grocery - Rice,Rice,3,736.22,0.05,2098.23,188.84,0.09,Wallet,Supermarket,Regular Shopper
ORD02402,2023-06-17,CUST1157,Udaipur,Rajasthan,West,Home Care,Home Care - Toilet Cleaner,Toilet Cleaner,5,2327.63,0.25,8728.61,1396.58,0.16,Credit Card,Hypermarket,Regular Shopper
ORD03191,2023-06-17,CUST0742,Ahmedabad,Gujarat,West,Clothing,Clothing - Shirt,Shirt,4,863.33,0.1,3107.99,777.0,0.25,Debit Card,Supermarket,Premium Shopper
ORD01664,2023-06-17,CUST1070,Indore,Madhya Pradesh,West,Home Care,Home Care - Dishwash,Dishwash,6,777.98,0.08,4294.45,687.11,0.16,Debit Card,Hypermarket,Regular Shopper
ORD00249,2023-06-17,CUST0001,Mangaluru,Karnataka,South,Grocery,Grocery - Biscuits,Biscuits,4,1077.7,0.2,3448.64,310.38,0.09,Wallet,Hypermarket,Budget Shopper
ORD01821,2023-06-18,CUST0802,Warangal,Telangana,South,Personal Care,Personal Care - Body Lotion,Body Lotion,3,779.01,0.2,1869.62,373.92,0.2,Debit Card,Hypermarket,Regular Shopper
ORD03674,2023-06-18,CUST1173,Jabalpur,Madhya Pradesh,West,Personal Care,Personal Care - Face Wash,Face Wash,4,1853.52,0.25,5560.56,1112.11,0.2,Wallet,Hypermarket,Budget Shopper
ORD00456,2023-06-18,CUST1009,Bhopal,Madhya Pradesh,West,Grocery,Grocery - Rice,Rice,1,484.07,0.1,435.66,39.21,0.09,Wallet,Supermarket,Budget Shopper
ORD01320,2023-06-18,CUST0357,Rajkot,Gujarat,West,Home Care,Home Care - Floor Cleaner,Floor Cleaner,2,167.39,0.1,301.3,48.21,0.16,UPI,Hypermarket,Budget Shopper
ORD00046,2023-06-19,CUST1192,Thane,Maharashtra,West,Clothing,Clothing - Socks,Socks,3,1015.76,0.1,2742.55,685.64,0.25,Wallet,Hypermarket,Budget Shopper
ORD02499,2023-06-19,CUST0241,New Delhi,Delhi,North,Home Care,Home Care - Detergent,Detergent,2,1926.27,0.08,3544.34,567.09,0.16,Cash,Supermarket,Regular Shopper
ORD03343,2023-06-19,CUST0580,Madurai,Tamil Nadu,South,Grocery,Grocery - Cooking Oil,Cooking Oil,4,2142.13,0.1,7711.67,694.05,0.09,Credit Card,Hypermarket,Premium Shopper
ORD04101,2023-06-19,CUST0079,New Delhi,Delhi,North,Clothing,Clothing - Kids Wear,Kids Wear,7,102.67,0.05,682.76,170.69,0.25,Debit Card,Supermarket,Premium Shopper
ORD00790,2023-06-19,CUST0638,Surat,Gujarat,West,Home Care,Home Care - Floor Cleaner,Floor Cleaner,1,773.91,0.0,773.91,123.83,0.16,Debit Card,Supermarket,Budget Shopper
ORD00288,2023-06-20,CUST0541,Indore,Madhya Pradesh,West,Electronics,Electronics - Mixer,Mixer,2,2199.01,0.08,4046.18,728.31,0.18,UPI,Supermarket,Regular Shopper
ORD03493,2023-06-20,CUST0643,Jaipur,Rajasthan,West,Grocery,Grocery - Rice,Rice,4,1978.28,0.08,7280.07,655.21,0.09,Cash,Hypermarket,Regular Shopper
ORD04366,2023-06-20,CUST0427,Jabalpur,Madhya Pradesh,West,Electronics,Electronics - Power Bank,Power Bank,4,1316.08,0.05,5001.1,900.2,0.18,Debit Card,Hypermarket,Premium Shopper
ORD04185,2023-06-20,CUST0318,New Delhi,Delhi,North,Grocery,Grocery - Cooking Oil,Cooking Oil,5,190.34,0.08,875.56,78.8,0.09,Wallet,Hypermarket,Regular Shopper
ORD04790,2023-06-21,CUST0720,Bengaluru,Karnataka,South,Electronics,Electronics - Extension Board,Extension Board,7,1722.57,0.15,10249.29,1844.87,0.18,Debit Card,Hypermarket,Budget Shopper
ORD02924,2023-06-21,CUST0316,Chennai,Tamil Nadu,South,Personal Care,Personal Care - Face Wash,Face Wash,4,1883.42,0.0,7533.68,1506.74,0.2,UPI,Hypermarket,Budget Shopper
ORD04340,2023-06-22,CUST0004,Jodhpur,Rajasthan,West,Personal Care,Personal Care - Body Lotion,Body Lotion,2,795.59,0.08,1463.89,292.78,0.2,Credit Card,Hypermarket,Budget Shopper
ORD00238,2023-06-22,CUST0980,Mysuru,Karnataka,South,Home Care,Home Care - Toilet Cleaner,Toilet Cleaner,7,2408.51,0.08,15510.8,2481.73,0.16,Cash,Hypermarket,Regular Shopper
ORD03078,2023-06-22,CUST0800,Jodhpur,Rajasthan,West,Electronics,Electronics - Extension Board,Extension Board,7,1925.22,0.15,11455.06,2061.91,0.18,Debit Card,Supermarket,Premium Shopper
ORD02387,2023-06-22,CUST0757,Chennai,Tamil Nadu,South,Personal Care,Personal Care - Toothpaste,Toothpaste,7,2030.55,0.05,13503.16,2700.63,0.2,UPI,Supermarket,Regular Shopper
ORD00601,2023-06-23,CUST0358,Coimbatore,Tamil Nadu,South,Home Care,Home Care - Dishwash,Dishwash,1,2346.65,0.08,2158.92,345.43,0.16,Wallet,Supermarket,Premium Shopper
ORD02096,2023-06-23,CUST0532,Hyderabad,Telangana,South,Beverages,Beverages - Coffee,Coffee,2,710.18,0.02,1391.95,194.87,0.14,UPI,Supermarket,Premium Shopper
ORD01943,2023-06-23,CUST0557,Mysuru,Karnataka,South,Home Care,Home Care - Tissue,Tissue,6,138.55,0.1,748.17,119.71,0.16,UPI,Hypermarket,Premium Shopper
ORD03817,2023-06-23,CUST0697,Coimbatore,Tamil Nadu,South,Personal Care,Personal Care - Toothpaste,Toothpaste,4,1814.97,0.15,6170.9,1234.18,0.2,Credit Card,Supermarket,Budget Shopper
ORD03969,2023-06-23,CUST0134,Mumbai,Maharashtra,West,Personal Care,Personal Care - Soap,Soap,1,1074.52,0.05,1020.79,204.16,0.2,Debit Card,Hypermarket,Regular Shopper
ORD03247,2023-06-24,CUST0878,Jaipur,Rajasthan,West,Home Care,Home Care - Floor Cleaner,Floor Cleaner,3,1553.79,0.2,3729.1,596.66,0.16,Wallet,Supermarket,Regular Shopper
ORD02733,2023-06-24,CUST0103,Pune,Maharashtra,West,Electronics,Electronics - Mixer,Mixer,4,801.19,0.1,2884.28,519.17,0.18,Wallet,Hypermarket,Budget Shopper
ORD00840,2023-06-24,CUST0703,Noida,Uttar Pradesh,North,Clothing,Clothing - Socks,Socks,5,1160.93,0.2,4643.72,1160.93,0.25,UPI,Supermarket,Premium Shopper
ORD00348,2023-06-24,CUST0137,New Delhi,Delhi,North,Home Care,Home Care - Tissue,Tissue,1,1894.51,0.08,1742.95,278.87,0.16,Credit Card,Supermarket,Regular Shopper
ORD01421,2023-06-24,CUST1136,Noida,Uttar Pradesh,North,Personal Care,Personal Care - Body Lotion,Body Lotion,4,685.43,0.08,2522.38,504.48,0.2,Credit Card,Hypermarket,Premium Shopper
ORD02802,2023-06-24,CUST0227,Ahmedabad,Gujarat,West,Grocery,Grocery - Rice,Rice,1,1634.35,0.15,1389.2,125.03,0.09,UPI,Hypermarket,Regular Shopper
ORD02082,2023-06-24,CUST0824,Rajkot,Gujarat,West,Beverages,Beverages - Coffee,Coffee,3,2323.24,0.05,6621.23,926.97,0.14,Debit Card,Supermarket,Budget Shopper
ORD02251,2023-06-24,CUST0105,Jaipur,Rajasthan,West,Grocery,Grocery - Cooking Oil,Cooking Oil,7,342.26,0.08,2204.15,198.37,0.09,Credit Card,Hypermarket,Regular Shopper
ORD03476,2023-06-24,CUST0403,Kolkata,West Bengal,East,Grocery,Grocery - Biscuits,Biscuits,6,2117.8,0.2,10165.44,914.89,0.09,Wallet,Hypermarket,Regular Shopper
ORD01539,2023-06-25,CUST0344,Mangaluru,Karnataka,South,Personal Care,Personal Care - Body Lotion,Body Lotion,3,2097.84,0.2,5034.82,1006.96,0.2,UPI,Hypermarket,Budget Shopper
ORD00028,2023-06-25,CUST0246,Surat,Gujarat,West,Home Care,Home Care - Detergent,Detergent,2,1399.94,0.15,2379.9,380.78,0.16,Debit Card,Supermarket,Premium Shopper
ORD04075,2023-06-25,CUST0262,Indore,Madhya Pradesh,West,Beverages,Beverages - Juice,Juice,4,384.85,0.08,1416.25,198.28,0.14,Credit Card,Hypermarket,Premium Shopper
ORD03535,2023-06-26,CUST0180,Surat,Gujarat,West,Clothing,Clothing - Kids Wear,Kids Wear,4,1727.73,0.05,6565.37,1641.34,0.25,Cash,Hypermarket,Budget Shopper
ORD03609,2023-06-26,CUST0507,Thane,Maharashtra,West,Grocery,Grocery - Rice,Rice,4,1271.84,0.15,4324.26,389.18,0.09,Wallet,Supermarket,Budget Shopper
ORD01546,2023-06-26,CUST0032,Mysuru,Karnataka,South,Personal Care,Personal Care - Toothpaste,Toothpaste,6,456.89,0.02,2686.51,537.3,0.2,Cash,Hypermarket,Budget Shopper
ORD03818,2023-06-26,CUST0407,Coimbatore,Tamil Nadu,South,Grocery,Grocery - Sugar,Sugar,7,199.53,0.08,1284.97,115.65,0.09,Wallet,Supermarket,Regular Shopper
ORD02515,2023-06-26,CUST0794,Kolkata,West Bengal,East,Personal Care,Personal Care - Face Wash,Face Wash,2,2322.44,0.25,3483.66,696.73,0.2,UPI,Supermarket,Premium Shopper
ORD01202,2023-06-26,CUST0603,Indore,Madhya Pradesh,West,Home Care,Home Care - Dishwash,Dishwash,5,1657.68,0.1,7459.56,1193.53,0.16,Debit Card,Hypermarket,Regular Shopper
ORD00677,2023-06-26,CUST0689,Mangaluru,Karnataka,South,Personal Care,Personal Care - Shampoo,Shampoo,6,2448.14,0.08,13513.73,2702.75,0.2,Wallet,Supermarket,Budget Shopper
ORD00527,2023-06-26,CUST0588,Ahmedabad,Gujarat,West,Electronics,Electronics - Earphones,Earphones,3,807.99,0.08,2230.05,401.41,0.18,Credit Card,Hypermarket,Premium Shopper
ORD02196,2023-06-27,CUST0256,Surat,Gujarat,West,Grocery,Grocery - Biscuits,Biscuits,4,1786.49,0.08,6574.28,591.69,0.09,Debit Card,Hypermarket,Regular Shopper
ORD00360,2023-06-27,CUST0514,Kolkata,West Bengal,East,Personal Care,Personal Care - Shampoo,Shampoo,2,981.68,0.08,1806.29,361.26,0.2,UPI,Supermarket,Regular Shopper
ORD04495,2023-06-27,CUST0064,Warangal,Telangana,South,Personal Care,Personal Care - Soap,Soap,2,136.67,0.15,232.34,46.47,0.2,Debit Card,Hypermarket,Budget Shopper
ORD00551,2023-06-27,CUST0366,Kolkata,West Bengal,East,Home Care,Home Care - Detergent,Detergent,7,2118.63,0.1,13347.37,2135.58,0.16,Cash,Supermarket,Budget Shopper
ORD01042,2023-06-27,CUST0909,Surat,Gujarat,West,Clothing,Clothing - Jeans,Jeans,5,1267.17,0.1,5702.26,1425.57,0.25,Cash,Hypermarket,Regular Shopper
ORD04498,2023-06-28,CUST0555,New Delhi,Delhi,North,Grocery,Grocery - Biscuits,Biscuits,3,259.35,0.05,739.15,66.52,0.09,UPI,Supermarket,Budget Shopper
ORD03715,2023-06-28,CUST0735,Kolkata,West Bengal,East,Personal Care,Personal Care - Toothpaste,Toothpaste,3,1844.53,0.02,5422.92,1084.58,0.2,UPI,Supermarket,Regular Shopper
ORD03517,2023-06-28,CUST0507,Udaipur,Rajasthan,West,Clothing,Clothing - T-Shirt,T-Shirt,3,1867.35,0.15,4761.74,1190.44,0.25,Credit Card,Hypermarket,Budget Shopper
ORD03874,2023-06-28,CUST1121,Mysuru,Karnataka,South,Grocery,Grocery - Cooking Oil,Cooking Oil,5,1156.1,0.1,5202.45,468.22,0.09,UPI,Hypermarket,Budget Shopper
ORD03162,2023-06-28,CUST0631,Chennai,Tamil Nadu,South,Clothing,Clothing - Socks,Socks,6,923.77,0.15,4711.23,1177.81,0.25,Credit Card,Hypermarket,Regular Shopper
ORD03722,2023-06-29,CUST0481,Warangal,Telangana,South,Grocery,Grocery - Biscuits,Biscuits,6,1295.31,0.15,6606.08,594.55,0.09,Debit Card,Hypermarket,Regular Shopper
ORD02810,2023-06-29,CUST0430,New Delhi,Delhi,North,Personal Care,Personal Care - Body Lotion,Body Lotion,3,780.29,0.0,2340.87,468.17,0.2,Credit Card,Supermarket,Premium Shopper
ORD01082,2023-06-29,CUST0878,Nashik,Maharashtra,West,Beverages,Beverages - Coffee,Coffee,2,981.75,0.05,1865.32,261.14,0.14,UPI,Hypermarket,Budget Shopper
ORD02455,2023-06-30,CUST0365,New Delhi,Delhi,North,Grocery,Grocery - Biscuits,Biscuits,2,509.82,0.1,917.68,82.59,0.09,UPI,Supermarket,Regular Shopper
ORD03926,2023-06-30,CUST0834,Bhopal,Madhya Pradesh,West,Electronics,Electronics - Mixer,Mixer,1,1865.39,0.1,1678.85,302.19,0.18,Credit Card,Supermarket,Regular Shopper
ORD02684,2023-06-30,CUST1061,Kanpur,Uttar Pradesh,North,Grocery,Grocery - Wheat Flour,Wheat Flour,5,1435.5,0.15,6100.88,549.08,0.09,Wallet,Hypermarket,Premium Shopper
ORD04438,2023-07-01,CUST1051,Kolkata,West Bengal,East,Beverages,Beverages - Soft Drink,Soft Drink,6,963.5,0.05,5491.95,768.87,0.14,Credit Card,Supermarket,Regular Shopper
ORD02302,2023-07-01,CUST0849,New Delhi,Delhi,North,Clothing,Clothing - Socks,Socks,2,528.38,0.1,951.08,237.77,0.25,Cash,Hypermarket,Regular Shopper
ORD01045,2023-07-01,CUST0832,Jabalpur,Madhya Pradesh,West,Home Care,Home Care - Dishwash,Dishwash,7,1688.99,0.0,11822.93,1891.67,0.16,Cash,Hypermarket,Regular Shopper
ORD00371,2023-07-01,CUST1001,Jaipur,Rajasthan,West,Home Care,Home Care - Detergent,Detergent,3,717.21,0.15,1828.89,292.62,0.16,Cash,Hypermarket,Budget Shopper
ORD02462,2023-07-01,CUST0099,Coimbatore,Tamil Nadu,South,Grocery,Grocery - Rice,Rice,4,241.46,0.15,820.96,73.89,0.09,Cash,Hypermarket,Budget Shopper
ORD01658,2023-07-01,CUST0569,Noida,Uttar Pradesh,North,Grocery,Grocery - Wheat Flour,Wheat Flour,2,1816.87,0.05,3452.05,310.68,0.09,Cash,Supermarket,Regular Shopper
ORD04320,2023-07-02,CUST0055,Indore,Madhya Pradesh,West,Grocery,Grocery - Biscuits,Biscuits,6,2260.75,0.08,12479.34,1123.14,0.09,Cash,Hypermarket,Regular Shopper
ORD04207,2023-07-02,CUST0912,Lucknow,Uttar Pradesh,North,Electronics,Electronics - LED Bulb,LED Bulb,7,1439.45,0.05,9572.34,1723.02,0.18,Debit Card,Hypermarket,Budget Shopper
ORD03901,2023-07-02,CUST0581,Jaipur,Rajasthan,West,Grocery,Grocery - Rice,Rice,7,1701.05,0.08,10954.76,985.93,0.09,Wallet,Hypermarket,Regular Shopper
ORD01087,2023-07-02,CUST0136,Noida,Uttar Pradesh,North,Clothing,Clothing - Jeans,Jeans,5,2174.74,0.1,9786.33,2446.58,0.25,Cash,Supermarket,Regular Shopper
ORD03481,2023-07-03,CUST0405,Udaipur,Rajasthan,West,Personal Care,Personal Care - Face Wash,Face Wash,1,1638.56,0.15,1392.78,278.56,0.2,UPI,Hypermarket,Regular Shopper
ORD00373,2023-07-03,CUST1180,New Delhi,Delhi,North,Clothing,Clothing - Shirt,Shirt,5,2385.7,0.02,11689.93,2922.48,0.25,Wallet,Hypermarket,Budget Shopper
ORD03129,2023-07-03,CUST0371,Nashik,Maharashtra,West,Grocery,Grocery - Biscuits,Biscuits,5,185.38,0.08,852.75,76.75,0.09,UPI,Supermarket,Budget Shopper
ORD02350,2023-07-04,CUST0433,Mysuru,Karnataka,South,Personal Care,Personal Care - Face Wash,Face Wash,1,390.41,0.1,351.37,70.27,0.2,Wallet,Supermarket,Budget Shopper
ORD01674,2023-07-04,CUST0964,Mysuru,Karnataka,South,Grocery,Grocery - Sugar,Sugar,3,317.27,0.1,856.63,77.1,0.09,Cash,Supermarket,Regular Shopper
ORD02407,2023-07-05,CUST0330,Vadodara,Gujarat,West,Beverages,Beverages - Juice,Juice,3,2457.95,0.1,6636.46,929.1,0.14,Debit Card,Supermarket,Budget Shopper
ORD01884,2023-07-05,CUST0102,Warangal,Telangana,South,Clothing,Clothing - Kids Wear,Kids Wear,1,845.05,0.1,760.54,190.14,0.25,Wallet,Supermarket,Regular Shopper
ORD01064,2023-07-05,CUST0441,Chennai,Tamil Nadu,South,Home Care,Home Care - Tissue,Tissue,4,616.39,0.1,2219.0,355.04,0.16,UPI,Hypermarket,Regular Shopper
ORD04216,2023-07-05,CUST0883,Bengaluru,Karnataka,South,Personal Care,Personal Care - Shampoo,Shampoo,6,606.81,0.15,3094.73,618.95,0.2,Cash,Supermarket,Regular Shopper
ORD01665,2023-07-05,CUST0232,Noida,Uttar Pradesh,North,Grocery,Grocery - Wheat Flour,Wheat Flour,5,1248.2,0.15,5304.85,477.44,0.09,UPI,Supermarket,Budget Shopper
ORD03014,2023-07-05,CUST0593,Jabalpur,Madhya Pradesh,West,Personal Care,Personal Care - Shampoo,Shampoo,7,1020.92,0.2,5717.15,1143.43,0.2,UPI,Supermarket,Budget Shopper
ORD04929,2023-07-06,CUST0895,Surat,Gujarat,West,Personal Care,Personal Care - Body Lotion,Body Lotion,2,2456.05,0.1,4420.89,884.18,0.2,Cash,Supermarket,Regular Shopper
ORD03250,2023-07-06,CUST1074,Jodhpur,Rajasthan,West,Beverages,Beverages - Tea,Tea,3,1618.59,0.1,4370.19,611.83,0.14,Credit Card,Supermarket,Budget Shopper
ORD00777,2023-07-06,CUST1098,Lucknow,Uttar Pradesh,North,Clothing,Clothing - Shirt,Shirt,4,1398.75,0.25,4196.25,1049.06,0.25,Credit Card,Supermarket,Premium Shopper
ORD03302,2023-07-06,CUST1134,Jaipur,Rajasthan,West,Grocery,Grocery - Biscuits,Biscuits,3,905.2,0.08,2498.35,224.85,0.09,Credit Card,Hypermarket,Budget Shopper
ORD00654,2023-07-06,CUST0025,New Delhi,Delhi,North,Electronics,Electronics - Power Bank,Power Bank,2,2311.28,0.02,4530.11,815.42,0.18,Wallet,Supermarket,Regular Shopper
ORD03893,2023-07-06,CUST0143,New Delhi,Delhi,North,Grocery,Grocery - Wheat Flour,Wheat Flour,6,844.69,0.1,4561.33,410.52,0.09,Wallet,Hypermarket,Regular Shopper
ORD04920,2023-07-06,CUST1148,Nashik,Maharashtra,West,Grocery,Grocery - Wheat Flour,Wheat Flour,7,2328.18,0.05,15482.4,1393.42,0.09,Cash,Hypermarket,Premium Shopper
ORD01461,2023-07-06,CUST0458,Thane,Maharashtra,West,Grocery,Grocery - Wheat Flour,Wheat Flour,2,1364.73,0.05,2592.99,233.37,0.09,Wallet,Hypermarket,Premium Shopper
ORD03935,2023-07-07,CUST1033,Kanpur,Uttar Pradesh,North,Beverages,Beverages - Juice,Juice,3,1202.16,0.1,3245.83,454.42,0.14,Debit Card,Supermarket,Budget Shopper
ORD04587,2023-07-07,CUST0255,New Delhi,Delhi,North,Grocery,Grocery - Wheat Flour,Wheat Flour,6,2410.97,0.08,13308.55,1197.77,0.09,UPI,Hypermarket,Regular Shopper
ORD01984,2023-07-07,CUST0994,Rajkot,Gujarat,West,Electronics,Electronics - Earphones,Earphones,7,1708.32,0.1,10762.42,1937.24,0.18,Wallet,Hypermarket,Budget Shopper
ORD02945,2023-07-07,CUST1045,Rajkot,Gujarat,West,Electronics,Electronics - Extension Board,Extension Board,5,588.71,0.1,2649.2,476.86,0.18,Cash,Hypermarket,Premium Shopper
ORD00507,2023-07-08,CUST0295,Indore,Madhya Pradesh,West,Home Care,Home Care - Floor Cleaner,Floor Cleaner,7,1291.88,0.15,7686.69,1229.87,0.16,Debit Card,Supermarket,Regular Shopper
ORD03336,2023-07-08,CUST0903,Indore,Madhya Pradesh,West,Personal Care,Personal Care - Face Wash,Face Wash,5,2158.67,0.05,10253.68,2050.74,0.2,Credit Card,Supermarket,Regular Shopper
ORD03176,2023-07-08,CUST0078,New Delhi,Delhi,North,Home Care,Home Care - Tissue,Tissue,1,2103.8,0.15,1788.23,286.12,0.16,Debit Card,Supermarket,Regular Shopper
ORD01510,2023-07-08,CUST0842,Indore,Madhya Pradesh,West,Grocery,Grocery - Biscuits,Biscuits,6,1189.55,0.0,7137.3,642.36,0.09,Debit Card,Hypermarket,Budget Shopper
ORD01621,2023-07-08,CUST0482,Kolkata,West Bengal,East,Electronics,Electronics - LED Bulb,LED Bulb,1,2454.76,0.2,1963.81,353.49,0.18,Debit Card,Supermarket,Premium Shopper
ORD00030,2023-07-09,CUST0575,Surat,Gujarat,West,Personal Care,Personal Care - Toothpaste,Toothpaste,2,744.89,0.15,1266.31,253.26,0.2,UPI,Supermarket,Budget Shopper
ORD04492,2023-07-09,CUST0467,Mangaluru,Karnataka,South,Beverages,Beverages - Coffee,Coffee,6,2468.73,0.05,14071.76,1970.05,0.14,Wallet,Supermarket,Regular Shopper
ORD00891,2023-07-09,CUST0137,Bhopal,Madhya Pradesh,West,Grocery,Grocery - Biscuits,Biscuits,7,1783.34,0.02,12233.71,1101.03,0.09,UPI,Supermarket,Regular Shopper
ORD03898,2023-07-09,CUST0501,Jodhpur,Rajasthan,West,Beverages,Beverages - Coffee,Coffee,4,1926.78,0.2,6165.7,863.2,0.14,Wallet,Hypermarket,Budget Shopper
ORD02143,2023-07-09,CUST0992,Surat,Gujarat,West,Clothing,Clothing - Shirt,Shirt,1,1267.68,0.0,1267.68,316.92,0.25,UPI,Hypermarket,Budget Shopper
ORD00049,2023-07-09,CUST0348,Kanpur,Uttar Pradesh,North,Home Care,Home Care - Tissue,Tissue,4,1024.55,0.05,3893.29,622.93,0.16,UPI,Supermarket,Budget Shopper
ORD02444,2023-07-09,CUST0561,New Delhi,Delhi,North,Beverages,Beverages - Tea,Tea,4,1539.16,0.1,5540.98,775.74,0.14,Debit Card,Supermarket,Budget Shopper
ORD03193,2023-07-09,CUST0993,Nagpur,Maharashtra,West,Personal Care,Personal Care - Shampoo,Shampoo,7,717.61,0.02,4922.8,984.56,0.2,Debit Card,Supermarket,Budget Shopper
ORD03418,2023-07-09,CUST0436,Madurai,Tamil Nadu,South,Clothing,Clothing - Shirt,Shirt,6,811.0,0.15,4136.1,1034.03,0.25,Wallet,Hypermarket,Budget Shopper
ORD04327,2023-07-09,CUST0617,Madurai,Tamil Nadu,South,Beverages,Beverages - Juice,Juice,5,979.79,0.02,4800.97,672.14,0.14,Credit Card,Supermarket,Regular Shopper
ORD00669,2023-07-10,CUST1098,Kanpur,Uttar Pradesh,North,Clothing,Clothing - Shirt,Shirt,3,996.03,0.1,2689.28,672.32,0.25,Wallet,Hypermarket,Regular Shopper
ORD03804,2023-07-10,CUST0395,Kolkata,West Bengal,East,Home Care,Home Care - Toilet Cleaner,Toilet Cleaner,5,1236.75,0.02,6060.08,969.61,0.16,UPI,Hypermarket,Regular Shopper
ORD03404,2023-07-10,CUST0560,Mysuru,Karnataka,South,Electronics,Electronics - Earphones,Earphones,6,378.98,0.1,2046.49,368.37,0.18,Wallet,Supermarket,Budget Shopper
ORD01177,2023-07-10,CUST0639,Bengaluru,Karnataka,South,Grocery,Grocery - Wheat Flour,Wheat Flour,7,168.78,0.02,1157.83,104.2,0.09,Debit Card,Supermarket,Regular Shopper
ORD01325,2023-07-11,CUST0711,Mumbai,Maharashtra,West,Home Care,Home Care - Detergent,Detergent,7,925.89,0.1,5833.11,933.3,0.16,Wallet,Hypermarket,Budget Shopper
ORD00025,2023-07-11,CUST0547,Thane,Maharashtra,West,Grocery,Grocery - Cooking Oil,Cooking Oil,1,1627.86,0.25,1220.9,109.88,0.09,Wallet,Supermarket,Premium Shopper
ORD00679,2023-07-11,CUST1117,Jodhpur,Rajasthan,West,Beverages,Beverages - Soft Drink,Soft Drink,4,58.1,0.0,232.4,32.54,0.14,Debit Card,Hypermarket,Regular Shopper
ORD02536,2023-07-11,CUST0732,Chennai,Tamil Nadu,South,Beverages,Beverages - Packaged Water,Packaged Water,5,222.12,0.15,944.01,132.16,0.14,Debit Card,Hypermarket,Premium Shopper
ORD00318,2023-07-11,CUST0183,Nashik,Maharashtra,West,Home Care,Home Care - Tissue,Tissue,3,1260.8,0.08,3479.81,556.77,0.16,Cash,Supermarket,Budget Shopper
ORD01152,2023-07-11,CUST1128,New Delhi,Delhi,North,Electronics,Electronics - Earphones,Earphones,3,598.1,0.05,1704.58,306.82,0.18,UPI,Hypermarket,Budget Shopper
ORD03983,2023-07-12,CUST0593,Mysuru,Karnataka,South,Beverages,Beverages - Packaged Water,Packaged Water,4,1359.64,0.15,4622.78,647.19,0.14,UPI,Hypermarket,Budget Shopper
ORD02748,2023-07-12,CUST1200,Mysuru,Karnataka,South,Electronics,Electronics - Power Bank,Power Bank,5,1349.65,0.02,6613.28,1190.39,0.18,Debit Card,Hypermarket,Regular Shopper
ORD02953,2023-07-12,CUST0543,Nagpur,Maharashtra,West,Beverages,Beverages - Tea,Tea,5,1860.42,0.0,9302.1,1302.29,0.14,Debit Card,Supermarket,Regular Shopper
ORD04458,2023-07-12,CUST1052,Kolkata,West Bengal,East,Personal Care,Personal Care - Shampoo,Shampoo,1,2436.18,0.02,2387.46,477.49,0.2,Credit Card,Supermarket,Regular Shopper
ORD01031,2023-07-12,CUST1051,New Delhi,Delhi,North,Beverages,Beverages - Tea,Tea,5,2131.66,0.1,9592.47,1342.95,0.14,Credit Card,Hypermarket,Premium Shopper
ORD01026,2023-07-12,CUST0680,Kolkata,West Bengal,East,Home Care,Home Care - Dishwash,Dishwash,2,2068.82,0.15,3516.99,562.72,0.16,Credit Card,Hypermarket,Budget Shopper
ORD01232,2023-07-13,CUST1026,Kolkata,West Bengal,East,Beverages,Beverages - Tea,Tea,3,2142.86,0.08,5914.29,828.0,0.14,Cash,Hypermarket,Budget Shopper
ORD02732,2023-07-13,CUST0892,Vadodara,Gujarat,West,Home Care,Home Care - Floor Cleaner,Floor Cleaner,7,840.74,0.05,5590.92,894.55,0.16,Cash,Supermarket,Budget Shopper
ORD03793,2023-07-13,CUST0046,Bengaluru,Karnataka,South,Beverages,Beverages - Tea,Tea,1,2276.68,0.08,2094.55,293.24,0.14,Credit Card,Supermarket,Regular Shopper
ORD03651,2023-07-14,CUST0860,Chennai,Tamil Nadu,South,Grocery,Grocery - Biscuits,Biscuits,3,1849.03,0.0,5547.09,499.24,0.09,Cash,Supermarket,Premium Shopper
ORD03835,2023-07-14,CUST0475,Kolkata,West Bengal,East,Home Care,Home Care - Floor Cleaner,Floor Cleaner,7,1784.68,0.02,12242.9,1958.86,0.16,UPI,Hypermarket,Regular Shopper
ORD00436,2023-07-14,CUST0493,New Delhi,Delhi,North,Grocery,Grocery - Cooking Oil,Cooking Oil,2,837.85,0.2,1340.56,120.65,0.09,Credit Card,Hypermarket,Regular Shopper
ORD03348,2023-07-14,CUST0852,Vadodara,Gujarat,West,Grocery,Grocery - Sugar,Sugar,1,144.2,0.2,115.36,10.38,0.09,Cash,Supermarket,Premium Shopper
ORD01803,2023-07-14,CUST0130,Jaipur,Rajasthan,West,Grocery,Grocery - Rice,Rice,4,2269.42,0.2,7262.14,653.59,0.09,Credit Card,Supermarket,Budget Shopper
ORD02562,2023-07-14,CUST0344,Kanpur,Uttar Pradesh,North,Grocery,Grocery - Sugar,Sugar,5,565.25,0.0,2826.25,254.36,0.09,Debit Card,Supermarket,Regular Shopper
ORD04313,2023-07-15,CUST0628,Noida,Uttar Pradesh,North,Personal Care,Personal Care - Toothpaste,Toothpaste,2,140.6,0.1,253.08,50.62,0.2,Debit Card,Hypermarket,Regular Shopper
ORD04620,2023-07-15,CUST0330,Thane,Maharashtra,West,Electronics,Electronics - Extension Board,Extension Board,5,2058.17,0.2,8232.68,1481.88,0.18,UPI,Hypermarket,Budget Shopper
ORD01127,2023-07-15,CUST0550,Kolkata,West Bengal,East,Electronics,Electronics - Power Bank,Power Bank,6,1103.39,0.15,5627.29,1012.91,0.18,Debit Card,Supermarket,Budget Shopper
ORD01790,2023-07-15,CUST0999,Rajkot,Gujarat,West,Beverages,Beverages - Soft Drink,Soft Drink,1,611.87,0.1,550.68,77.1,0.14,Debit Card,Supermarket,Budget Shopper
ORD03883,2023-07-15,CUST0367,Ahmedabad,Gujarat,West,Grocery,Grocery - Sugar,Sugar,5,1646.5,0.1,7409.25,666.83,0.09,Credit Card,Supermarket,Budget Shopper
ORD01553,2023-07-15,CUST0706,Nagpur,Maharashtra,West,Grocery,Grocery - Wheat Flour,Wheat Flour,1,458.46,0.02,449.29,40.44,0.09,Wallet,Supermarket,Budget Shopper
ORD00574,2023-07-15,CUST0204,Warangal,Telangana,South,Grocery,Grocery - Rice,Rice,1,1523.98,0.05,1447.78,130.3,0.09,Wallet,Supermarket,Budget Shopper
ORD03633,2023-07-16,CUST0813,Mysuru,Karnataka,South,Personal Care,Personal Care - Toothpaste,Toothpaste,7,1689.34,0.2,9460.3,1892.06,0.2,Credit Card,Hypermarket,Premium Shopper
ORD03583,2023-07-16,CUST0698,Hyderabad,Telangana,South,Home Care,Home Care - Floor Cleaner,Floor Cleaner,1,249.58,0.15,212.14,33.94,0.16,Debit Card,Supermarket,Budget Shopper
ORD00778,2023-07-17,CUST0630,Kanpur,Uttar Pradesh,North,Beverages,Beverages - Soft Drink,Soft Drink,7,40.99,0.0,286.93,40.17,0.14,Debit Card,Supermarket,Budget Shopper
ORD00509,2023-07-17,CUST0691,Coimbatore,Tamil Nadu,South,Beverages,Beverages - Tea,Tea,3,869.83,0.0,2609.49,365.33,0.14,UPI,Supermarket,Budget Shopper
ORD01133,2023-07-17,CUST1072,New Delhi,Delhi,North,Home Care,Home Care - Toilet Cleaner,Toilet Cleaner,1,2066.36,0.08,1901.05,304.17,0.16,UPI,Supermarket,Regular Shopper
ORD00710,2023-07-17,CUST0415,Surat,Gujarat,West,Grocery,Grocery - Cooking Oil,Cooking Oil,7,2241.08,0.08,14432.56,1298.93,0.09,Wallet,Supermarket,Regular Shopper
ORD01168,2023-07-18,CUST0522,Vadodara,Gujarat,West,Grocery,Grocery - Wheat Flour,Wheat Flour,4,240.47,0.05,913.79,82.24,0.09,Credit Card,Supermarket,Regular Shopper
ORD00521,2023-07-18,CUST0114,Surat,Gujarat,West,Grocery,Grocery - Sugar,Sugar,1,1056.24,0.1,950.62,85.56,0.09,Credit Card,Hypermarket,Premium Shopper
ORD01401,2023-07-18,CUST0819,Kolkata,West Bengal,East,Clothing,Clothing - Shirt,Shirt,1,2369.36,0.05,2250.89,562.72,0.25,Wallet,Supermarket,Budget Shopper
ORD01678,2023-07-18,CUST0522,Hyderabad,Telangana,South,Personal Care,Personal Care - Soap,Soap,3,176.26,0.08,486.48,97.3,0.2,UPI,Supermarket,Regular Shopper
ORD04134,2023-07-18,CUST0437,Kolkata,West Bengal,East,Personal Care,Personal Care - Shampoo,Shampoo,7,1249.2,0.08,8044.85,1608.97,0.2,Cash,Supermarket,Premium Shopper
ORD04448,2023-07-18,CUST0253,Kolkata,West Bengal,East,Clothing,Clothing - Jeans,Jeans,7,2397.61,0.08,15440.61,3860.15,0.25,UPI,Hypermarket,Premium Shopper
ORD01077,2023-07-19,CUST0302,Mysuru,Karnataka,South,Personal Care,Personal Care - Toothpaste,Toothpaste,7,944.76,0.15,5621.32,1124.26,0.2,Cash,Hypermarket,Regular Shopper
ORD02806,2023-07-19,CUST0964,Kolkata,West Bengal,East,Beverages,Beverages - Juice,Juice,3,724.97,0.1,1957.42,274.04,0.14,Wallet,Supermarket,Regular Shopper
ORD02218,2023-07-19,CUST1112,Bhopal,Madhya Pradesh,West,Home Care,Home Care - Tissue,Tissue,1,2393.79,0.2,1915.03,306.4,0.16,UPI,Hypermarket,Regular Shopper
ORD02544,2023-07-19,CUST0489,Mysuru,Karnataka,South,Electronics,Electronics - Earphones,Earphones,2,792.24,0.08,1457.72,262.39,0.18,UPI,Supermarket,Regular Shopper
ORD03059,2023-07-20,CUST1173,Warangal,Telangana,South,Grocery,Grocery - Sugar,Sugar,4,1540.54,0.2,4929.73,443.68,0.09,Wallet,Hypermarket,Regular Shopper
ORD01196,2023-07-20,CUST0893,Kolkata,West Bengal,East,Personal Care,Personal Care - Toothpaste,Toothpaste,3,115.73,0.05,329.83,65.97,0.2,Cash,Hypermarket,Regular Shopper
ORD03217,2023-07-20,CUST0352,New Delhi,Delhi,North,Grocery,Grocery - Biscuits,Biscuits,5,1130.92,0.08,5202.23,468.2,0.09,UPI,Supermarket,Budget Shopper
ORD03797,2023-07-20,CUST0785,Madurai,Tamil Nadu,South,Clothing,Clothing - Socks,Socks,1,1105.91,0.1,995.32,248.83,0.25,Debit Card,Supermarket,Budget Shopper
ORD02440,2023-07-20,CUST0196,Jodhpur,Rajasthan,West,Personal Care,Personal Care - Shampoo,Shampoo,5,1017.69,0.02,4986.68,997.34,0.2,Wallet,Hypermarket,Budget Shopper
ORD04156,2023-07-20,CUST0035,Lucknow,Uttar Pradesh,North,Beverages,Beverages - Tea,Tea,5,272.63,0.08,1254.1,175.57,0.14,Wallet,Supermarket,Regular Shopper
ORD01501,2023-07-20,CUST0358,Kolkata,West Bengal,East,Beverages,Beverages - Soft Drink,Soft Drink,3,750.52,0.02,2206.53,308.91,0.14,Credit Card,Hypermarket,Budget Shopper
ORD02605,2023-07-20,CUST0209,Warangal,Telangana,South,Beverages,Beverages - Juice,Juice,5,2076.29,0.1,9343.3,1308.06,0.14,Cash,Hypermarket,Budget Shopper
ORD01605,2023-07-21,CUST0204,Thane,Maharashtra,West,Home Care,Home Care - Floor Cleaner,Floor Cleaner,7,1720.09,0.08,11077.38,1772.38,0.16,Wallet,Supermarket,Regular Shopper
ORD03080,2023-07-21,CUST0791,Jabalpur,Madhya Pradesh,West,Beverages,Beverages - Packaged Water,Packaged Water,3,2375.36,0.05,6769.78,947.77,0.14,UPI,Hypermarket,Budget Shopper
ORD03957,2023-07-21,CUST0413,New Delhi,Delhi,North,Beverages,Beverages - Packaged Water,Packaged Water,4,483.49,0.15,1643.87,230.14,0.14,UPI,Hypermarket,Budget Shopper
ORD00649,2023-07-21,CUST0842,Coimbatore,Tamil Nadu,South,Beverages,Beverages - Coffee,Coffee,3,1941.99,0.05,5534.67,774.85,0.14,Credit Card,Hypermarket,Regular Shopper
ORD03708,2023-07-21,CUST0082,Kolkata,West Bengal,East,Beverages,Beverages - Tea,Tea,3,874.83,0.0,2624.49,367.43,0.14,UPI,Hypermarket,Regular Shopper
ORD04577,2023-07-21,CUST0703,New Delhi,Delhi,North,Clothing,Clothing - Socks,Socks,7,108.6,0.08,699.38,174.85,0.25,Wallet,Hypermarket,Regular Shopper
ORD04376,2023-07-21,CUST0137,Nagpur,Maharashtra,West,Grocery,Grocery - Rice,Rice,5,55.51,0.05,263.67,23.73,0.09,Wallet,Hypermarket,Premium Shopper
ORD02838,2023-07-21,CUST0282,Kanpur,Uttar Pradesh,North,Grocery,Grocery - Rice,Rice,3,840.89,0.15,2144.27,192.98,0.09,Wallet,Supermarket,Budget Shopper
ORD01827,2023-07-21,CUST0560,New Delhi,Delhi,North,Personal Care,Personal Care - Shampoo,Shampoo,7,2038.63,0.1,12843.37,2568.67,0.2,UPI,Hypermarket,Budget Shopper
ORD03003,2023-07-21,CUST0036,Surat,Gujarat,West,Clothing,Clothing - Jeans,Jeans,6,754.36,0.05,4299.85,1074.96,0.25,UPI,Supermarket,Budget Shopper
ORD00947,2023-07-22,CUST0848,Bhopal,Madhya Pradesh,West,Grocery,Grocery - Wheat Flour,Wheat Flour,5,988.14,0.08,4545.44,409.09,0.09,UPI,Hypermarket,Budget Shopper
ORD02386,2023-07-22,CUST1022,Mysuru,Karnataka,South,Personal Care,Personal Care - Face Wash,Face Wash,3,627.02,0.0,1881.06,376.21,0.2,UPI,Hypermarket,Budget Shopper
ORD00773,2023-07-22,CUST0795,New Delhi,Delhi,North,Clothing,Clothing - T-Shirt,T-Shirt,1,304.24,0.2,243.39,60.85,0.25,Debit Card,Hypermarket,Premium Shopper
ORD04264,2023-07-22,CUST1197,Udaipur,Rajasthan,West,Grocery,Grocery - Cooking Oil,Cooking Oil,5,2463.72,0.1,11086.74,997.81,0.09,UPI,Hypermarket,Budget Shopper
ORD04293,2023-07-23,CUST0864,Pune,Maharashtra,West,Grocery,Grocery - Biscuits,Biscuits,5,2322.78,0.1,10452.51,940.73,0.09,UPI,Hypermarket,Regular Shopper
ORD04762,2023-07-23,CUST1049,Noida,Uttar Pradesh,North,Home Care,Home Care - Detergent,Detergent,6,1163.35,0.1,6282.09,1005.13,0.16,Credit Card,Hypermarket,Premium Shopper
ORD02165,2023-07-23,CUST0303,Warangal,Telangana,South,Home Care,Home Care - Toilet Cleaner,Toilet Cleaner,2,741.58,0.02,1453.5,232.56,0.16,Credit Card,Supermarket,Budget Shopper
ORD03323,2023-07-23,CUST0393,Bengaluru,Karnataka,South,Grocery,Grocery - Wheat Flour,Wheat Flour,7,1949.93,0.2,10919.61,982.76,0.09,UPI,Hypermarket,Regular Shopper
ORD02672,2023-07-23,CUST0293,Mangaluru,Karnataka,South,Electronics,Electronics - Mixer,Mixer,2,642.19,0.05,1220.16,219.63,0.18,UPI,Supermarket,Regular Shopper
ORD00760,2023-07-23,CUST1128,Vadodara,Gujarat,West,Grocery,Grocery - Rice,Rice,4,535.44,0.25,1606.32,144.57,0.09,Cash,Hypermarket,Budget Shopper
ORD02058,2023-07-23,CUST0866,Vadodara,Gujarat,West,Grocery,Grocery - Sugar,Sugar,2,1843.72,0.1,3318.7,298.68,0.09,Cash,Supermarket,Premium Shopper
ORD01964,2023-07-24,CUST0761,Jabalpur,Madhya Pradesh,West,Electronics,Electronics - Extension Board,Extension Board,5,1224.68,0.08,5633.53,1014.04,0.18,UPI,Hypermarket,Regular Shopper
ORD00387,2023-07-25,CUST0006,Jabalpur,Madhya Pradesh,West,Personal Care,Personal Care - Shampoo,Shampoo,2,661.88,0.08,1217.86,243.57,0.2,Debit Card,Supermarket,Regular Shopper
ORD00347,2023-07-25,CUST1035,Mysuru,Karnataka,South,Personal Care,Personal Care - Face Wash,Face Wash,7,450.65,0.08,2902.19,580.44,0.2,Debit Card,Supermarket,Budget Shopper
ORD04387,2023-07-25,CUST0263,Mumbai,Maharashtra,West,Grocery,Grocery - Wheat Flour,Wheat Flour,2,1751.37,0.02,3432.69,308.94,0.09,UPI,Hypermarket,Budget Shopper
ORD03420,2023-07-25,CUST0814,Bhopal,Madhya Pradesh,West,Home Care,Home Care - Detergent,Detergent,2,1915.32,0.1,3447.58,551.61,0.16,Debit Card,Hypermarket,Regular Shopper
ORD02349,2023-07-25,CUST0049,Kolkata,West Bengal,East,Grocery,Grocery - Biscuits,Biscuits,4,224.98,0.25,674.94,60.74,0.09,Credit Card,Hypermarket,Regular Shopper
ORD01685,2023-07-25,CUST0418,New Delhi,Delhi,North,Beverages,Beverages - Juice,Juice,3,2309.83,0.08,6375.13,892.52,0.14,Credit Card,Hypermarket,Regular Shopper
ORD00563,2023-07-26,CUST1108,Kolkata,West Bengal,East,Clothing,Clothing - Socks,Socks,5,2063.85,0.08,9493.71,2373.43,0.25,UPI,Supermarket,Regular Shopper
ORD03596,2023-07-26,CUST0967,Warangal,Telangana,South,Personal Care,Personal Care - Shampoo,Shampoo,5,598.32,0.08,2752.27,550.45,0.2,Cash,Supermarket,Regular Shopper
ORD02532,2023-07-26,CUST0861,Kanpur,Uttar Pradesh,North,Personal Care,Personal Care - Body Lotion,Body Lotion,4,1264.83,0.08,4654.57,930.91,0.2,Wallet,Hypermarket,Regular Shopper
ORD03366,2023-07-27,CUST0244,Jabalpur,Madhya Pradesh,West,Grocery,Grocery - Cooking Oil,Cooking Oil,3,1224.25,0.15,3121.84,280.97,0.09,Credit Card,Hypermarket,Premium Shopper
ORD00853,2023-07-27,CUST0255,Jodhpur,Rajasthan,West,Home Care,Home Care - Floor Cleaner,Floor Cleaner,4,1686.6,0.25,5059.8,809.57,0.16,Debit Card,Supermarket,Regular Shopper
ORD03140,2023-07-27,CUST1186,Bengaluru,Karnataka,South,Grocery,Grocery - Rice,Rice,3,1447.54,0.15,3691.23,332.21,0.09,Debit Card,Hypermarket,Budget Shopper
ORD04567,2023-07-27,CUST0400,Chennai,Tamil Nadu,South,Home Care,Home Care - Toilet Cleaner,Toilet Cleaner,6,2044.77,0.05,11655.19,1864.83,0.16,UPI,Supermarket,Regular Shopper
ORD04982,2023-07-27,CUST0409,Kanpur,Uttar Pradesh,North,Clothing,Clothing - Kids Wear,Kids Wear,4,1539.95,0.2,4927.84,1231.96,0.25,Debit Card,Hypermarket,Budget Shopper
ORD02327,2023-07-28,CUST0650,Thane,Maharashtra,West,Beverages,Beverages - Tea,Tea,5,1334.47,0.1,6005.12,840.72,0.14,Cash,Supermarket,Regular Shopper
ORD00751,2023-07-28,CUST1076,Chennai,Tamil Nadu,South,Electronics,Electronics - Power Bank,Power Bank,1,1394.7,0.05,1324.96,238.49,0.18,Debit Card,Hypermarket,Regular Shopper
ORD01878,2023-07-28,CUST0500,Jabalpur,Madhya Pradesh,West,Grocery,Grocery - Wheat Flour,Wheat Flour,1,212.47,0.15,180.6,16.25,0.09,Wallet,Hypermarket,Budget Shopper
ORD03091,2023-07-28,CUST0243,Thane,Maharashtra,West,Beverages,Beverages - Soft Drink,Soft Drink,2,1690.64,0.08,3110.78,435.51,0.14,Cash,Supermarket,Regular Shopper
ORD04019,2023-07-28,CUST1168,Warangal,Telangana,South,Grocery,Grocery - Cooking Oil,Cooking Oil,3,1627.3,0.0,4881.9,439.37,0.09,Credit Card,Hypermarket,Regular Shopper
ORD03178,2023-07-29,CUST0943,New Delhi,Delhi,North,Home Care,Home Care - Detergent,Detergent,5,345.8,0.08,1590.68,254.51,0.16,Wallet,Supermarket,Regular Shopper
ORD04370,2023-07-29,CUST0080,New Delhi,Delhi,North,Personal Care,Personal Care - Soap,Soap,1,2211.78,0.0,2211.78,442.36,0.2,UPI,Hypermarket,Regular Shopper
ORD04127,2023-07-29,CUST1178,Hyderabad,Telangana,South,Home Care,Home Care - Toilet Cleaner,Toilet Cleaner,3,600.54,0.1,1621.46,259.43,0.16,Credit Card,Hypermarket,Regular Shopper
ORD00547,2023-07-29,CUST0915,New Delhi,Delhi,North,Personal Care,Personal Care - Soap,Soap,3,1160.9,0.05,3308.56,661.71,0.2,Debit Card,Supermarket,Budget Shopper
ORD00659,2023-07-30,CUST1039,Jaipur,Rajasthan,West,Home Care,Home Care - Floor Cleaner,Floor Cleaner,5,1677.5,0.02,8219.75,1315.16,0.16,Cash,Supermarket,Budget Shopper
ORD03508,2023-07-30,CUST0291,Jodhpur,Rajasthan,West,Home Care,Home Care - Tissue,Tissue,7,293.69,0.15,1747.46,279.59,0.16,Wallet,Supermarket,Premium Shopper
ORD04144,2023-07-30,CUST0897,New Delhi,Delhi,North,Grocery,Grocery - Biscuits,Biscuits,7,451.38,0.1,2843.69,255.93,0.09,Debit Card,Hypermarket,Budget Shopper
ORD00572,2023-07-30,CUST0275,Jaipur,Rajasthan,West,Grocery,Grocery - Wheat Flour,Wheat Flour,6,1712.07,0.02,10066.97,906.03,0.09,Credit Card,Hypermarket,Regular Shopper
ORD02999,2023-07-30,CUST0752,Kolkata,West Bengal,East,Grocery,Grocery - Sugar,Sugar,4,2130.19,0.15,7242.65,651.84,0.09,UPI,Supermarket,Premium Shopper
ORD02393,2023-07-30,CUST0638,New Delhi,Delhi,North,Home Care,Home Care - Toilet Cleaner,Toilet Cleaner,5,2193.85,0.0,10969.25,1755.08,0.16,Cash,Supermarket,Budget Shopper
ORD04615,2023-07-31,CUST0064,Lucknow,Uttar Pradesh,North,Grocery,Grocery - Rice,Rice,4,2161.11,0.05,8212.22,739.1,0.09,UPI,Hypermarket,Regular Shopper
ORD03179,2023-07-31,CUST0672,Mysuru,Karnataka,South,Personal Care,Personal Care - Shampoo,Shampoo,3,784.68,0.05,2236.34,447.27,0.2,Debit Card,Hypermarket,Regular Shopper
ORD02769,2023-07-31,CUST0908,New Delhi,Delhi,North,Grocery,Grocery - Biscuits,Biscuits,5,507.46,0.15,2156.7,194.1,0.09,Wallet,Supermarket,Budget Shopper
ORD04802,2023-07-31,CUST0677,Kolkata,West Bengal,East,Clothing,Clothing - Kids Wear,Kids Wear,5,2251.39,0.1,10131.25,2532.81,0.25,Debit Card,Hypermarket,Budget Shopper
ORD04627,2023-08-01,CUST0758,Jodhpur,Rajasthan,West,Grocery,Grocery - Wheat Flour,Wheat Flour,6,2476.36,0.02,14561.0,1310.49,0.09,Credit Card,Hypermarket,Regular Shopper
ORD03605,2023-08-01,CUST0497,Kolkata,West Bengal,East,Personal Care,Personal Care - Face Wash,Face Wash,4,1423.76,0.05,5410.29,1082.06,0.2,Credit Card,Supermarket,Budget Shopper
ORD01558,2023-08-01,CUST0152,Bhopal,Madhya Pradesh,West,Personal Care,Personal Care - Shampoo,Shampoo,7,2127.62,0.08,13701.87,2740.37,0.2,UPI,Supermarket,Regular Shopper
ORD02595,2023-08-02,CUST0651,Rajkot,Gujarat,West,Personal Care,Personal Care - Body Lotion,Body Lotion,3,1884.8,0.15,4806.24,961.25,0.2,Debit Card,Hypermarket,Budget Shopper
ORD03949,2023-08-02,CUST0290,Coimbatore,Tamil Nadu,South,Grocery,Grocery - Sugar,Sugar,1,606.36,0.1,545.72,49.11,0.09,Wallet,Hypermarket,Premium Shopper
ORD00992,2023-08-02,CUST0559,Coimbatore,Tamil Nadu,South,Home Care,Home Care - Floor Cleaner,Floor Cleaner,6,382.33,0.2,1835.18,293.63,0.16,Cash,Hypermarket,Regular Shopper
ORD04685,2023-08-02,CUST0283,New Delhi,Delhi,North,Home Care,Home Care - Toilet Cleaner,Toilet Cleaner,2,1773.72,0.1,3192.7,510.83,0.16,UPI,Supermarket,Budget Shopper
ORD01008,2023-08-02,CUST0248,Madurai,Tamil Nadu,South,Grocery,Grocery - Cooking Oil,Cooking Oil,6,744.46,0.0,4466.76,402.01,0.09,UPI,Supermarket,Regular Shopper
ORD00291,2023-08-02,CUST1069,New Delhi,Delhi,North,Clothing,Clothing - T-Shirt,T-Shirt,3,414.73,0.1,1119.77,279.94,0.25,Wallet,Supermarket,Regular Shopper
ORD04286,2023-08-02,CUST0458,New Delhi,Delhi,North,Electronics,Electronics - Earphones,Earphones,3,1784.1,0.25,4014.22,722.56,0.18,Wallet,Hypermarket,Budget Shopper
ORD02842,2023-08-02,CUST0545,Bengaluru,Karnataka,South,Electronics,Electronics - Mixer,Mixer,7,1952.06,0.15,11614.76,2090.66,0.18,Credit Card,Supermarket,Regular Shopper
ORD00785,2023-08-02,CUST0539,Lucknow,Uttar Pradesh,North,Grocery,Grocery - Cooking Oil,Cooking Oil,2,567.83,0.05,1078.88,97.1,0.09,Cash,Supermarket,Regular Shopper
ORD02519,2023-08-03,CUST0693,Jabalpur,Madhya Pradesh,West,Beverages,Beverages - Juice,Juice,3,1050.97,0.05,2995.26,419.34,0.14,Wallet,Supermarket,Regular Shopper
ORD01514,2023-08-03,CUST1097,Bengaluru,Karnataka,South,Grocery,Grocery - Wheat Flour,Wheat Flour,7,1901.24,0.15,11312.38,1018.11,0.09,Debit Card,Supermarket,Premium Shopper
ORD03183,2023-08-03,CUST0093,Pune,Maharashtra,West,Grocery,Grocery - Wheat Flour,Wheat Flour,7,84.17,0.1,530.27,47.72,0.09,Cash,Supermarket,Regular Shopper
ORD02116,2023-08-03,CUST1026,Udaipur,Rajasthan,West,Electronics,Electronics - Extension Board,Extension Board,3,1489.03,0.05,4243.74,763.87,0.18,Credit Card,Hypermarket,Budget Shopper
ORD04486,2023-08-03,CUST0452,Bhopal,Madhya Pradesh,West,Personal Care,Personal Care - Soap,Soap,6,1426.99,0.25,6421.46,1284.29,0.2,UPI,Hypermarket,Premium Shopper
ORD00180,2023-08-04,CUST1182,Kolkata,West Bengal,East,Personal Care,Personal Care - Body Lotion,Body Lotion,6,1349.9,0.15,6884.49,1376.9,0.2,Cash,Supermarket,Budget Shopper
ORD03039,2023-08-04,CUST0470,Kolkata,West Bengal,East,Home Care,Home Care - Floor Cleaner,Floor Cleaner,5,854.41,0.08,3930.29,628.85,0.16,Credit Card,Supermarket,Regular Shopper
ORD02434,2023-08-04,CUST0728,Vadodara,Gujarat,West,Personal Care,Personal Care - Face Wash,Face Wash,3,307.57,0.05,876.57,175.31,0.2,Credit Card,Supermarket,Budget Shopper
ORD01235,2023-08-04,CUST0024,Bhopal,Madhya Pradesh,West,Electronics,Electronics - LED Bulb,LED Bulb,1,874.12,0.02,856.64,154.2,0.18,Credit Card,Supermarket,Regular Shopper
ORD00505,2023-08-04,CUST0513,Pune,Maharashtra,West,Home Care,Home Care - Detergent,Detergent,5,796.95,0.05,3785.51,605.68,0.16,Debit Card,Hypermarket,Regular Shopper
ORD00042,2023-08-05,CUST0279,Warangal,Telangana,South,Grocery,Grocery - Biscuits,Biscuits,6,626.06,0.2,3005.09,270.46,0.09,Cash,Supermarket,Budget Shopper
ORD01277,2023-08-05,CUST0035,Kolkata,West Bengal,East,Personal Care,Personal Care - Soap,Soap,7,1431.29,0.08,9217.51,1843.5,0.2,Debit Card,Supermarket,Regular Shopper
ORD00838,2023-08-05,CUST0225,Kanpur,Uttar Pradesh,North,Grocery,Grocery - Sugar,Sugar,5,605.6,0.1,2725.2,245.27,0.09,Credit Card,Hypermarket,Regular Shopper
ORD03542,2023-08-05,CUST0627,Ahmedabad,Gujarat,West,Beverages,Beverages - Juice,Juice,5,2479.24,0.02,12148.28,1700.76,0.14,Wallet,Supermarket,Budget Shopper
ORD02495,2023-08-06,CUST0703,Rajkot,Gujarat,West,Clothing,Clothing - Shirt,Shirt,2,1309.66,0.08,2409.77,602.44,0.25,Debit Card,Hypermarket,Regular Shopper
ORD01079,2023-08-07,CUST0072,Noida,Uttar Pradesh,North,Grocery,Grocery - Biscuits,Biscuits,5,404.41,0.05,1920.95,172.89,0.09,Cash,Hypermarket,Regular Shopper
ORD03727,2023-08-07,CUST0219,Noida,Uttar Pradesh,North,Grocery,Grocery - Wheat Flour,Wheat Flour,3,622.43,0.0,1867.29,168.06,0.09,UPI,Supermarket,Budget Shopper
ORD02422,2023-08-07,CUST0626,Kolkata,West Bengal,East,Electronics,Electronics - Earphones,Earphones,4,667.68,0.1,2403.65,432.66,0.18,Debit Card,Supermarket,Budget Shopper
ORD02835,2023-08-08,CUST0450,Kolkata,West Bengal,East,Personal Care,Personal Care - Shampoo,Shampoo,1,2332.97,0.1,2099.67,419.93,0.2,Wallet,Hypermarket,Regular Shopper
ORD01018,2023-08-08,CUST0006,Madurai,Tamil Nadu,South,Beverages,Beverages - Packaged Water,Packaged Water,5,1631.79,0.1,7343.06,1028.03,0.14,Credit Card,Hypermarket,Premium Shopper
ORD00604,2023-08-08,CUST0988,Kanpur,Uttar Pradesh,North,Electronics,Electronics - Extension Board,Extension Board,5,1800.43,0.1,8101.94,1458.35,0.18,Credit Card,Supermarket,Budget Shopper
ORD01023,2023-08-08,CUST0375,Udaipur,Rajasthan,West,Grocery,Grocery - Sugar,Sugar,2,1193.89,0.0,2387.78,214.9,0.09,Wallet,Hypermarket,Budget Shopper
ORD04866,2023-08-09,CUST0059,Bengaluru,Karnataka,South,Beverages,Beverages - Coffee,Coffee,1,502.31,0.02,492.26,68.92,0.14,Wallet,Hypermarket,Premium Shopper
ORD04154,2023-08-09,CUST0808,Mangaluru,Karnataka,South,Grocery,Grocery - Biscuits,Biscuits,1,877.72,0.05,833.83,75.04,0.09,Credit Card,Supermarket,Budget Shopper
ORD04195,2023-08-09,CUST1194,Udaipur,Rajasthan,West,Grocery,Grocery - Sugar,Sugar,4,2344.34,0.02,9189.81,827.08,0.09,Debit Card,Supermarket,Budget Shopper
ORD01859,2023-08-09,CUST1084,Coimbatore,Tamil Nadu,South,Grocery,Grocery - Cooking Oil,Cooking Oil,1,1828.65,0.0,1828.65,164.58,0.09,Wallet,Supermarket,Budget Shopper
ORD04078,2023-08-09,CUST0982,Mumbai,Maharashtra,West,Personal Care,Personal Care - Shampoo,Shampoo,3,546.06,0.1,1474.36,294.87,0.2,Cash,Hypermarket,Budget Shopper
ORD00876,2023-08-10,CUST0175,Madurai,Tamil Nadu,South,Grocery,Grocery - Rice,Rice,7,933.45,0.15,5554.03,499.86,0.09,Debit Card,Hypermarket,Budget Shopper
ORD04750,2023-08-10,CUST1064,Coimbatore,Tamil Nadu,South,Home Care,Home Care - Tissue,Tissue,3,1136.81,0.1,3069.39,491.1,0.16,Wallet,Supermarket,Budget Shopper
ORD00127,2023-08-10,CUST0335,Noida,Uttar Pradesh,North,Beverages,Beverages - Coffee,Coffee,6,1894.1,0.2,9091.68,1272.84,0.14,Cash,Supermarket,Premium Shopper
ORD01131,2023-08-11,CUST0860,Udaipur,Rajasthan,West,Home Care,Home Care - Detergent,Detergent,4,2429.39,0.0,9717.56,1554.81,0.16,Credit Card,Hypermarket,Budget Shopper
ORD01968,2023-08-11,CUST0129,Chennai,Tamil Nadu,South,Grocery,Grocery - Sugar,Sugar,2,908.81,0.1,1635.86,147.23,0.09,Cash,Hypermarket,Budget Shopper
ORD03262,2023-08-11,CUST0088,Surat,Gujarat,West,Grocery,Grocery - Cooking Oil,Cooking Oil,2,254.73,0.08,468.7,42.18,0.09,Credit Card,Hypermarket,Regular Shopper
ORD03233,2023-08-12,CUST0369,Coimbatore,Tamil Nadu,South,Grocery,Grocery - Sugar,Sugar,1,964.39,0.02,945.1,85.06,0.09,Debit Card,Supermarket,Premium Shopper
ORD02918,2023-08-12,CUST0338,Indore,Madhya Pradesh,West,Grocery,Grocery - Biscuits,Biscuits,4,807.7,0.05,3069.26,276.23,0.09,Cash,Hypermarket,Premium Shopper
ORD03819,2023-08-12,CUST0333,Vadodara,Gujarat,West,Beverages,Beverages - Juice,Juice,7,1630.85,0.15,9703.56,1358.5,0.14,UPI,Hypermarket,Regular Shopper
ORD00744,2023-08-12,CUST0721,Thane,Maharashtra,West,Home Care,Home Care - Dishwash,Dishwash,4,2274.58,0.0,9098.32,1455.73,0.16,Cash,Supermarket,Budget Shopper
ORD03739,2023-08-13,CUST0764,Nashik,Maharashtra,West,Personal Care,Personal Care - Soap,Soap,6,1610.11,0.08,8887.81,1777.56,0.2,Credit Card,Hypermarket,Regular Shopper
ORD03829,2023-08-13,CUST0352,Ahmedabad,Gujarat,West,Grocery,Grocery - Biscuits,Biscuits,2,1189.91,0.05,2260.83,203.47,0.09,Debit Card,Hypermarket,Regular Shopper
ORD02965,2023-08-13,CUST0542,Jabalpur,Madhya Pradesh,West,Grocery,Grocery - Biscuits,Biscuits,7,1249.12,0.08,8044.33,723.99,0.09,Debit Card,Supermarket,Premium Shopper
ORD01921,2023-08-13,CUST0365,Jaipur,Rajasthan,West,Electronics,Electronics - Earphones,Earphones,4,2040.6,0.08,7509.41,1351.69,0.18,UPI,Hypermarket,Regular Shopper
ORD00138,2023-08-13,CUST0002,New Delhi,Delhi,North,Grocery,Grocery - Sugar,Sugar,5,256.15,0.02,1255.14,112.96,0.09,Wallet,Supermarket,Budget Shopper
ORD00013,2023-08-13,CUST0190,Warangal,Telangana,South,Clothing,Clothing - Jeans,Jeans,3,709.45,0.08,1958.08,489.52,0.25,Cash,Hypermarket,Premium Shopper
ORD00079,2023-08-13,CUST0145,Udaipur,Rajasthan,West,Personal Care,Personal Care - Shampoo,Shampoo,2,1003.05,0.08,1845.61,369.12,0.2,Debit Card,Hypermarket,Budget Shopper
ORD01639,2023-08-13,CUST1181,Surat,Gujarat,West,Clothing,Clothing - Jeans,Jeans,7,1758.87,0.08,11327.12,2831.78,0.25,Credit Card,Hypermarket,Budget Shopper
ORD03066,2023-08-14,CUST0548,Kanpur,Uttar Pradesh,North,Beverages,Beverages - Soft Drink,Soft Drink,1,491.43,0.25,368.57,51.6,0.14,Wallet,Hypermarket,Budget Shopper
ORD04383,2023-08-14,CUST0890,Noida,Uttar Pradesh,North,Clothing,Clothing - Socks,Socks,3,2122.95,0.08,5859.34,1464.84,0.25,Debit Card,Hypermarket,Budget Shopper
ORD01322,2023-08-14,CUST1039,Warangal,Telangana,South,Beverages,Beverages - Soft Drink,Soft Drink,1,2083.23,0.08,1916.57,268.32,0.14,Debit Card,Hypermarket,Regular Shopper
ORD03451,2023-08-14,CUST0448,Jabalpur,Madhya Pradesh,West,Personal Care,Personal Care - Face Wash,Face Wash,3,1864.42,0.1,5033.93,1006.79,0.2,UPI,Hypermarket,Budget Shopper
ORD00121,2023-08-14,CUST0955,Kanpur,Uttar Pradesh,North,Home Care,Home Care - Tissue,Tissue,7,1044.79,0.0,7313.53,1170.16,0.16,Debit Card,Hypermarket,Budget Shopper
ORD03279,2023-08-14,CUST0330,Bhopal,Madhya Pradesh,West,Grocery,Grocery - Rice,Rice,3,1913.24,0.1,5165.75,464.92,0.09,Cash,Supermarket,Regular Shopper
ORD00779,2023-08-14,CUST0288,Kolkata,West Bengal,East,Beverages,Beverages - Coffee,Coffee,2,402.73,0.08,741.02,103.74,0.14,Credit Card,Hypermarket,Budget Shopper
ORD02179,2023-08-15,CUST0230,Kolkata,West Bengal,East,Personal Care,Personal Care - Face Wash,Face Wash,3,888.55,0.08,2452.4,490.48,0.2,Credit Card,Hypermarket,Budget Shopper
ORD02332,2023-08-15,CUST1060,Kanpur,Uttar Pradesh,North,Clothing,Clothing - Jeans,Jeans,7,402.64,0.05,2677.56,669.39,0.25,Cash,Supermarket,Budget Shopper
ORD04347,2023-08-15,CUST0793,Kolkata,West Bengal,East,Beverages,Beverages - Packaged Water,Packaged Water,6,1618.91,0.02,9519.19,1332.69,0.14,Credit Card,Hypermarket,Budget Shopper
ORD04694,2023-08-15,CUST0601,Chennai,Tamil Nadu,South,Grocery,Grocery - Sugar,Sugar,7,1314.28,0.08,8463.96,761.76,0.09,Credit Card,Supermarket,Budget Shopper
ORD01480,2023-08-15,CUST0460,Kanpur,Uttar Pradesh,North,Grocery,Grocery - Cooking Oil,Cooking Oil,2,2451.76,0.02,4805.45,432.49,0.09,Debit Card,Hypermarket,Budget Shopper
ORD00975,2023-08-15,CUST0370,Mumbai,Maharashtra,West,Home Care,Home Care - Tissue,Tissue,2,1897.15,0.1,3414.87,546.38,0.16,UPI,Hypermarket,Premium Shopper
ORD01857,2023-08-15,CUST0265,Coimbatore,Tamil Nadu,South,Beverages,Beverages - Coffee,Coffee,7,1599.57,0.1,10077.29,1410.82,0.14,Cash,Supermarket,Regular Shopper
ORD02459,2023-08-15,CUST1070,Mangaluru,Karnataka,South,Grocery,Grocery - Sugar,Sugar,4,1848.13,0.05,7022.89,632.06,0.09,Cash,Supermarket,Regular Shopper
ORD02735,2023-08-16,CUST0044,Chennai,Tamil Nadu,South,Grocery,Grocery - Cooking Oil,Cooking Oil,3,2376.31,0.05,6772.48,609.52,0.09,Debit Card,Hypermarket,Budget Shopper
ORD02665,2023-08-16,CUST0729,New Delhi,Delhi,North,Home Care,Home Care - Dishwash,Dishwash,2,436.11,0.08,802.44,128.39,0.16,Cash,Hypermarket,Premium Shopper
ORD01233,2023-08-16,CUST1018,Hyderabad,Telangana,South,Home Care,Home Care - Detergent,Detergent,7,1783.45,0.0,12484.15,1997.46,0.16,UPI,Supermarket,Regular Shopper
ORD04963,2023-08-16,CUST0975,Jodhpur,Rajasthan,West,Grocery,Grocery - Cooking Oil,Cooking Oil,5,1690.4,0.15,7184.2,646.58,0.09,Debit Card,Supermarket,Premium Shopper
ORD04203,2023-08-16,CUST0393,Indore,Madhya Pradesh,West,Electronics,Electronics - Mixer,Mixer,4,588.94,0.2,1884.61,339.23,0.18,Cash,Supermarket,Premium Shopper
ORD01384,2023-08-18,CUST1094,New Delhi,Delhi,North,Grocery,Grocery - Sugar,Sugar,4,332.34,0.05,1262.89,113.66,0.09,Debit Card,Hypermarket,Regular Shopper
ORD03032,2023-08-18,CUST0102,Madurai,Tamil Nadu,South,Grocery,Grocery - Wheat Flour,Wheat Flour,1,252.48,0.2,201.98,18.18,0.09,Debit Card,Hypermarket,Budget Shopper
ORD01169,2023-08-18,CUST0097,Hyderabad,Telangana,South,Grocery,Grocery - Wheat Flour,Wheat Flour,4,606.01,0.15,2060.43,185.44,0.09,Debit Card,Supermarket,Regular Shopper
ORD04606,2023-08-18,CUST0864,Indore,Madhya Pradesh,West,Personal Care,Personal Care - Shampoo,Shampoo,2,1462.77,0.05,2779.26,555.85,0.2,UPI,Supermarket,Premium Shopper
ORD03547,2023-08-18,CUST1181,Ahmedabad,Gujarat,West,Beverages,Beverages - Packaged Water,Packaged Water,4,1657.42,0.05,6298.2,881.75,0.14,Cash,Hypermarket,Premium Shopper
ORD01016,2023-08-18,CUST0956,Hyderabad,Telangana,South,Personal Care,Personal Care - Body Lotion,Body Lotion,5,1500.93,0.25,5628.49,1125.7,0.2,Debit Card,Hypermarket,Budget Shopper
ORD00204,2023-08-19,CUST0302,Vadodara,Gujarat,West,Beverages,Beverages - Packaged Water,Packaged Water,2,1552.85,0.05,2950.41,413.06,0.14,Wallet,Hypermarket,Regular Shopper
ORD00618,2023-08-19,CUST1196,Warangal,Telangana,South,Personal Care,Personal Care - Shampoo,Shampoo,6,618.18,0.25,2781.81,556.36,0.2,Credit Card,Supermarket,Budget Shopper
ORD02051,2023-08-19,CUST0203,Noida,Uttar Pradesh,North,Personal Care,Personal Care - Shampoo,Shampoo,1,358.91,0.0,358.91,71.78,0.2,Debit Card,Supermarket,Budget Shopper
ORD02549,2023-08-19,CUST1030,Udaipur,Rajasthan,West,Home Care,Home Care - Tissue,Tissue,6,764.28,0.02,4493.97,719.04,0.16,Credit Card,Hypermarket,Budget Shopper
ORD03235,2023-08-20,CUST0980,Jodhpur,Rajasthan,West,Beverages,Beverages - Juice,Juice,4,1573.11,0.05,5977.82,836.89,0.14,Debit Card,Hypermarket,Budget Shopper
ORD01940,2023-08-20,CUST0618,Ahmedabad,Gujarat,West,Personal Care,Personal Care - Soap,Soap,3,1978.57,0.08,5460.85,1092.17,0.2,UPI,Hypermarket,Budget Shopper
ORD00243,2023-08-20,CUST0406,Kanpur,Uttar Pradesh,North,Clothing,Clothing - Socks,Socks,6,2372.35,0.1,12810.69,3202.67,0.25,Wallet,Hypermarket,Budget Shopper
ORD02284,2023-08-20,CUST0673,Warangal,Telangana,South,Grocery,Grocery - Biscuits,Biscuits,7,669.75,0.1,4219.42,379.75,0.09,Wallet,Supermarket,Budget Shopper
ORD00394,2023-08-20,CUST0107,Lucknow,Uttar Pradesh,North,Grocery,Grocery - Cooking Oil,Cooking Oil,3,531.61,0.15,1355.61,122.0,0.09,Debit Card,Hypermarket,Regular Shopper
ORD03015,2023-08-20,CUST0572,Warangal,Telangana,South,Grocery,Grocery - Wheat Flour,Wheat Flour,7,1369.64,0.05,9108.11,819.73,0.09,Cash,Supermarket,Budget Shopper
ORD03588,2023-08-20,CUST0651,Kanpur,Uttar Pradesh,North,Clothing,Clothing - Shirt,Shirt,2,1768.43,0.08,3253.91,813.48,0.25,Credit Card,Hypermarket,Regular Shopper
ORD00421,2023-08-21,CUST0251,Jodhpur,Rajasthan,West,Home Care,Home Care - Detergent,Detergent,2,527.31,0.1,949.16,151.87,0.16,Wallet,Hypermarket,Regular Shopper
ORD00069,2023-08-21,CUST0067,Thane,Maharashtra,West,Personal Care,Personal Care - Face Wash,Face Wash,7,1266.17,0.1,7976.87,1595.37,0.2,Credit Card,Hypermarket,Regular Shopper
ORD01248,2023-08-21,CUST0373,Ahmedabad,Gujarat,West,Electronics,Electronics - LED Bulb,LED Bulb,4,775.06,0.08,2852.22,513.4,0.18,Cash,Hypermarket,Premium Shopper
ORD02693,2023-08-21,CUST1062,Kolkata,West Bengal,East,Grocery,Grocery - Rice,Rice,3,2302.65,0.1,6217.16,559.54,0.09,Cash,Supermarket,Budget Shopper
ORD02245,2023-08-22,CUST1111,Pune,Maharashtra,West,Personal Care,Personal Care - Body Lotion,Body Lotion,3,2065.99,0.1,5578.17,1115.63,0.2,Cash,Hypermarket,Regular Shopper
ORD01081,2023-08-22,CUST0258,Vadodara,Gujarat,West,Personal Care,Personal Care - Shampoo,Shampoo,4,92.08,0.1,331.49,66.3,0.2,UPI,Supermarket,Budget Shopper
ORD03049,2023-08-22,CUST0131,Coimbatore,Tamil Nadu,South,Personal Care,Personal Care - Body Lotion,Body Lotion,2,581.99,0.08,1070.86,214.17,0.2,Debit Card,Supermarket,Regular Shopper
ORD04947,2023-08-22,CUST0360,Kolkata,West Bengal,East,Personal Care,Personal Care - Toothpaste,Toothpaste,4,1421.07,0.02,5570.59,1114.12,0.2,Wallet,Hypermarket,Budget Shopper
ORD03391,2023-08-22,CUST0351,Warangal,Telangana,South,Grocery,Grocery - Biscuits,Biscuits,1,1032.62,0.02,1011.97,91.08,0.09,UPI,Supermarket,Regular Shopper
ORD04257,2023-08-22,CUST1170,Jodhpur,Rajasthan,West,Grocery,Grocery - Cooking Oil,Cooking Oil,1,2241.68,0.1,2017.51,181.58,0.09,Cash,Supermarket,Budget Shopper
ORD03466,2023-08-22,CUST1070,Madurai,Tamil Nadu,South,Clothing,Clothing - Kids Wear,Kids Wear,3,2094.31,0.08,5780.3,1445.07,0.25,Credit Card,Hypermarket,Budget Shopper
ORD00672,2023-08-23,CUST0257,New Delhi,Delhi,North,Clothing,Clothing - Shirt,Shirt,6,984.51,0.1,5316.35,1329.09,0.25,Wallet,Hypermarket,Budget Shopper
ORD00579,2023-08-23,CUST0194,Hyderabad,Telangana,South,Electronics,Electronics - Earphones,Earphones,7,465.64,0.05,3096.51,557.37,0.18,Cash,Hypermarket,Budget Shopper
ORD02397,2023-08-23,CUST0018,Thane,Maharashtra,West,Personal Care,Personal Care - Face Wash,Face Wash,5,404.43,0.15,1718.83,343.77,0.2,Cash,Hypermarket,Regular Shopper
ORD00254,2023-08-23,CUST0419,Ahmedabad,Gujarat,West,Home Care,Home Care - Toilet Cleaner,Toilet Cleaner,5,1235.56,0.08,5683.58,909.37,0.16,Wallet,Hypermarket,Regular Shopper
ORD00297,2023-08-23,CUST0493,Mysuru,Karnataka,South,Clothing,Clothing - Kids Wear,Kids Wear,1,1698.9,0.25,1274.18,318.55,0.25,Wallet,Supermarket,Premium Shopper
ORD03472,2023-08-24,CUST0404,Chennai,Tamil Nadu,South,Home Care,Home Care - Tissue,Tissue,6,2327.28,0.02,13684.41,2189.51,0.16,Credit Card,Supermarket,Budget Shopper
ORD00620,2023-08-24,CUST1122,Nashik,Maharashtra,West,Grocery,Grocery - Sugar,Sugar,5,1590.23,0.25,5963.36,536.7,0.09,UPI,Supermarket,Budget Shopper
ORD00959,2023-08-24,CUST0546,New Delhi,Delhi,North,Clothing,Clothing - T-Shirt,T-Shirt,4,1177.41,0.02,4615.45,1153.86,0.25,Wallet,Hypermarket,Budget Shopper
ORD02984,2023-08-24,CUST0421,Mysuru,Karnataka,South,Personal Care,Personal Care - Face Wash,Face Wash,5,2281.83,0.05,10838.69,2167.74,0.2,UPI,Hypermarket,Premium Shopper
ORD02967,2023-08-25,CUST0990,Chennai,Tamil Nadu,South,Home Care,Home Care - Tissue,Tissue,7,436.69,0.15,2598.31,415.73,0.16,Debit Card,Hypermarket,Regular Shopper
ORD03171,2023-08-25,CUST0777,Nashik,Maharashtra,West,Clothing,Clothing - T-Shirt,T-Shirt,5,1662.72,0.02,8147.33,2036.83,0.25,UPI,Hypermarket,Premium Shopper
ORD04043,2023-08-25,CUST0515,Jodhpur,Rajasthan,West,Grocery,Grocery - Biscuits,Biscuits,4,1009.92,0.1,3635.71,327.21,0.09,Credit Card,Hypermarket,Budget Shopper
ORD02338,2023-08-25,CUST0446,Mangaluru,Karnataka,South,Home Care,Home Care - Dishwash,Dishwash,4,93.88,0.1,337.97,54.08,0.16,UPI,Hypermarket,Budget Shopper
ORD00034,2023-08-25,CUST0488,Rajkot,Gujarat,West,Personal Care,Personal Care - Shampoo,Shampoo,5,728.64,0.1,3278.88,655.78,0.2,Wallet,Supermarket,Regular Shopper
ORD00537,2023-08-26,CUST0119,Kolkata,West Bengal,East,Electronics,Electronics - Mixer,Mixer,2,1349.27,0.1,2428.69,437.16,0.18,UPI,Hypermarket,Budget Shopper
ORD03928,2023-08-26,CUST1119,Bhopal,Madhya Pradesh,West,Personal Care,Personal Care - Shampoo,Shampoo,3,300.71,0.05,857.02,171.4,0.2,Cash,Supermarket,Premium Shopper
ORD04389,2023-08-26,CUST0074,Warangal,Telangana,South,Electronics,Electronics - Mixer,Mixer,2,1990.15,0.1,3582.27,644.81,0.18,Credit Card,Hypermarket,Budget Shopper
ORD01521,2023-08-26,CUST0358,Indore,Madhya Pradesh,West,Clothing,Clothing - Shirt,Shirt,4,1430.26,0.05,5434.99,1358.75,0.25,Wallet,Supermarket,Regular Shopper
ORD04683,2023-08-26,CUST1060,Pune,Maharashtra,West,Clothing,Clothing - Shirt,Shirt,4,1154.98,0.05,4388.92,1097.23,0.25,Cash,Supermarket,Regular Shopper
ORD01599,2023-08-27,CUST0112,Hyderabad,Telangana,South,Grocery,Grocery - Rice,Rice,4,1823.09,0.25,5469.27,492.23,0.09,UPI,Hypermarket,Budget Shopper
ORD04040,2023-08-27,CUST0320,Ahmedabad,Gujarat,West,Beverages,Beverages - Coffee,Coffee,3,139.25,0.05,396.86,55.56,0.14,Wallet,Hypermarket,Budget Shopper
ORD00738,2023-08-27,CUST0020,Vadodara,Gujarat,West,Personal Care,Personal Care - Toothpaste,Toothpaste,1,1899.48,0.2,1519.58,303.92,0.2,Credit Card,Supermarket,Budget Shopper
ORD03004,2023-08-27,CUST1141,Jabalpur,Madhya Pradesh,West,Clothing,Clothing - Shirt,Shirt,5,480.42,0.08,2209.93,552.48,0.25,UPI,Hypermarket,Premium Shopper
ORD04028,2023-08-27,CUST0490,Jaipur,Rajasthan,West,Grocery,Grocery - Wheat Flour,Wheat Flour,4,1056.0,0.02,4139.52,372.56,0.09,Wallet,Hypermarket,Budget Shopper
ORD01261,2023-08-27,CUST0904,Kolkata,West Bengal,East,Grocery,Grocery - Cooking Oil,Cooking Oil,5,792.78,0.0,3963.9,356.75,0.09,Wallet,Supermarket,Budget Shopper
ORD02731,2023-08-27,CUST0710,Rajkot,Gujarat,West,Clothing,Clothing - Shirt,Shirt,1,1276.1,0.1,1148.49,287.12,0.25,UPI,Hypermarket,Premium Shopper
ORD00055,2023-08-27,CUST0224,Jaipur,Rajasthan,West,Clothing,Clothing - Jeans,Jeans,5,410.03,0.15,1742.63,435.66,0.25,UPI,Supermarket,Regular Shopper
ORD03941,2023-08-28,CUST0715,Jabalpur,Madhya Pradesh,West,Electronics,Electronics - LED Bulb,LED Bulb,2,1081.75,0.05,2055.32,369.96,0.18,UPI,Hypermarket,Budget Shopper
ORD04539,2023-08-28,CUST1088,Mysuru,Karnataka,South,Grocery,Grocery - Cooking Oil,Cooking Oil,6,283.52,0.05,1616.06,145.45,0.09,Wallet,Hypermarket,Premium Shopper
ORD02757,2023-08-28,CUST1004,Hyderabad,Telangana,South,Personal Care,Personal Care - Toothpaste,Toothpaste,1,1292.81,0.15,1098.89,219.78,0.2,Cash,Supermarket,Regular Shopper
ORD02026,2023-08-29,CUST0818,New Delhi,Delhi,North,Personal Care,Personal Care - Face Wash,Face Wash,6,1911.99,0.15,9751.15,1950.23,0.2,Debit Card,Supermarket,Premium Shopper
ORD01819,2023-08-29,CUST0098,Surat,Gujarat,West,Grocery,Grocery - Biscuits,Biscuits,1,645.25,0.08,593.63,53.43,0.09,Credit Card,Hypermarket,Budget Shopper
ORD04565,2023-08-29,CUST0213,Kolkata,West Bengal,East,Home Care,Home Care - Floor Cleaner,Floor Cleaner,6,316.96,0.2,1521.41,243.43,0.16,Cash,Supermarket,Budget Shopper
ORD01240,2023-08-30,CUST1187,Kolkata,West Bengal,East,Grocery,Grocery - Biscuits,Biscuits,4,1672.87,0.05,6356.91,572.12,0.09,Wallet,Supermarket,Regular Shopper
ORD03467,2023-08-30,CUST0612,Kanpur,Uttar Pradesh,North,Beverages,Beverages - Juice,Juice,1,2277.64,0.08,2095.43,293.36,0.14,Debit Card,Supermarket,Regular Shopper
ORD00153,2023-08-30,CUST0693,Mysuru,Karnataka,South,Home Care,Home Care - Toilet Cleaner,Toilet Cleaner,3,2414.19,0.0,7242.57,1158.81,0.16,UPI,Supermarket,Premium Shopper
ORD02032,2023-08-30,CUST0200,Vadodara,Gujarat,West,Personal Care,Personal Care - Shampoo,Shampoo,5,95.76,0.08,440.5,88.1,0.2,Wallet,Hypermarket,Budget Shopper
ORD02893,2023-08-31,CUST0084,Warangal,Telangana,South,Personal Care,Personal Care - Toothpaste,Toothpaste,3,730.63,0.15,1863.11,372.62,0.2,Wallet,Hypermarket,Regular Shopper
ORD00117,2023-08-31,CUST0885,Kanpur,Uttar Pradesh,North,Electronics,Electronics - Power Bank,Power Bank,2,1301.21,0.0,2602.42,468.44,0.18,UPI,Supermarket,Budget Shopper
ORD04859,2023-08-31,CUST1125,Hyderabad,Telangana,South,Grocery,Grocery - Biscuits,Biscuits,5,545.83,0.08,2510.82,225.97,0.09,Debit Card,Supermarket,Premium Shopper
ORD01958,2023-08-31,CUST0052,Udaipur,Rajasthan,West,Home Care,Home Care - Detergent,Detergent,2,907.44,0.08,1669.69,267.15,0.16,UPI,Supermarket,Regular Shopper
ORD03524,2023-08-31,CUST0964,Hyderabad,Telangana,South,Beverages,Beverages - Soft Drink,Soft Drink,2,2287.24,0.08,4208.52,589.19,0.14,UPI,Hypermarket,Budget Shopper
ORD01648,2023-09-01,CUST1199,New Delhi,Delhi,North,Beverages,Beverages - Juice,Juice,6,1091.63,0.08,6025.8,843.61,0.14,UPI,Hypermarket,Regular Shopper
ORD04919,2023-09-01,CUST0047,Bhopal,Madhya Pradesh,West,Grocery,Grocery - Sugar,Sugar,3,410.76,0.0,1232.28,110.91,0.09,UPI,Hypermarket,Budget Shopper
ORD03286,2023-09-01,CUST0685,Kanpur,Uttar Pradesh,North,Grocery,Grocery - Rice,Rice,4,1563.34,0.02,6128.29,551.55,0.09,UPI,Supermarket,Premium Shopper
ORD02642,2023-09-01,CUST1131,Surat,Gujarat,West,Home Care,Home Care - Toilet Cleaner,Toilet Cleaner,7,1126.64,0.08,7255.56,1160.89,0.16,Credit Card,Supermarket,Regular Shopper
ORD02851,2023-09-01,CUST0664,Hyderabad,Telangana,South,Home Care,Home Care - Dishwash,Dishwash,6,2482.51,0.15,12660.8,2025.73,0.16,Debit Card,Supermarket,Budget Shopper
ORD02207,2023-09-01,CUST0852,Lucknow,Uttar Pradesh,North,Beverages,Beverages - Packaged Water,Packaged Water,2,2084.12,0.05,3959.83,554.38,0.14,Wallet,Supermarket,Budget Shopper
ORD02125,2023-09-01,CUST0362,Vadodara,Gujarat,West,Electronics,Electronics - LED Bulb,LED Bulb,4,1516.55,0.05,5762.89,1037.32,0.18,Wallet,Hypermarket,Regular Shopper
ORD04639,2023-09-01,CUST0875,Chennai,Tamil Nadu,South,Clothing,Clothing - Jeans,Jeans,3,727.53,0.1,1964.33,491.08,0.25,Wallet,Supermarket,Premium Shopper
ORD03808,2023-09-02,CUST0229,Kolkata,West Bengal,East,Beverages,Beverages - Juice,Juice,1,484.62,0.15,411.93,57.67,0.14,Debit Card,Hypermarket,Regular Shopper
ORD01204,2023-09-02,CUST0233,Chennai,Tamil Nadu,South,Beverages,Beverages - Soft Drink,Soft Drink,7,1465.96,0.05,9748.63,1364.81,0.14,Wallet,Hypermarket,Budget Shopper
ORD04717,2023-09-02,CUST1015,Kolkata,West Bengal,East,Clothing,Clothing - T-Shirt,T-Shirt,5,2045.12,0.05,9714.32,2428.58,0.25,UPI,Supermarket,Regular Shopper
ORD01434,2023-09-02,CUST0249,Mumbai,Maharashtra,West,Grocery,Grocery - Biscuits,Biscuits,5,1297.19,0.15,5513.06,496.18,0.09,Debit Card,Hypermarket,Premium Shopper
ORD01145,2023-09-02,CUST0615,Rajkot,Gujarat,West,Grocery,Grocery - Sugar,Sugar,4,2031.3,0.0,8125.2,731.27,0.09,Cash,Supermarket,Budget Shopper
ORD04663,2023-09-02,CUST0282,Coimbatore,Tamil Nadu,South,Beverages,Beverages - Coffee,Coffee,7,1913.16,0.02,13124.28,1837.4,0.14,Wallet,Hypermarket,Budget Shopper
ORD04400,2023-09-02,CUST0586,Mangaluru,Karnataka,South,Grocery,Grocery - Biscuits,Biscuits,1,131.29,0.2,105.03,9.45,0.09,Debit Card,Supermarket,Regular Shopper
ORD04657,2023-09-02,CUST0865,New Delhi,Delhi,North,Electronics,Electronics - LED Bulb,LED Bulb,1,930.28,0.15,790.74,142.33,0.18,Credit Card,Hypermarket,Budget Shopper
ORD00839,2023-09-02,CUST0566,Ahmedabad,Gujarat,West,Personal Care,Personal Care - Soap,Soap,4,2142.66,0.2,6856.51,1371.3,0.2,Wallet,Supermarket,Regular Shopper
ORD00146,2023-09-03,CUST0186,Warangal,Telangana,South,Home Care,Home Care - Floor Cleaner,Floor Cleaner,3,923.51,0.1,2493.48,398.96,0.16,Wallet,Hypermarket,Budget Shopper
ORD02866,2023-09-03,CUST0709,Jaipur,Rajasthan,West,Personal Care,Personal Care - Toothpaste,Toothpaste,2,389.1,0.02,762.64,152.53,0.2,Wallet,Hypermarket,Budget Shopper
ORD02994,2023-09-03,CUST0065,Bhopal,Madhya Pradesh,West,Grocery,Grocery - Sugar,Sugar,7,1755.82,0.15,10447.13,940.24,0.09,Credit Card,Hypermarket,Regular Shopper
ORD01250,2023-09-03,CUST1038,Lucknow,Uttar Pradesh,North,Beverages,Beverages - Juice,Juice,1,801.54,0.1,721.39,100.99,0.14,UPI,Hypermarket,Budget Shopper
ORD03041,2023-09-03,CUST0749,New Delhi,Delhi,North,Personal Care,Personal Care - Body Lotion,Body Lotion,7,391.6,0.0,2741.2,548.24,0.2,Cash,Hypermarket,Budget Shopper
ORD00266,2023-09-03,CUST1164,Coimbatore,Tamil Nadu,South,Home Care,Home Care - Tissue,Tissue,3,361.4,0.08,997.46,159.59,0.16,Wallet,Hypermarket,Regular Shopper
ORD01793,2023-09-03,CUST0559,Surat,Gujarat,West,Personal Care,Personal Care - Toothpaste,Toothpaste,3,576.89,0.08,1592.22,318.44,0.2,Credit Card,Supermarket,Premium Shopper
ORD02031,2023-09-04,CUST0448,Rajkot,Gujarat,West,Clothing,Clothing - Kids Wear,Kids Wear,5,830.0,0.1,3735.0,933.75,0.25,UPI,Hypermarket,Premium Shopper
ORD01375,2023-09-04,CUST0031,New Delhi,Delhi,North,Clothing,Clothing - Socks,Socks,3,1086.74,0.2,2608.18,652.05,0.25,UPI,Hypermarket,Budget Shopper
ORD02509,2023-09-04,CUST0460,New Delhi,Delhi,North,Home Care,Home Care - Tissue,Tissue,3,660.34,0.08,1822.54,291.61,0.16,Debit Card,Supermarket,Premium Shopper
ORD00486,2023-09-04,CUST1093,Noida,Uttar Pradesh,North,Electronics,Electronics - Power Bank,Power Bank,7,1669.92,0.1,10520.5,1893.69,0.18,Credit Card,Hypermarket,Premium Shopper
ORD04601,2023-09-04,CUST0876,Chennai,Tamil Nadu,South,Grocery,Grocery - Wheat Flour,Wheat Flour,5,2402.51,0.1,10811.3,973.02,0.09,Wallet,Hypermarket,Premium Shopper
ORD02262,2023-09-05,CUST0418,Chennai,Tamil Nadu,South,Clothing,Clothing - Shirt,Shirt,1,479.04,0.0,479.04,119.76,0.25,Credit Card,Supermarket,Budget Shopper
ORD04834,2023-09-05,CUST0738,Indore,Madhya Pradesh,West,Home Care,Home Care - Tissue,Tissue,5,644.75,0.05,3062.56,490.01,0.16,Cash,Hypermarket,Budget Shopper
ORD04371,2023-09-05,CUST0644,Jabalpur,Madhya Pradesh,West,Beverages,Beverages - Juice,Juice,1,820.17,0.08,754.56,105.64,0.14,UPI,Supermarket,Premium Shopper
ORD04215,2023-09-05,CUST0101,Ahmedabad,Gujarat,West,Beverages,Beverages - Packaged Water,Packaged Water,5,807.14,0.0,4035.7,565.0,0.14,Wallet,Hypermarket,Budget Shopper
ORD04714,2023-09-05,CUST0777,Hyderabad,Telangana,South,Home Care,Home Care - Toilet Cleaner,Toilet Cleaner,6,2424.32,0.05,13818.62,2210.98,0.16,Wallet,Hypermarket,Regular Shopper
ORD04399,2023-09-05,CUST1185,Lucknow,Uttar Pradesh,North,Home Care,Home Care - Tissue,Tissue,4,2495.17,0.05,9481.65,1517.06,0.16,Cash,Hypermarket,Budget Shopper
ORD03663,2023-09-06,CUST0245,Hyderabad,Telangana,South,Grocery,Grocery - Wheat Flour,Wheat Flour,4,1619.83,0.05,6155.35,553.98,0.09,UPI,Supermarket,Budget Shopper
ORD02374,2023-09-06,CUST1193,New Delhi,Delhi,North,Grocery,Grocery - Wheat Flour,Wheat Flour,7,570.17,0.08,3671.89,330.47,0.09,UPI,Hypermarket,Budget Shopper
ORD02669,2023-09-06,CUST1174,Coimbatore,Tamil Nadu,South,Clothing,Clothing - Kids Wear,Kids Wear,4,1276.01,0.1,4593.64,1148.41,0.25,UPI,Supermarket,Budget Shopper
ORD03313,2023-09-06,CUST1074,Kanpur,Uttar Pradesh,North,Home Care,Home Care - Tissue,Tissue,3,2310.56,0.15,5891.93,942.71,0.16,Wallet,Hypermarket,Regular Shopper
ORD01289,2023-09-06,CUST0771,Mysuru,Karnataka,South,Grocery,Grocery - Sugar,Sugar,7,610.34,0.05,4058.76,365.29,0.09,Credit Card,Hypermarket,Regular Shopper
ORD03820,2023-09-06,CUST0187,New Delhi,Delhi,North,Home Care,Home Care - Toilet Cleaner,Toilet Cleaner,5,1716.98,0.02,8413.2,1346.11,0.16,Debit Card,Supermarket,Budget Shopper
ORD03385,2023-09-06,CUST0291,Mangaluru,Karnataka,South,Home Care,Home Care - Detergent,Detergent,4,321.25,0.02,1259.3,201.49,0.16,Wallet,Supermarket,Regular Shopper
ORD00412,2023-09-06,CUST0785,Jabalpur,Madhya Pradesh,West,Home Care,Home Care - Dishwash,Dishwash,5,1798.29,0.05,8541.88,1366.7,0.16,Cash,Hypermarket,Regular Shopper
ORD04107,2023-09-06,CUST0279,Chennai,Tamil Nadu,South,Grocery,Grocery - Biscuits,Biscuits,6,1772.56,0.15,9040.06,813.61,0.09,Debit Card,Hypermarket,Budget Shopper
ORD01914,2023-09-07,CUST0619,Lucknow,Uttar Pradesh,North,Grocery,Grocery - Rice,Rice,6,1352.43,0.2,6491.66,584.25,0.09,Debit Card,Supermarket,Budget Shopper
ORD00928,2023-09-07,CUST0572,Pune,Maharashtra,West,Beverages,Beverages - Soft Drink,Soft Drink,3,565.79,0.15,1442.76,201.99,0.14,Credit Card,Supermarket,Regular Shopper
ORD01575,2023-09-07,CUST1072,Nagpur,Maharashtra,West,Grocery,Grocery - Biscuits,Biscuits,1,955.42,0.2,764.34,68.79,0.09,Wallet,Supermarket,Regular Shopper
ORD02589,2023-09-07,CUST0870,Kolkata,West Bengal,East,Clothing,Clothing - Jeans,Jeans,4,505.84,0.15,1719.86,429.96,0.25,Wallet,Supermarket,Budget Shopper
ORD00109,2023-09-07,CUST1110,Jaipur,Rajasthan,West,Grocery,Grocery - Biscuits,Biscuits,7,809.62,0.1,5100.61,459.05,0.09,UPI,Hypermarket,Premium Shopper
ORD04849,2023-09-07,CUST0076,Indore,Madhya Pradesh,West,Home Care,Home Care - Floor Cleaner,Floor Cleaner,1,439.98,0.1,395.98,63.36,0.16,Wallet,Hypermarket,Budget Shopper
ORD02846,2023-09-07,CUST0084,Madurai,Tamil Nadu,South,Home Care,Home Care - Detergent,Detergent,5,2392.8,0.15,10169.4,1627.1,0.16,Debit Card,Hypermarket,Regular Shopper
ORD01398,2023-09-07,CUST0716,Surat,Gujarat,West,Home Care,Home Care - Toilet Cleaner,Toilet Cleaner,4,457.37,0.2,1463.58,234.17,0.16,Wallet,Hypermarket,Budget Shopper
ORD04838,2023-09-07,CUST0581,Rajkot,Gujarat,West,Clothing,Clothing - T-Shirt,T-Shirt,2,1073.85,0.1,1932.93,483.23,0.25,Credit Card,Supermarket,Regular Shopper
ORD03950,2023-09-08,CUST0167,Nashik,Maharashtra,West,Grocery,Grocery - Cooking Oil,Cooking Oil,1,2497.98,0.08,2298.14,206.83,0.09,Cash,Supermarket,Regular Shopper
ORD02629,2023-09-08,CUST0765,New Delhi,Delhi,North,Clothing,Clothing - Socks,Socks,7,1307.36,0.08,8419.4,2104.85,0.25,UPI,Supermarket,Budget Shopper
ORD03412,2023-09-08,CUST0547,Madurai,Tamil Nadu,South,Grocery,Grocery - Sugar,Sugar,4,2367.28,0.02,9279.74,835.18,0.09,Cash,Hypermarket,Budget Shopper
ORD04752,2023-09-08,CUST1120,Vadodara,Gujarat,West,Grocery,Grocery - Sugar,Sugar,2,1908.66,0.1,3435.59,309.2,0.09,Cash,Hypermarket,Budget Shopper
ORD03743,2023-09-08,CUST0515,New Delhi,Delhi,North,Grocery,Grocery - Wheat Flour,Wheat Flour,4,717.05,0.0,2868.2,258.14,0.09,UPI,Supermarket,Budget Shopper
ORD04716,2023-09-08,CUST0301,Warangal,Telangana,South,Home Care,Home Care - Toilet Cleaner,Toilet Cleaner,3,732.63,0.0,2197.89,351.66,0.16,Wallet,Supermarket,Premium Shopper
ORD00883,2023-09-08,CUST0059,Pune,Maharashtra,West,Personal Care,Personal Care - Soap,Soap,3,1913.19,0.08,5280.4,1056.08,0.2,Wallet,Hypermarket,Regular Shopper
ORD03298,2023-09-09,CUST0011,Mysuru,Karnataka,South,Clothing,Clothing - Kids Wear,Kids Wear,6,678.14,0.02,3987.46,996.86,0.25,UPI,Supermarket,Budget Shopper
ORD01459,2023-09-09,CUST1084,Jabalpur,Madhya Pradesh,West,Personal Care,Personal Care - Soap,Soap,4,914.08,0.1,3290.69,658.14,0.2,Credit Card,Hypermarket,Regular Shopper
ORD01866,2023-09-10,CUST0521,Bengaluru,Karnataka,South,Beverages,Beverages - Juice,Juice,2,2475.21,0.15,4207.86,589.1,0.14,Credit Card,Hypermarket,Regular Shopper
ORD00185,2023-09-10,CUST0690,Kolkata,West Bengal,East,Grocery,Grocery - Cooking Oil,Cooking Oil,7,1563.96,0.25,8210.79,738.97,0.09,Debit Card,Hypermarket,Budget Shopper
ORD03620,2023-09-10,CUST0326,Coimbatore,Tamil Nadu,South,Grocery,Grocery - Cooking Oil,Cooking Oil,6,833.8,0.05,4752.66,427.74,0.09,Wallet,Hypermarket,Budget Shopper
ORD02252,2023-09-10,CUST1146,Jabalpur,Madhya Pradesh,West,Grocery,Grocery - Rice,Rice,4,725.67,0.0,2902.68,261.24,0.09,UPI,Hypermarket,Budget Shopper
ORD03271,2023-09-10,CUST0273,Mysuru,Karnataka,South,Personal Care,Personal Care - Face Wash,Face Wash,6,93.07,0.1,502.58,100.52,0.2,Credit Card,Supermarket,Budget Shopper
ORD01124,2023-09-11,CUST1027,Bengaluru,Karnataka,South,Grocery,Grocery - Biscuits,Biscuits,2,787.37,0.08,1448.76,130.39,0.09,Wallet,Supermarket,Budget Shopper
ORD02029,2023-09-11,CUST0104,Madurai,Tamil Nadu,South,Clothing,Clothing - Socks,Socks,7,1053.33,0.08,6783.45,1695.86,0.25,Debit Card,Supermarket,Regular Shopper
ORD03031,2023-09-11,CUST0669,Rajkot,Gujarat,West,Electronics,Electronics - Mixer,Mixer,2,1537.22,0.1,2767.0,498.06,0.18,Wallet,Supermarket,Budget Shopper
ORD00184,2023-09-11,CUST0043,Warangal,Telangana,South,Grocery,Grocery - Biscuits,Biscuits,7,1522.28,0.02,10442.84,939.86,0.09,Debit Card,Hypermarket,Regular Shopper
ORD01502,2023-09-11,CUST0073,Kolkata,West Bengal,East,Grocery,Grocery - Rice,Rice,4,286.11,0.0,1144.44,103.0,0.09,Cash,Hypermarket,Premium Shopper
ORD04946,2023-09-11,CUST0284,Rajkot,Gujarat,West,Home Care,Home Care - Toilet Cleaner,Toilet Cleaner,5,312.66,0.05,1485.14,237.62,0.16,UPI,Hypermarket,Budget Shopper
ORD04181,2023-09-11,CUST0288,Bhopal,Madhya Pradesh,West,Grocery,Grocery - Rice,Rice,5,153.68,0.25,576.3,51.87,0.09,Wallet,Supermarket,Budget Shopper
ORD03529,2023-09-11,CUST0032,Mysuru,Karnataka,South,Personal Care,Personal Care - Body Lotion,Body Lotion,3,2002.84,0.02,5888.35,1177.67,0.2,UPI,Hypermarket,Budget Shopper
ORD02362,2023-09-11,CUST0785,Hyderabad,Telangana,South,Home Care,Home Care - Dishwash,Dishwash,5,902.2,0.1,4059.9,649.58,0.16,Debit Card,Hypermarket,Premium Shopper
ORD03532,2023-09-12,CUST0837,Indore,Madhya Pradesh,West,Grocery,Grocery - Cooking Oil,Cooking Oil,6,662.67,0.02,3896.5,350.68,0.09,Cash,Supermarket,Budget Shopper
ORD01997,2023-09-12,CUST1003,Mysuru,Karnataka,South,Beverages,Beverages - Juice,Juice,3,726.44,0.08,2004.97,280.7,0.14,Wallet,Hypermarket,Premium Shopper
ORD04072,2023-09-13,CUST0326,Ahmedabad,Gujarat,West,Electronics,Electronics - Mixer,Mixer,3,1480.34,0.2,3552.82,639.51,0.18,Debit Card,Supermarket,Budget Shopper
ORD04726,2023-09-13,CUST0662,Noida,Uttar Pradesh,North,Beverages,Beverages - Tea,Tea,4,779.84,0.08,2869.81,401.77,0.14,UPI,Supermarket,Premium Shopper
ORD04980,2023-09-13,CUST0259,Pune,Maharashtra,West,Grocery,Grocery - Wheat Flour,Wheat Flour,1,1518.36,0.08,1396.89,125.72,0.09,Debit Card,Hypermarket,Budget Shopper
ORD00375,2023-09-13,CUST0088,Jaipur,Rajasthan,West,Electronics,Electronics - Power Bank,Power Bank,3,2014.5,0.05,5741.32,1033.44,0.18,Wallet,Supermarket,Regular Shopper
ORD02758,2023-09-13,CUST0994,Madurai,Tamil Nadu,South,Personal Care,Personal Care - Shampoo,Shampoo,2,791.79,0.08,1456.89,291.38,0.2,Debit Card,Hypermarket,Budget Shopper
ORD01703,2023-09-13,CUST0888,New Delhi,Delhi,North,Personal Care,Personal Care - Face Wash,Face Wash,4,215.99,0.25,647.97,129.59,0.2,Credit Card,Supermarket,Regular Shopper
ORD03745,2023-09-13,CUST0759,Nashik,Maharashtra,West,Personal Care,Personal Care - Shampoo,Shampoo,2,454.92,0.02,891.64,178.33,0.2,UPI,Hypermarket,Premium Shopper
ORD04213,2023-09-13,CUST0357,Kolkata,West Bengal,East,Personal Care,Personal Care - Face Wash,Face Wash,6,1570.05,0.15,8007.25,1601.45,0.2,Wallet,Hypermarket,Budget Shopper
ORD00921,2023-09-13,CUST0612,Kolkata,West Bengal,East,Grocery,Grocery - Cooking Oil,Cooking Oil,1,85.87,0.08,79.0,7.11,0.09,Credit Card,Hypermarket,Regular Shopper
ORD03878,2023-09-14,CUST0940,Jabalpur,Madhya Pradesh,West,Beverages,Beverages - Packaged Water,Packaged Water,3,1146.66,0.05,3267.98,457.52,0.14,Credit Card,Supermarket,Budget Shopper
ORD01842,2023-09-14,CUST0277,Mysuru,Karnataka,South,Personal Care,Personal Care - Body Lotion,Body Lotion,2,1861.68,0.02,3648.89,729.78,0.2,UPI,Supermarket,Budget Shopper
ORD00600,2023-09-14,CUST0656,Kolkata,West Bengal,East,Beverages,Beverages - Tea,Tea,3,69.32,0.15,176.77,24.75,0.14,Wallet,Supermarket,Premium Shopper
ORD04964,2023-09-14,CUST0933,Chennai,Tamil Nadu,South,Home Care,Home Care - Floor Cleaner,Floor Cleaner,6,544.04,0.0,3264.24,522.28,0.16,UPI,Supermarket,Budget Shopper
ORD03616,2023-09-15,CUST1158,Kolkata,West Bengal,East,Electronics,Electronics - Power Bank,Power Bank,5,146.43,0.08,673.58,121.24,0.18,Credit Card,Hypermarket,Regular Shopper
ORD02241,2023-09-15,CUST0908,Kolkata,West Bengal,East,Home Care,Home Care - Dishwash,Dishwash,1,1751.23,0.08,1611.13,257.78,0.16,Cash,Hypermarket,Premium Shopper
ORD03369,2023-09-15,CUST0972,Kolkata,West Bengal,East,Clothing,Clothing - Kids Wear,Kids Wear,1,264.92,0.08,243.73,60.93,0.25,Cash,Hypermarket,Regular Shopper
ORD03425,2023-09-16,CUST0212,Indore,Madhya Pradesh,West,Clothing,Clothing - Jeans,Jeans,2,997.04,0.1,1794.67,448.67,0.25,Cash,Hypermarket,Budget Shopper
ORD02423,2023-09-16,CUST0511,Coimbatore,Tamil Nadu,South,Personal Care,Personal Care - Body Lotion,Body Lotion,2,1865.03,0.1,3357.05,671.41,0.2,Credit Card,Supermarket,Premium Shopper
ORD00174,2023-09-16,CUST0058,Vadodara,Gujarat,West,Personal Care,Personal Care - Body Lotion,Body Lotion,2,508.2,0.25,762.3,152.46,0.2,Credit Card,Supermarket,Regular Shopper
ORD03148,2023-09-17,CUST0997,Nagpur,Maharashtra,West,Grocery,Grocery - Biscuits,Biscuits,7,1209.55,0.05,8043.51,723.92,0.09,Debit Card,Supermarket,Budget Shopper
ORD01387,2023-09-17,CUST0761,Chennai,Tamil Nadu,South,Home Care,Home Care - Detergent,Detergent,6,454.28,0.2,2180.54,348.89,0.16,Debit Card,Supermarket,Budget Shopper
ORD03484,2023-09-17,CUST0301,Thane,Maharashtra,West,Personal Care,Personal Care - Body Lotion,Body Lotion,4,578.14,0.05,2196.93,439.39,0.2,Cash,Supermarket,Budget Shopper
ORD02919,2023-09-17,CUST0227,Jabalpur,Madhya Pradesh,West,Electronics,Electronics - LED Bulb,LED Bulb,4,1270.18,0.08,4674.26,841.37,0.18,Debit Card,Hypermarket,Premium Shopper
ORD00186,2023-09-17,CUST0609,Noida,Uttar Pradesh,North,Grocery,Grocery - Sugar,Sugar,1,1597.65,0.05,1517.77,136.6,0.09,Cash,Supermarket,Budget Shopper
ORD01822,2023-09-17,CUST1190,Hyderabad,Telangana,South,Beverages,Beverages - Juice,Juice,7,1878.92,0.1,11837.2,1657.21,0.14,UPI,Hypermarket,Regular Shopper
ORD04854,2023-09-18,CUST0412,New Delhi,Delhi,North,Personal Care,Personal Care - Face Wash,Face Wash,7,2494.56,0.25,13096.44,2619.29,0.2,UPI,Hypermarket,Regular Shopper
ORD02648,2023-09-18,CUST0105,Coimbatore,Tamil Nadu,South,Personal Care,Personal Care - Shampoo,Shampoo,6,138.12,0.08,762.42,152.48,0.2,UPI,Hypermarket,Budget Shopper
ORD03006,2023-09-18,CUST0853,Kolkata,West Bengal,East,Electronics,Electronics - LED Bulb,LED Bulb,5,565.71,0.05,2687.12,483.68,0.18,Wallet,Hypermarket,Regular Shopper
ORD04722,2023-09-18,CUST0221,Hyderabad,Telangana,South,Clothing,Clothing - T-Shirt,T-Shirt,2,530.71,0.02,1040.19,260.05,0.25,Wallet,Supermarket,Budget Shopper
ORD02511,2023-09-18,CUST0323,Bengaluru,Karnataka,South,Beverages,Beverages - Coffee,Coffee,7,918.01,0.1,5783.46,809.68,0.14,Wallet,Supermarket,Budget Shopper
ORD02177,2023-09-19,CUST0053,Mysuru,Karnataka,South,Beverages,Beverages - Coffee,Coffee,5,1514.46,0.2,6057.84,848.1,0.14,Credit Card,Hypermarket,Regular Shopper
ORD00693,2023-09-19,CUST0303,Mysuru,Karnataka,South,Beverages,Beverages - Tea,Tea,2,316.47,0.08,582.3,81.52,0.14,Debit Card,Hypermarket,Budget Shopper
ORD03507,2023-09-19,CUST0125,New Delhi,Delhi,North,Home Care,Home Care - Toilet Cleaner,Toilet Cleaner,4,352.62,0.05,1339.96,214.39,0.16,UPI,Supermarket,Budget Shopper
ORD00568,2023-09-19,CUST0095,Nashik,Maharashtra,West,Personal Care,Personal Care - Soap,Soap,7,2275.81,0.05,15134.14,3026.83,0.2,Wallet,Supermarket,Premium Shopper
ORD04361,2023-09-20,CUST1053,Madurai,Tamil Nadu,South,Clothing,Clothing - T-Shirt,T-Shirt,1,1554.72,0.1,1399.25,349.81,0.25,Credit Card,Hypermarket,Budget Shopper
ORD04418,2023-09-20,CUST0685,Indore,Madhya Pradesh,West,Grocery,Grocery - Rice,Rice,2,771.09,0.2,1233.74,111.04,0.09,Cash,Hypermarket,Budget Shopper
ORD02020,2023-09-20,CUST1056,Surat,Gujarat,West,Home Care,Home Care - Floor Cleaner,Floor Cleaner,6,1044.97,0.05,5956.33,953.01,0.16,Credit Card,Supermarket,Regular Shopper
ORD02546,2023-09-21,CUST0255,Rajkot,Gujarat,West,Clothing,Clothing - T-Shirt,T-Shirt,5,493.84,0.0,2469.2,617.3,0.25,Wallet,Supermarket,Regular Shopper
ORD01952,2023-09-21,CUST0179,Bhopal,Madhya Pradesh,West,Beverages,Beverages - Juice,Juice,3,1419.22,0.05,4044.78,566.27,0.14,Debit Card,Hypermarket,Premium Shopper
ORD00140,2023-09-21,CUST0716,Indore,Madhya Pradesh,West,Electronics,Electronics - Earphones,Earphones,4,2370.48,0.15,8059.63,1450.73,0.18,Debit Card,Hypermarket,Budget Shopper
ORD01497,2023-09-21,CUST0010,Hyderabad,Telangana,South,Personal Care,Personal Care - Shampoo,Shampoo,6,1885.96,0.08,10410.5,2082.1,0.2,Debit Card,Hypermarket,Regular Shopper
ORD03136,2023-09-21,CUST0946,Chennai,Tamil Nadu,South,Personal Care,Personal Care - Body Lotion,Body Lotion,4,760.64,0.1,2738.3,547.66,0.2,UPI,Supermarket,Premium Shopper
ORD00095,2023-09-21,CUST1007,Madurai,Tamil Nadu,South,Clothing,Clothing - Kids Wear,Kids Wear,6,284.63,0.1,1537.0,384.25,0.25,Debit Card,Supermarket,Budget Shopper
ORD01429,2023-09-21,CUST0177,Warangal,Telangana,South,Grocery,Grocery - Wheat Flour,Wheat Flour,1,612.27,0.2,489.82,44.08,0.09,Credit Card,Supermarket,Regular Shopper
ORD04260,2023-09-22,CUST0665,Chennai,Tamil Nadu,South,Home Care,Home Care - Floor Cleaner,Floor Cleaner,1,560.62,0.05,532.59,85.21,0.16,UPI,Supermarket,Budget Shopper
ORD04228,2023-09-22,CUST0863,Bhopal,Madhya Pradesh,West,Grocery,Grocery - Wheat Flour,Wheat Flour,7,2354.18,0.2,13183.41,1186.51,0.09,UPI,Hypermarket,Budget Shopper
ORD01862,2023-09-22,CUST0460,Vadodara,Gujarat,West,Clothing,Clothing - Shirt,Shirt,2,1474.48,0.15,2506.62,626.66,0.25,Cash,Hypermarket,Budget Shopper
ORD04391,2023-09-22,CUST0229,Bhopal,Madhya Pradesh,West,Personal Care,Personal Care - Face Wash,Face Wash,5,529.12,0.08,2433.95,486.79,0.2,Debit Card,Hypermarket,Budget Shopper
ORD00043,2023-09-22,CUST0076,Bengaluru,Karnataka,South,Grocery,Grocery - Biscuits,Biscuits,6,825.51,0.1,4457.75,401.2,0.09,Cash,Hypermarket,Regular Shopper
ORD04164,2023-09-22,CUST0346,Jodhpur,Rajasthan,West,Personal Care,Personal Care - Toothpaste,Toothpaste,3,1077.38,0.08,2973.57,594.71,0.2,Cash,Hypermarket,Premium Shopper
ORD02808,2023-09-23,CUST0918,Rajkot,Gujarat,West,Clothing,Clothing - T-Shirt,T-Shirt,4,730.15,0.15,2482.51,620.63,0.25,Wallet,Supermarket,Regular Shopper
ORD00923,2023-09-23,CUST1054,Mangaluru,Karnataka,South,Beverages,Beverages - Juice,Juice,1,2203.32,0.08,2027.05,283.79,0.14,Debit Card,Hypermarket,Regular Shopper
ORD01895,2023-09-23,CUST0932,New Delhi,Delhi,North,Clothing,Clothing - T-Shirt,T-Shirt,5,1020.19,0.08,4692.87,1173.22,0.25,Debit Card,Supermarket,Regular Shopper
ORD00822,2023-09-23,CUST0834,Noida,Uttar Pradesh,North,Grocery,Grocery - Biscuits,Biscuits,7,2182.58,0.15,12986.35,1168.77,0.09,Wallet,Hypermarket,Premium Shopper
ORD00536,2023-09-24,CUST0889,Kolkata,West Bengal,East,Grocery,Grocery - Biscuits,Biscuits,2,1772.66,0.1,3190.79,287.17,0.09,Debit Card,Hypermarket,Premium Shopper
ORD02126,2023-09-24,CUST0709,Kolkata,West Bengal,East,Home Care,Home Care - Detergent,Detergent,2,1648.64,0.1,2967.55,474.81,0.16,Wallet,Hypermarket,Regular Shopper
ORD04279,2023-09-24,CUST1085,Ahmedabad,Gujarat,West,Electronics,Electronics - Extension Board,Extension Board,3,1822.5,0.1,4920.75,885.73,0.18,Credit Card,Hypermarket,Budget Shopper
ORD04088,2023-09-24,CUST1089,Jabalpur,Madhya Pradesh,West,Personal Care,Personal Care - Soap,Soap,1,2081.69,0.0,2081.69,416.34,0.2,UPI,Hypermarket,Budget Shopper
ORD03635,2023-09-25,CUST1019,Chennai,Tamil Nadu,South,Personal Care,Personal Care - Face Wash,Face Wash,4,1820.04,0.2,5824.13,1164.83,0.2,UPI,Supermarket,Budget Shopper
ORD00978,2023-09-25,CUST1117,Chennai,Tamil Nadu,South,Home Care,Home Care - Dishwash,Dishwash,3,1368.47,0.0,4105.41,656.87,0.16,Debit Card,Supermarket,Regular Shopper
ORD00882,2023-09-25,CUST0751,Kolkata,West Bengal,East,Personal Care,Personal Care - Soap,Soap,5,1827.45,0.15,7766.66,1553.33,0.2,Credit Card,Hypermarket,Budget Shopper
ORD00108,2023-09-25,CUST1113,Bhopal,Madhya Pradesh,West,Electronics,Electronics - LED Bulb,LED Bulb,2,584.18,0.0,1168.36,210.3,0.18,Credit Card,Hypermarket,Budget Shopper
ORD01340,2023-09-26,CUST0293,Coimbatore,Tamil Nadu,South,Electronics,Electronics - LED Bulb,LED Bulb,1,1529.7,0.08,1407.32,253.32,0.18,Cash,Hypermarket,Regular Shopper
ORD04007,2023-09-26,CUST0451,Noida,Uttar Pradesh,North,Personal Care,Personal Care - Toothpaste,Toothpaste,6,1817.52,0.1,9814.61,1962.92,0.2,Credit Card,Hypermarket,Budget Shopper
ORD00032,2023-09-26,CUST0656,Warangal,Telangana,South,Personal Care,Personal Care - Face Wash,Face Wash,2,2425.06,0.05,4607.61,921.52,0.2,UPI,Supermarket,Budget Shopper
ORD01109,2023-09-27,CUST0072,Warangal,Telangana,South,Electronics,Electronics - LED Bulb,LED Bulb,4,1250.52,0.05,4751.98,855.36,0.18,Cash,Hypermarket,Regular Shopper
ORD03128,2023-09-27,CUST0458,Ahmedabad,Gujarat,West,Grocery,Grocery - Sugar,Sugar,1,682.96,0.05,648.81,58.39,0.09,Debit Card,Supermarket,Budget Shopper
ORD04939,2023-09-27,CUST0578,Mysuru,Karnataka,South,Grocery,Grocery - Biscuits,Biscuits,7,317.76,0.02,2179.83,196.18,0.09,Debit Card,Supermarket,Budget Shopper
ORD00956,2023-09-27,CUST0440,New Delhi,Delhi,North,Grocery,Grocery - Wheat Flour,Wheat Flour,6,2020.34,0.08,11152.28,1003.71,0.09,UPI,Hypermarket,Regular Shopper
ORD04087,2023-09-27,CUST0898,Kolkata,West Bengal,East,Personal Care,Personal Care - Shampoo,Shampoo,7,2249.51,0.15,13384.58,2676.92,0.2,Debit Card,Supermarket,Premium Shopper
ORD04809,2023-09-28,CUST0583,Nagpur,Maharashtra,West,Home Care,Home Care - Dishwash,Dishwash,5,2275.48,0.2,9101.92,1456.31,0.16,Credit Card,Supermarket,Budget Shopper
ORD04388,2023-09-28,CUST1115,Kolkata,West Bengal,East,Grocery,Grocery - Sugar,Sugar,5,212.33,0.1,955.49,85.99,0.09,Cash,Hypermarket,Regular Shopper
ORD02318,2023-09-28,CUST0175,Lucknow,Uttar Pradesh,North,Personal Care,Personal Care - Soap,Soap,4,1791.48,0.05,6807.62,1361.52,0.2,UPI,Supermarket,Budget Shopper
ORD04733,2023-09-28,CUST1069,Noida,Uttar Pradesh,North,Grocery,Grocery - Biscuits,Biscuits,2,2172.51,0.1,3910.52,351.95,0.09,Cash,Supermarket,Regular Shopper
ORD04385,2023-09-29,CUST0183,Nagpur,Maharashtra,West,Personal Care,Personal Care - Toothpaste,Toothpaste,2,2303.7,0.0,4607.4,921.48,0.2,Credit Card,Supermarket,Regular Shopper
ORD03769,2023-09-29,CUST0050,Hyderabad,Telangana,South,Electronics,Electronics - LED Bulb,LED Bulb,5,1526.95,0.0,7634.75,1374.25,0.18,Credit Card,Hypermarket,Regular Shopper
ORD01193,2023-09-29,CUST0149,Ahmedabad,Gujarat,West,Beverages,Beverages - Soft Drink,Soft Drink,4,1539.38,0.08,5664.92,793.09,0.14,Debit Card,Supermarket,Regular Shopper
ORD03802,2023-09-30,CUST0261,Kolkata,West Bengal,East,Personal Care,Personal Care - Body Lotion,Body Lotion,6,266.16,0.15,1357.42,271.48,0.2,Debit Card,Supermarket,Budget Shopper
ORD00769,2023-09-30,CUST0925,New Delhi,Delhi,North,Personal Care,Personal Care - Face Wash,Face Wash,5,2454.36,0.15,10431.03,2086.21,0.2,Wallet,Supermarket,Budget Shopper
ORD00879,2023-09-30,CUST0838,Kolkata,West Bengal,East,Beverages,Beverages - Coffee,Coffee,2,1750.18,0.05,3325.34,465.55,0.14,UPI,Supermarket,Budget Shopper
ORD04231,2023-09-30,CUST0549,Hyderabad,Telangana,South,Beverages,Beverages - Tea,Tea,2,1362.42,0.1,2452.36,343.33,0.14,UPI,Hypermarket,Regular Shopper
ORD04263,2023-09-30,CUST0983,Vadodara,Gujarat,West,Grocery,Grocery - Biscuits,Biscuits,3,365.39,0.25,822.13,73.99,0.09,Debit Card,Hypermarket,Premium Shopper
ORD02633,2023-09-30,CUST0491,Kolkata,West Bengal,East,Personal Care,Personal Care - Shampoo,Shampoo,7,435.82,0.1,2745.67,549.13,0.2,Wallet,Hypermarket,Regular Shopper
ORD02380,2023-09-30,CUST0096,Hyderabad,Telangana,South,Home Care,Home Care - Tissue,Tissue,1,2350.33,0.05,2232.81,357.25,0.16,UPI,Hypermarket,Budget Shopper
ORD04760,2023-09-30,CUST0158,Jaipur,Rajasthan,West,Home Care,Home Care - Dishwash,Dishwash,4,950.89,0.15,3233.03,517.28,0.16,Debit Card,Supermarket,Regular Shopper
ORD02776,2023-09-30,CUST0730,Udaipur,Rajasthan,West,Personal Care,Personal Care - Soap,Soap,5,2400.11,0.25,9000.41,1800.08,0.2,UPI,Hypermarket,Premium Shopper
ORD01473,2023-09-30,CUST0435,Ahmedabad,Gujarat,West,Beverages,Beverages - Coffee,Coffee,3,1754.96,0.05,5001.64,700.23,0.14,Credit Card,Supermarket,Regular Shopper
ORD02389,2023-09-30,CUST0748,Kolkata,West Bengal,East,Clothing,Clothing - Socks,Socks,2,1688.19,0.08,3106.27,776.57,0.25,Wallet,Supermarket,Budget Shopper
ORD00485,2023-10-01,CUST0756,Kolkata,West Bengal,East,Clothing,Clothing - T-Shirt,T-Shirt,4,736.88,0.08,2711.72,677.93,0.25,Cash,Hypermarket,Premium Shopper
ORD01824,2023-10-01,CUST0310,Kanpur,Uttar Pradesh,North,Clothing,Clothing - T-Shirt,T-Shirt,6,1375.64,0.25,6190.38,1547.6,0.25,Credit Card,Hypermarket,Regular Shopper
ORD00524,2023-10-01,CUST0913,Vadodara,Gujarat,West,Beverages,Beverages - Juice,Juice,4,1833.02,0.2,5865.66,821.19,0.14,Credit Card,Hypermarket,Budget Shopper
ORD00336,2023-10-02,CUST0639,Surat,Gujarat,West,Electronics,Electronics - LED Bulb,LED Bulb,7,1254.01,0.08,8075.82,1453.65,0.18,Debit Card,Supermarket,Regular Shopper
ORD04329,2023-10-02,CUST0397,Pune,Maharashtra,West,Personal Care,Personal Care - Shampoo,Shampoo,7,800.58,0.08,5155.74,1031.15,0.2,Cash,Hypermarket,Budget Shopper
ORD01263,2023-10-02,CUST1038,Lucknow,Uttar Pradesh,North,Clothing,Clothing - Kids Wear,Kids Wear,3,489.92,0.08,1352.18,338.05,0.25,Debit Card,Supermarket,Regular Shopper
ORD02715,2023-10-02,CUST0985,Rajkot,Gujarat,West,Beverages,Beverages - Packaged Water,Packaged Water,1,1347.28,0.08,1239.5,173.53,0.14,Credit Card,Supermarket,Premium Shopper
ORD01493,2023-10-03,CUST0033,Kolkata,West Bengal,East,Personal Care,Personal Care - Toothpaste,Toothpaste,4,2336.41,0.15,7943.79,1588.76,0.2,UPI,Supermarket,Premium Shopper
ORD00376,2023-10-03,CUST0366,Jaipur,Rajasthan,West,Personal Care,Personal Care - Body Lotion,Body Lotion,5,894.87,0.25,3355.76,671.15,0.2,UPI,Hypermarket,Premium Shopper
ORD02289,2023-10-03,CUST0571,Udaipur,Rajasthan,West,Personal Care,Personal Care - Soap,Soap,5,1734.27,0.25,6503.51,1300.7,0.2,Debit Card,Supermarket,Regular Shopper
ORD00626,2023-10-03,CUST1139,New Delhi,Delhi,North,Clothing,Clothing - T-Shirt,T-Shirt,3,1804.74,0.08,4981.08,1245.27,0.25,Debit Card,Hypermarket,Premium Shopper
ORD03625,2023-10-03,CUST0098,New Delhi,Delhi,North,Electronics,Electronics - LED Bulb,LED Bulb,3,582.79,0.2,1398.7,251.77,0.18,UPI,Hypermarket,Budget Shopper
ORD04289,2023-10-04,CUST0036,Bengaluru,Karnataka,South,Home Care,Home Care - Toilet Cleaner,Toilet Cleaner,2,752.13,0.1,1353.83,216.61,0.16,Cash,Hypermarket,Regular Shopper
ORD03536,2023-10-04,CUST1091,Warangal,Telangana,South,Grocery,Grocery - Biscuits,Biscuits,6,1401.97,0.08,7738.87,696.5,0.09,Credit Card,Hypermarket,Regular Shopper
ORD04364,2023-10-04,CUST0395,Jabalpur,Madhya Pradesh,West,Grocery,Grocery - Biscuits,Biscuits,7,2358.22,0.2,13206.03,1188.54,0.09,Debit Card,Hypermarket,Budget Shopper
ORD04845,2023-10-04,CUST0184,Noida,Uttar Pradesh,North,Personal Care,Personal Care - Toothpaste,Toothpaste,1,1920.65,0.1,1728.58,345.72,0.2,Wallet,Hypermarket,Regular Shopper
ORD01351,2023-10-04,CUST0077,Warangal,Telangana,South,Grocery,Grocery - Rice,Rice,2,447.43,0.05,850.12,76.51,0.09,Credit Card,Supermarket,Budget Shopper
ORD00976,2023-10-04,CUST0658,Bengaluru,Karnataka,South,Beverages,Beverages - Coffee,Coffee,7,1240.18,0.02,8507.63,1191.07,0.14,Cash,Supermarket,Premium Shopper
ORD01577,2023-10-04,CUST0784,Bhopal,Madhya Pradesh,West,Grocery,Grocery - Wheat Flour,Wheat Flour,4,2316.11,0.02,9079.15,817.12,0.09,Wallet,Supermarket,Regular Shopper
ORD02691,2023-10-05,CUST0246,Udaipur,Rajasthan,West,Beverages,Beverages - Coffee,Coffee,4,1828.13,0.08,6727.52,941.85,0.14,Debit Card,Hypermarket,Regular Shopper
ORD04192,2023-10-05,CUST0641,Lucknow,Uttar Pradesh,North,Home Care,Home Care - Tissue,Tissue,7,841.66,0.08,5420.29,867.25,0.16,Cash,Supermarket,Regular Shopper
ORD04259,2023-10-05,CUST0493,New Delhi,Delhi,North,Personal Care,Personal Care - Toothpaste,Toothpaste,3,300.57,0.08,829.57,165.91,0.2,Debit Card,Hypermarket,Regular Shopper
ORD03431,2023-10-06,CUST0501,Nagpur,Maharashtra,West,Home Care,Home Care - Detergent,Detergent,7,105.61,0.08,680.13,108.82,0.16,Wallet,Hypermarket,Regular Shopper
ORD03526,2023-10-06,CUST0943,Jodhpur,Rajasthan,West,Home Care,Home Care - Dishwash,Dishwash,7,1230.04,0.08,7921.46,1267.43,0.16,Credit Card,Hypermarket,Budget Shopper
ORD04776,2023-10-06,CUST1054,Jodhpur,Rajasthan,West,Grocery,Grocery - Cooking Oil,Cooking Oil,2,1957.21,0.05,3718.7,334.68,0.09,Wallet,Supermarket,Regular Shopper
ORD04219,2023-10-06,CUST0298,Jabalpur,Madhya Pradesh,West,Beverages,Beverages - Coffee,Coffee,7,1084.27,0.15,6451.41,903.2,0.14,Wallet,Hypermarket,Premium Shopper
ORD04778,2023-10-06,CUST0605,Kanpur,Uttar Pradesh,North,Beverages,Beverages - Packaged Water,Packaged Water,3,977.86,0.02,2874.91,402.49,0.14,Wallet,Supermarket,Regular Shopper
ORD04451,2023-10-06,CUST0225,Kolkata,West Bengal,East,Grocery,Grocery - Cooking Oil,Cooking Oil,5,1009.28,0.02,4945.47,445.09,0.09,Credit Card,Supermarket,Regular Shopper
ORD04301,2023-10-06,CUST1024,Jabalpur,Madhya Pradesh,West,Home Care,Home Care - Tissue,Tissue,3,1005.03,0.05,2864.34,458.29,0.16,Debit Card,Hypermarket,Regular Shopper
ORD03595,2023-10-06,CUST0989,Kolkata,West Bengal,East,Personal Care,Personal Care - Shampoo,Shampoo,7,2381.41,0.2,13335.9,2667.18,0.2,Debit Card,Supermarket,Budget Shopper
ORD02355,2023-10-06,CUST0769,Lucknow,Uttar Pradesh,North,Personal Care,Personal Care - Soap,Soap,7,1321.03,0.05,8784.85,1756.97,0.2,UPI,Supermarket,Regular Shopper
ORD03966,2023-10-07,CUST0490,Jodhpur,Rajasthan,West,Electronics,Electronics - Mixer,Mixer,4,964.77,0.05,3666.13,659.9,0.18,Cash,Supermarket,Budget Shopper
ORD03876,2023-10-07,CUST1179,Lucknow,Uttar Pradesh,North,Home Care,Home Care - Toilet Cleaner,Toilet Cleaner,1,2308.54,0.05,2193.11,350.9,0.16,Credit Card,Supermarket,Budget Shopper
ORD01157,2023-10-08,CUST0506,Jabalpur,Madhya Pradesh,West,Personal Care,Personal Care - Body Lotion,Body Lotion,6,330.23,0.05,1882.31,376.46,0.2,Debit Card,Supermarket,Premium Shopper
ORD03833,2023-10-08,CUST0776,Nashik,Maharashtra,West,Home Care,Home Care - Floor Cleaner,Floor Cleaner,3,1132.05,0.05,3226.34,516.21,0.16,Cash,Supermarket,Budget Shopper
ORD01676,2023-10-08,CUST0972,Noida,Uttar Pradesh,North,Home Care,Home Care - Tissue,Tissue,5,104.03,0.15,442.13,70.74,0.16,Debit Card,Supermarket,Budget Shopper
ORD04917,2023-10-08,CUST0931,Indore,Madhya Pradesh,West,Electronics,Electronics - Mixer,Mixer,1,1426.47,0.08,1312.35,236.22,0.18,Cash,Supermarket,Regular Shopper
ORD03629,2023-10-08,CUST1125,Kolkata,West Bengal,East,Home Care,Home Care - Toilet Cleaner,Toilet Cleaner,6,1285.92,0.02,7561.21,1209.79,0.16,Cash,Supermarket,Budget Shopper
ORD02108,2023-10-08,CUST0965,Hyderabad,Telangana,South,Electronics,Electronics - Earphones,Earphones,6,2366.02,0.05,13486.31,2427.54,0.18,Cash,Hypermarket,Regular Shopper
ORD04742,2023-10-08,CUST0915,New Delhi,Delhi,North,Home Care,Home Care - Floor Cleaner,Floor Cleaner,5,1651.05,0.1,7429.72,1188.76,0.16,Wallet,Hypermarket,Regular Shopper
ORD01591,2023-10-09,CUST1045,Mangaluru,Karnataka,South,Beverages,Beverages - Soft Drink,Soft Drink,3,985.47,0.2,2365.13,331.12,0.14,Debit Card,Hypermarket,Budget Shopper
ORD03270,2023-10-09,CUST0968,Rajkot,Gujarat,West,Clothing,Clothing - Socks,Socks,4,1604.34,0.05,6096.49,1524.12,0.25,Wallet,Hypermarket,Regular Shopper
ORD01681,2023-10-10,CUST0880,New Delhi,Delhi,North,Grocery,Grocery - Cooking Oil,Cooking Oil,2,1528.38,0.1,2751.08,247.6,0.09,UPI,Hypermarket,Budget Shopper
ORD02760,2023-10-10,CUST1048,Kolkata,West Bengal,East,Beverages,Beverages - Soft Drink,Soft Drink,1,1703.33,0.08,1567.06,219.39,0.14,UPI,Supermarket,Budget Shopper
ORD02152,2023-10-10,CUST0903,Kanpur,Uttar Pradesh,North,Personal Care,Personal Care - Soap,Soap,3,778.45,0.1,2101.82,420.36,0.2,Cash,Hypermarket,Budget Shopper
ORD03742,2023-10-10,CUST0008,Vadodara,Gujarat,West,Electronics,Electronics - Power Bank,Power Bank,4,2404.42,0.08,8848.27,1592.69,0.18,Wallet,Supermarket,Regular Shopper
ORD03155,2023-10-11,CUST0238,Lucknow,Uttar Pradesh,North,Grocery,Grocery - Biscuits,Biscuits,2,1973.24,0.2,3157.18,284.15,0.09,Credit Card,Hypermarket,Budget Shopper
ORD03416,2023-10-11,CUST0998,Mangaluru,Karnataka,South,Electronics,Electronics - LED Bulb,LED Bulb,5,160.9,0.25,603.38,108.61,0.18,Cash,Hypermarket,Regular Shopper
ORD03432,2023-10-11,CUST1193,Warangal,Telangana,South,Personal Care,Personal Care - Shampoo,Shampoo,2,2383.39,0.1,4290.1,858.02,0.2,UPI,Hypermarket,Premium Shopper
ORD04631,2023-10-12,CUST0446,New Delhi,Delhi,North,Beverages,Beverages - Tea,Tea,4,104.47,0.2,334.3,46.8,0.14,Debit Card,Hypermarket,Budget Shopper
ORD03567,2023-10-12,CUST1158,Mysuru,Karnataka,South,Personal Care,Personal Care - Face Wash,Face Wash,4,527.34,0.02,2067.17,413.43,0.2,Wallet,Supermarket,Budget Shopper
ORD03699,2023-10-12,CUST0168,Madurai,Tamil Nadu,South,Clothing,Clothing - Shirt,Shirt,3,1464.6,0.15,3734.73,933.68,0.25,UPI,Supermarket,Budget Shopper
ORD02101,2023-10-14,CUST0528,New Delhi,Delhi,North,Grocery,Grocery - Wheat Flour,Wheat Flour,6,1833.67,0.02,10781.98,970.38,0.09,Debit Card,Hypermarket,Regular Shopper
ORD02871,2023-10-15,CUST0791,Surat,Gujarat,West,Clothing,Clothing - Jeans,Jeans,1,1735.86,0.15,1475.48,368.87,0.25,Debit Card,Hypermarket,Budget Shopper
ORD01708,2023-10-15,CUST0566,Bengaluru,Karnataka,South,Personal Care,Personal Care - Soap,Soap,6,557.33,0.05,3176.78,635.36,0.2,Cash,Hypermarket,Regular Shopper
ORD03825,2023-10-16,CUST0935,Udaipur,Rajasthan,West,Beverages,Beverages - Coffee,Coffee,5,941.53,0.2,3766.12,527.26,0.14,Debit Card,Supermarket,Premium Shopper
ORD04833,2023-10-16,CUST0239,Mangaluru,Karnataka,South,Home Care,Home Care - Floor Cleaner,Floor Cleaner,6,2393.14,0.1,12922.96,2067.67,0.16,Cash,Hypermarket,Regular Shopper
ORD02518,2023-10-16,CUST0633,Kanpur,Uttar Pradesh,North,Clothing,Clothing - Jeans,Jeans,6,535.89,0.08,2958.11,739.53,0.25,Cash,Hypermarket,Budget Shopper
ORD00081,2023-10-16,CUST0951,Lucknow,Uttar Pradesh,North,Home Care,Home Care - Floor Cleaner,Floor Cleaner,6,122.49,0.1,661.45,105.83,0.16,Wallet,Hypermarket,Regular Shopper
ORD04258,2023-10-17,CUST0026,Noida,Uttar Pradesh,North,Grocery,Grocery - Wheat Flour,Wheat Flour,1,1744.45,0.15,1482.78,133.45,0.09,UPI,Hypermarket,Regular Shopper
ORD03392,2023-10-17,CUST0184,Nashik,Maharashtra,West,Home Care,Home Care - Detergent,Detergent,6,475.32,0.05,2709.32,433.49,0.16,UPI,Supermarket,Regular Shopper
ORD03607,2023-10-17,CUST0027,Kolkata,West Bengal,East,Electronics,Electronics - Power Bank,Power Bank,1,1298.91,0.15,1104.07,198.73,0.18,Cash,Hypermarket,Budget Shopper
ORD03268,2023-10-18,CUST0210,Surat,Gujarat,West,Home Care,Home Care - Tissue,Tissue,3,2453.8,0.0,7361.4,1177.82,0.16,UPI,Hypermarket,Regular Shopper
ORD01540,2023-10-18,CUST0109,Mangaluru,Karnataka,South,Grocery,Grocery - Sugar,Sugar,5,327.5,0.25,1228.12,110.53,0.09,Cash,Hypermarket,Budget Shopper
ORD04755,2023-10-19,CUST0320,Pune,Maharashtra,West,Home Care,Home Care - Tissue,Tissue,5,195.94,0.1,881.73,141.08,0.16,Debit Card,Supermarket,Budget Shopper
ORD01334,2023-10-19,CUST0130,Jabalpur,Madhya Pradesh,West,Clothing,Clothing - Jeans,Jeans,3,1166.27,0.05,3323.87,830.97,0.25,Credit Card,Hypermarket,Regular Shopper
ORD03670,2023-10-19,CUST0965,Coimbatore,Tamil Nadu,South,Home Care,Home Care - Floor Cleaner,Floor Cleaner,5,1733.52,0.1,7800.84,1248.13,0.16,Wallet,Supermarket,Budget Shopper
ORD01295,2023-10-19,CUST0418,Pune,Maharashtra,West,Beverages,Beverages - Coffee,Coffee,3,2130.2,0.08,5879.35,823.11,0.14,UPI,Supermarket,Budget Shopper
ORD04828,2023-10-19,CUST0183,Noida,Uttar Pradesh,North,Clothing,Clothing - Socks,Socks,6,330.58,0.05,1884.31,471.08,0.25,UPI,Hypermarket,Regular Shopper
ORD00272,2023-10-19,CUST1089,Kolkata,West Bengal,East,Clothing,Clothing - Shirt,Shirt,1,2092.0,0.0,2092.0,523.0,0.25,Wallet,Supermarket,Premium Shopper
ORD03290,2023-10-20,CUST1017,Jaipur,Rajasthan,West,Home Care,Home Care - Tissue,Tissue,2,569.23,0.05,1081.54,173.05,0.16,Credit Card,Supermarket,Regular Shopper
ORD01489,2023-10-20,CUST0543,Ahmedabad,Gujarat,West,Personal Care,Personal Care - Body Lotion,Body Lotion,7,192.18,0.1,1210.73,242.15,0.2,Credit Card,Hypermarket,Premium Shopper
ORD00397,2023-10-20,CUST1143,Nagpur,Maharashtra,West,Grocery,Grocery - Sugar,Sugar,4,2216.74,0.05,8423.61,758.12,0.09,UPI,Hypermarket,Budget Shopper
ORD04607,2023-10-20,CUST0069,Jaipur,Rajasthan,West,Electronics,Electronics - Earphones,Earphones,2,2381.05,0.1,4285.89,771.46,0.18,Wallet,Hypermarket,Budget Shopper
ORD01128,2023-10-21,CUST0572,Coimbatore,Tamil Nadu,South,Grocery,Grocery - Biscuits,Biscuits,2,2139.56,0.0,4279.12,385.12,0.09,Cash,Hypermarket,Budget Shopper
ORD01454,2023-10-21,CUST0861,Bengaluru,Karnataka,South,Grocery,Grocery - Cooking Oil,Cooking Oil,1,1442.5,0.2,1154.0,103.86,0.09,Debit Card,Hypermarket,Regular Shopper
ORD03737,2023-10-21,CUST1131,Kolkata,West Bengal,East,Grocery,Grocery - Cooking Oil,Cooking Oil,2,53.53,0.02,104.92,9.44,0.09,Cash,Hypermarket,Budget Shopper
ORD02006,2023-10-21,CUST0207,Pune,Maharashtra,West,Beverages,Beverages - Coffee,Coffee,7,1325.83,0.05,8816.77,1234.35,0.14,Debit Card,Hypermarket,Regular Shopper
ORD04009,2023-10-22,CUST0426,New Delhi,Delhi,North,Clothing,Clothing - Kids Wear,Kids Wear,4,680.13,0.15,2312.44,578.11,0.25,Wallet,Hypermarket,Premium Shopper
ORD04734,2023-10-22,CUST0726,Indore,Madhya Pradesh,West,Clothing,Clothing - Shirt,Shirt,6,405.64,0.08,2239.13,559.78,0.25,UPI,Supermarket,Regular Shopper
ORD02596,2023-10-22,CUST0761,Kanpur,Uttar Pradesh,North,Personal Care,Personal Care - Soap,Soap,1,861.2,0.15,732.02,146.4,0.2,Debit Card,Hypermarket,Budget Shopper
ORD01432,2023-10-22,CUST0744,Bengaluru,Karnataka,South,Personal Care,Personal Care - Soap,Soap,4,1836.95,0.25,5510.85,1102.17,0.2,Cash,Supermarket,Regular Shopper
ORD03292,2023-10-22,CUST0755,Mangaluru,Karnataka,South,Clothing,Clothing - Kids Wear,Kids Wear,1,1045.72,0.02,1024.81,256.2,0.25,Cash,Supermarket,Budget Shopper
ORD00761,2023-10-22,CUST0253,Kolkata,West Bengal,East,Home Care,Home Care - Dishwash,Dishwash,5,1821.01,0.2,7284.04,1165.45,0.16,Credit Card,Hypermarket,Budget Shopper
ORD01036,2023-10-22,CUST0764,Kolkata,West Bengal,East,Beverages,Beverages - Packaged Water,Packaged Water,2,1618.52,0.05,3075.19,430.53,0.14,UPI,Supermarket,Premium Shopper
ORD02848,2023-10-22,CUST1157,Warangal,Telangana,South,Beverages,Beverages - Packaged Water,Packaged Water,4,1464.98,0.1,5273.93,738.35,0.14,Wallet,Supermarket,Regular Shopper
ORD02287,2023-10-22,CUST0762,Coimbatore,Tamil Nadu,South,Grocery,Grocery - Sugar,Sugar,6,309.39,0.02,1819.21,163.73,0.09,Debit Card,Hypermarket,Regular Shopper
ORD03402,2023-10-23,CUST0234,Indore,Madhya Pradesh,West,Electronics,Electronics - Extension Board,Extension Board,3,2422.26,0.0,7266.78,1308.02,0.18,Wallet,Supermarket,Regular Shopper
ORD04880,2023-10-23,CUST0409,Ahmedabad,Gujarat,West,Beverages,Beverages - Juice,Juice,3,797.52,0.08,2201.16,308.16,0.14,Debit Card,Hypermarket,Budget Shopper
ORD03007,2023-10-23,CUST0539,Mangaluru,Karnataka,South,Grocery,Grocery - Sugar,Sugar,3,1706.47,0.15,4351.5,391.63,0.09,Debit Card,Hypermarket,Budget Shopper
ORD00844,2023-10-23,CUST0041,Jodhpur,Rajasthan,West,Clothing,Clothing - Shirt,Shirt,2,2234.5,0.15,3798.65,949.66,0.25,Wallet,Supermarket,Budget Shopper
ORD03906,2023-10-23,CUST0843,Mysuru,Karnataka,South,Personal Care,Personal Care - Face Wash,Face Wash,4,1223.32,0.25,3669.96,733.99,0.2,Cash,Supermarket,Premium Shopper
ORD03164,2023-10-23,CUST0181,Kolkata,West Bengal,East,Clothing,Clothing - Socks,Socks,5,287.73,0.05,1366.72,341.68,0.25,UPI,Supermarket,Premium Shopper
ORD02823,2023-10-23,CUST0072,Mangaluru,Karnataka,South,Grocery,Grocery - Biscuits,Biscuits,3,2044.9,0.05,5827.96,524.52,0.09,UPI,Supermarket,Budget Shopper
ORD03230,2023-10-23,CUST0114,Hyderabad,Telangana,South,Personal Care,Personal Care - Shampoo,Shampoo,2,165.35,0.05,314.16,62.83,0.2,Cash,Hypermarket,Budget Shopper
ORD03463,2023-10-23,CUST0357,Warangal,Telangana,South,Personal Care,Personal Care - Body Lotion,Body Lotion,6,742.76,0.08,4100.04,820.01,0.2,UPI,Supermarket,Budget Shopper
ORD00105,2023-10-23,CUST0713,Noida,Uttar Pradesh,North,Personal Care,Personal Care - Shampoo,Shampoo,1,1831.34,0.1,1648.21,329.64,0.2,Credit Card,Hypermarket,Budget Shopper
ORD00378,2023-10-23,CUST0584,Madurai,Tamil Nadu,South,Electronics,Electronics - Earphones,Earphones,7,61.42,0.15,365.45,65.78,0.18,Wallet,Supermarket,Budget Shopper
ORD01058,2023-10-23,CUST0397,Lucknow,Uttar Pradesh,North,Personal Care,Personal Care - Body Lotion,Body Lotion,2,1930.38,0.08,3551.9,710.38,0.2,Debit Card,Supermarket,Budget Shopper
ORD03512,2023-10-24,CUST1117,New Delhi,Delhi,North,Grocery,Grocery - Wheat Flour,Wheat Flour,6,413.29,0.1,2231.77,200.86,0.09,Credit Card,Supermarket,Budget Shopper
ORD03309,2023-10-24,CUST1013,Warangal,Telangana,South,Personal Care,Personal Care - Toothpaste,Toothpaste,7,1568.23,0.08,10099.4,2019.88,0.2,Wallet,Hypermarket,Budget Shopper
ORD00615,2023-10-24,CUST0755,Jodhpur,Rajasthan,West,Grocery,Grocery - Sugar,Sugar,5,1960.52,0.15,8332.21,749.9,0.09,Cash,Supermarket,Regular Shopper
ORD04434,2023-10-24,CUST0538,Noida,Uttar Pradesh,North,Beverages,Beverages - Tea,Tea,6,233.37,0.05,1330.21,186.23,0.14,Wallet,Supermarket,Budget Shopper
ORD04842,2023-10-24,CUST0076,Jodhpur,Rajasthan,West,Grocery,Grocery - Sugar,Sugar,3,2150.93,0.02,6323.73,569.14,0.09,Cash,Hypermarket,Budget Shopper
ORD01776,2023-10-24,CUST0997,Kanpur,Uttar Pradesh,North,Grocery,Grocery - Cooking Oil,Cooking Oil,6,445.77,0.08,2460.65,221.46,0.09,Credit Card,Hypermarket,Regular Shopper
ORD02242,2023-10-25,CUST0302,Warangal,Telangana,South,Electronics,Electronics - Earphones,Earphones,7,1159.2,0.02,7952.11,1431.38,0.18,Debit Card,Hypermarket,Budget Shopper
ORD02943,2023-10-25,CUST0375,Mumbai,Maharashtra,West,Grocery,Grocery - Rice,Rice,2,1101.61,0.08,2026.96,182.43,0.09,Credit Card,Supermarket,Regular Shopper
ORD04503,2023-10-25,CUST0060,Rajkot,Gujarat,West,Electronics,Electronics - Earphones,Earphones,7,100.8,0.05,670.32,120.66,0.18,Wallet,Supermarket,Budget Shopper
ORD00166,2023-10-25,CUST0445,Kolkata,West Bengal,East,Clothing,Clothing - T-Shirt,T-Shirt,4,2297.67,0.08,8455.43,2113.86,0.25,UPI,Supermarket,Budget Shopper
ORD00855,2023-10-26,CUST1146,Bengaluru,Karnataka,South,Grocery,Grocery - Cooking Oil,Cooking Oil,1,2290.55,0.2,1832.44,164.92,0.09,Wallet,Hypermarket,Regular Shopper
ORD03976,2023-10-26,CUST0666,Hyderabad,Telangana,South,Personal Care,Personal Care - Body Lotion,Body Lotion,6,1369.3,0.15,6983.43,1396.69,0.2,Cash,Hypermarket,Budget Shopper
ORD04906,2023-10-26,CUST0624,Surat,Gujarat,West,Home Care,Home Care - Detergent,Detergent,2,1691.2,0.02,3314.75,530.36,0.16,Credit Card,Supermarket,Budget Shopper
ORD02571,2023-10-26,CUST0373,Hyderabad,Telangana,South,Grocery,Grocery - Rice,Rice,7,196.09,0.0,1372.63,123.54,0.09,UPI,Hypermarket,Regular Shopper
ORD00732,2023-10-26,CUST0629,Mangaluru,Karnataka,South,Grocery,Grocery - Cooking Oil,Cooking Oil,5,2421.33,0.1,10895.98,980.64,0.09,Credit Card,Supermarket,Regular Shopper
ORD00682,2023-10-26,CUST0668,Coimbatore,Tamil Nadu,South,Clothing,Clothing - Socks,Socks,3,108.49,0.2,260.38,65.1,0.25,Debit Card,Supermarket,Regular Shopper
ORD03636,2023-10-26,CUST0962,Hyderabad,Telangana,South,Grocery,Grocery - Wheat Flour,Wheat Flour,4,1261.77,0.15,4290.02,386.1,0.09,Cash,Supermarket,Regular Shopper
ORD03161,2023-10-26,CUST0722,Warangal,Telangana,South,Home Care,Home Care - Toilet Cleaner,Toilet Cleaner,5,1699.77,0.05,8073.91,1291.83,0.16,Wallet,Hypermarket,Premium Shopper
ORD04693,2023-10-27,CUST0360,New Delhi,Delhi,North,Beverages,Beverages - Juice,Juice,5,2031.46,0.02,9954.15,1393.58,0.14,Credit Card,Hypermarket,Budget Shopper
ORD02261,2023-10-27,CUST0936,Bengaluru,Karnataka,South,Grocery,Grocery - Cooking Oil,Cooking Oil,3,165.34,0.05,471.22,42.41,0.09,Wallet,Supermarket,Regular Shopper
ORD02624,2023-10-27,CUST0075,Hyderabad,Telangana,South,Clothing,Clothing - Shirt,Shirt,5,143.16,0.2,572.64,143.16,0.25,Cash,Supermarket,Regular Shopper
ORD04523,2023-10-28,CUST0629,New Delhi,Delhi,North,Personal Care,Personal Care - Shampoo,Shampoo,3,2286.15,0.15,5829.68,1165.94,0.2,Cash,Hypermarket,Budget Shopper
ORD03946,2023-10-28,CUST0264,Vadodara,Gujarat,West,Grocery,Grocery - Rice,Rice,3,1432.74,0.05,4083.31,367.5,0.09,Credit Card,Hypermarket,Regular Shopper
ORD04889,2023-10-28,CUST0967,Chennai,Tamil Nadu,South,Beverages,Beverages - Juice,Juice,1,1231.8,0.08,1133.26,158.66,0.14,Debit Card,Supermarket,Budget Shopper
ORD02465,2023-10-28,CUST0509,Hyderabad,Telangana,South,Personal Care,Personal Care - Soap,Soap,5,208.96,0.15,888.08,177.62,0.2,Debit Card,Hypermarket,Premium Shopper
ORD01978,2023-10-28,CUST0565,New Delhi,Delhi,North,Grocery,Grocery - Sugar,Sugar,5,403.86,0.05,1918.34,172.65,0.09,Credit Card,Hypermarket,Budget Shopper
ORD04212,2023-10-29,CUST0285,New Delhi,Delhi,North,Home Care,Home Care - Dishwash,Dishwash,3,690.51,0.08,1905.81,304.93,0.16,Credit Card,Supermarket,Budget Shopper
ORD00674,2023-10-29,CUST0561,New Delhi,Delhi,North,Grocery,Grocery - Cooking Oil,Cooking Oil,6,980.61,0.08,5412.97,487.17,0.09,Cash,Supermarket,Budget Shopper
ORD00235,2023-10-29,CUST0949,Jabalpur,Madhya Pradesh,West,Grocery,Grocery - Cooking Oil,Cooking Oil,4,1907.75,0.15,6486.35,583.77,0.09,UPI,Hypermarket,Budget Shopper
ORD00026,2023-10-29,CUST0497,Bengaluru,Karnataka,South,Electronics,Electronics - Extension Board,Extension Board,3,2417.97,0.25,5440.43,979.28,0.18,Cash,Hypermarket,Budget Shopper
ORD01207,2023-10-29,CUST0819,Mangaluru,Karnataka,South,Clothing,Clothing - Jeans,Jeans,6,2415.85,0.1,13045.59,3261.4,0.25,Credit Card,Supermarket,Premium Shopper
ORD01907,2023-10-29,CUST0572,Thane,Maharashtra,West,Beverages,Beverages - Packaged Water,Packaged Water,6,2127.89,0.05,12128.97,1698.06,0.14,Debit Card,Hypermarket,Regular Shopper
ORD03613,2023-10-29,CUST0722,Hyderabad,Telangana,South,Clothing,Clothing - Socks,Socks,3,569.82,0.02,1675.27,418.82,0.25,Wallet,Supermarket,Budget Shopper
ORD01309,2023-10-29,CUST0846,Lucknow,Uttar Pradesh,North,Grocery,Grocery - Sugar,Sugar,1,2249.64,0.15,1912.19,172.1,0.09,Cash,Supermarket,Premium Shopper
ORD02230,2023-10-30,CUST0564,Nashik,Maharashtra,West,Grocery,Grocery - Rice,Rice,2,1721.34,0.2,2754.14,247.87,0.09,Cash,Supermarket,Premium Shopper
ORD00066,2023-10-30,CUST0719,Pune,Maharashtra,West,Clothing,Clothing - T-Shirt,T-Shirt,6,951.36,0.05,5422.75,1355.69,0.25,Cash,Hypermarket,Regular Shopper
ORD03831,2023-10-30,CUST0005,Kolkata,West Bengal,East,Personal Care,Personal Care - Shampoo,Shampoo,1,71.19,0.15,60.51,12.1,0.2,Cash,Supermarket,Regular Shopper
ORD04348,2023-10-30,CUST0939,Mysuru,Karnataka,South,Grocery,Grocery - Biscuits,Biscuits,3,507.48,0.25,1141.83,102.76,0.09,Wallet,Supermarket,Regular Shopper
ORD04048,2023-10-31,CUST0952,Nashik,Maharashtra,West,Beverages,Beverages - Soft Drink,Soft Drink,7,1876.48,0.08,12084.53,1691.83,0.14,UPI,Hypermarket,Premium Shopper
ORD01258,2023-10-31,CUST0999,Thane,Maharashtra,West,Grocery,Grocery - Wheat Flour,Wheat Flour,1,2221.58,0.08,2043.85,183.95,0.09,Wallet,Supermarket,Regular Shopper
ORD02193,2023-10-31,CUST0320,Warangal,Telangana,South,Electronics,Electronics - Earphones,Earphones,2,1792.86,0.1,3227.15,580.89,0.18,Wallet,Supermarket,Budget Shopper
ORD02585,2023-10-31,CUST0240,Hyderabad,Telangana,South,Clothing,Clothing - Shirt,Shirt,7,2083.73,0.15,12398.19,3099.55,0.25,UPI,Hypermarket,Budget Shopper
ORD00901,2023-10-31,CUST0920,Warangal,Telangana,South,Beverages,Beverages - Packaged Water,Packaged Water,5,2393.82,0.05,11370.64,1591.89,0.14,Wallet,Hypermarket,Regular Shopper
ORD02663,2023-10-31,CUST0826,Bhopal,Madhya Pradesh,West,Personal Care,Personal Care - Face Wash,Face Wash,2,316.63,0.15,538.27,107.65,0.2,Debit Card,Hypermarket,Budget Shopper
ORD00940,2023-10-31,CUST0982,Bhopal,Madhya Pradesh,West,Grocery,Grocery - Rice,Rice,6,1852.16,0.1,10001.66,900.15,0.09,Cash,Hypermarket,Premium Shopper
ORD03617,2023-10-31,CUST0059,Hyderabad,Telangana,South,Personal Care,Personal Care - Toothpaste,Toothpaste,3,804.57,0.2,1930.97,386.19,0.2,Wallet,Hypermarket,Budget Shopper
ORD04773,2023-11-01,CUST0171,Udaipur,Rajasthan,West,Home Care,Home Care - Detergent,Detergent,4,1329.39,0.02,5211.21,833.79,0.16,Debit Card,Hypermarket,Premium Shopper
ORD02255,2023-11-02,CUST0621,Nashik,Maharashtra,West,Personal Care,Personal Care - Body Lotion,Body Lotion,5,518.43,0.0,2592.15,518.43,0.2,Debit Card,Hypermarket,Regular Shopper
ORD02296,2023-11-02,CUST0140,Hyderabad,Telangana,South,Grocery,Grocery - Cooking Oil,Cooking Oil,4,887.68,0.0,3550.72,319.56,0.09,Debit Card,Supermarket,Premium Shopper
ORD04469,2023-11-02,CUST0476,Kanpur,Uttar Pradesh,North,Grocery,Grocery - Sugar,Sugar,2,56.86,0.05,108.03,9.72,0.09,Cash,Supermarket,Budget Shopper
ORD00541,2023-11-02,CUST0236,Bhopal,Madhya Pradesh,West,Grocery,Grocery - Biscuits,Biscuits,4,211.51,0.2,676.83,60.91,0.09,UPI,Hypermarket,Regular Shopper
ORD01651,2023-11-02,CUST0497,Rajkot,Gujarat,West,Beverages,Beverages - Tea,Tea,7,1135.69,0.2,6359.86,890.38,0.14,Credit Card,Hypermarket,Regular Shopper
ORD01851,2023-11-02,CUST0394,New Delhi,Delhi,North,Electronics,Electronics - LED Bulb,LED Bulb,4,639.0,0.1,2300.4,414.07,0.18,Wallet,Supermarket,Budget Shopper
ORD03680,2023-11-02,CUST0610,Surat,Gujarat,West,Beverages,Beverages - Juice,Juice,4,179.33,0.1,645.59,90.38,0.14,Wallet,Supermarket,Budget Shopper
ORD03764,2023-11-03,CUST0193,Pune,Maharashtra,West,Grocery,Grocery - Rice,Rice,7,1359.59,0.05,9041.27,813.71,0.09,Cash,Supermarket,Regular Shopper
ORD04230,2023-11-03,CUST0201,Mangaluru,Karnataka,South,Grocery,Grocery - Cooking Oil,Cooking Oil,7,671.93,0.1,4233.16,380.98,0.09,Credit Card,Hypermarket,Budget Shopper
ORD04674,2023-11-03,CUST0718,Warangal,Telangana,South,Home Care,Home Care - Tissue,Tissue,1,69.75,0.2,55.8,8.93,0.16,Credit Card,Supermarket,Premium Shopper
ORD04651,2023-11-03,CUST0917,Warangal,Telangana,South,Home Care,Home Care - Floor Cleaner,Floor Cleaner,5,318.82,0.15,1354.98,216.8,0.16,Credit Card,Hypermarket,Regular Shopper
ORD04147,2023-11-03,CUST1194,Kolkata,West Bengal,East,Personal Care,Personal Care - Body Lotion,Body Lotion,4,2131.85,0.02,8356.85,1671.37,0.2,Debit Card,Hypermarket,Budget Shopper
ORD00745,2023-11-03,CUST0561,Chennai,Tamil Nadu,South,Home Care,Home Care - Floor Cleaner,Floor Cleaner,6,824.85,0.2,3959.28,633.48,0.16,Credit Card,Hypermarket,Budget Shopper
ORD02573,2023-11-04,CUST0421,Kolkata,West Bengal,East,Home Care,Home Care - Dishwash,Dishwash,3,1637.75,0.0,4913.25,786.12,0.16,Credit Card,Hypermarket,Budget Shopper
ORD01517,2023-11-04,CUST1079,Noida,Uttar Pradesh,North,Clothing,Clothing - T-Shirt,T-Shirt,6,1521.52,0.08,8398.79,2099.7,0.25,Credit Card,Supermarket,Regular Shopper
ORD04280,2023-11-04,CUST0947,Kanpur,Uttar Pradesh,North,Beverages,Beverages - Tea,Tea,3,780.9,0.05,2225.56,311.58,0.14,Debit Card,Hypermarket,Budget Shopper
ORD01904,2023-11-05,CUST0595,Mumbai,Maharashtra,West,Personal Care,Personal Care - Soap,Soap,4,2068.18,0.02,8107.27,1621.45,0.2,Debit Card,Supermarket,Budget Shopper
ORD03103,2023-11-05,CUST0545,Coimbatore,Tamil Nadu,South,Grocery,Grocery - Sugar,Sugar,2,838.84,0.08,1543.47,138.91,0.09,UPI,Supermarket,Premium Shopper
ORD04575,2023-11-05,CUST1006,Pune,Maharashtra,West,Personal Care,Personal Care - Soap,Soap,4,1053.05,0.02,4127.96,825.59,0.2,Cash,Hypermarket,Budget Shopper
ORD03658,2023-11-05,CUST0086,Indore,Madhya Pradesh,West,Electronics,Electronics - Power Bank,Power Bank,7,910.91,0.02,6248.84,1124.79,0.18,Credit Card,Supermarket,Regular Shopper
ORD01633,2023-11-05,CUST0934,Nagpur,Maharashtra,West,Grocery,Grocery - Cooking Oil,Cooking Oil,1,523.85,0.1,471.46,42.43,0.09,Credit Card,Supermarket,Regular Shopper
ORD04450,2023-11-05,CUST0522,Bhopal,Madhya Pradesh,West,Personal Care,Personal Care - Face Wash,Face Wash,5,1599.93,0.08,7359.68,1471.94,0.2,Credit Card,Supermarket,Regular Shopper
ORD00673,2023-11-06,CUST0437,Noida,Uttar Pradesh,North,Personal Care,Personal Care - Toothpaste,Toothpaste,1,2175.52,0.05,2066.74,413.35,0.2,Credit Card,Supermarket,Budget Shopper
ORD04581,2023-11-06,CUST0728,Warangal,Telangana,South,Grocery,Grocery - Sugar,Sugar,7,344.99,0.1,2173.44,195.61,0.09,Cash,Supermarket,Budget Shopper
ORD02223,2023-11-07,CUST0706,Kanpur,Uttar Pradesh,North,Personal Care,Personal Care - Toothpaste,Toothpaste,5,2183.37,0.05,10371.01,2074.2,0.2,Wallet,Hypermarket,Regular Shopper
ORD03751,2023-11-07,CUST0630,Surat,Gujarat,West,Personal Care,Personal Care - Body Lotion,Body Lotion,2,2259.84,0.1,4067.71,813.54,0.2,Cash,Hypermarket,Budget Shopper
ORD00622,2023-11-07,CUST0675,Hyderabad,Telangana,South,Home Care,Home Care - Toilet Cleaner,Toilet Cleaner,2,173.7,0.0,347.4,55.58,0.16,UPI,Supermarket,Budget Shopper
ORD04496,2023-11-08,CUST0966,New Delhi,Delhi,North,Clothing,Clothing - Socks,Socks,4,1975.81,0.25,5927.43,1481.86,0.25,Wallet,Supermarket,Regular Shopper
ORD02089,2023-11-08,CUST0125,Bhopal,Madhya Pradesh,West,Clothing,Clothing - Jeans,Jeans,2,1787.74,0.1,3217.93,804.48,0.25,UPI,Supermarket,Budget Shopper
ORD04029,2023-11-08,CUST0501,Kolkata,West Bengal,East,Beverages,Beverages - Soft Drink,Soft Drink,7,384.59,0.05,2557.52,358.05,0.14,Credit Card,Hypermarket,Regular Shopper
ORD02009,2023-11-09,CUST0883,Hyderabad,Telangana,South,Clothing,Clothing - Socks,Socks,7,285.32,0.02,1957.3,489.33,0.25,Debit Card,Supermarket,Regular Shopper
ORD03379,2023-11-09,CUST0790,Kolkata,West Bengal,East,Grocery,Grocery - Sugar,Sugar,6,479.46,0.15,2445.25,220.07,0.09,Cash,Hypermarket,Budget Shopper
ORD01166,2023-11-09,CUST1095,Mumbai,Maharashtra,West,Grocery,Grocery - Wheat Flour,Wheat Flour,7,2008.89,0.1,12656.01,1139.04,0.09,Cash,Supermarket,Regular Shopper
ORD00624,2023-11-09,CUST0026,Bhopal,Madhya Pradesh,West,Personal Care,Personal Care - Body Lotion,Body Lotion,5,2047.5,0.05,9725.62,1945.12,0.2,Cash,Supermarket,Premium Shopper
ORD01083,2023-11-09,CUST0407,Rajkot,Gujarat,West,Home Care,Home Care - Tissue,Tissue,4,559.76,0.05,2127.09,340.33,0.16,Cash,Hypermarket,Regular Shopper
ORD04373,2023-11-09,CUST0424,Udaipur,Rajasthan,West,Grocery,Grocery - Cooking Oil,Cooking Oil,7,2490.64,0.1,15691.03,1412.19,0.09,Cash,Supermarket,Budget Shopper
ORD00764,2023-11-09,CUST0747,Udaipur,Rajasthan,West,Personal Care,Personal Care - Soap,Soap,7,525.72,0.1,3312.04,662.41,0.2,Wallet,Supermarket,Premium Shopper
ORD04526,2023-11-09,CUST0371,Udaipur,Rajasthan,West,Grocery,Grocery - Rice,Rice,6,624.05,0.08,3444.76,310.03,0.09,Credit Card,Supermarket,Budget Shopper
ORD00582,2023-11-10,CUST0045,Udaipur,Rajasthan,West,Grocery,Grocery - Wheat Flour,Wheat Flour,2,724.54,0.15,1231.72,110.85,0.09,Credit Card,Hypermarket,Regular Shopper
ORD03882,2023-11-10,CUST0037,Thane,Maharashtra,West,Grocery,Grocery - Wheat Flour,Wheat Flour,7,1083.95,0.02,7435.9,669.23,0.09,Wallet,Supermarket,Regular Shopper
ORD02942,2023-11-10,CUST0805,Udaipur,Rajasthan,West,Personal Care,Personal Care - Toothpaste,Toothpaste,6,1414.47,0.05,8062.48,1612.5,0.2,UPI,Hypermarket,Budget Shopper
ORD00218,2023-11-10,CUST0165,New Delhi,Delhi,North,Grocery,Grocery - Rice,Rice,5,2449.7,0.1,11023.65,992.13,0.09,Credit Card,Hypermarket,Regular Shopper
ORD03953,2023-11-10,CUST0834,Kolkata,West Bengal,East,Home Care,Home Care - Floor Cleaner,Floor Cleaner,7,643.84,0.15,3830.85,612.94,0.16,UPI,Supermarket,Budget Shopper
ORD02668,2023-11-11,CUST0125,Lucknow,Uttar Pradesh,North,Clothing,Clothing - Kids Wear,Kids Wear,4,678.06,0.02,2658.0,664.5,0.25,UPI,Supermarket,Budget Shopper
ORD03413,2023-11-11,CUST0068,Rajkot,Gujarat,West,Clothing,Clothing - T-Shirt,T-Shirt,7,1233.42,0.15,7338.85,1834.71,0.25,Debit Card,Supermarket,Regular Shopper
ORD02878,2023-11-12,CUST0392,Bengaluru,Karnataka,South,Electronics,Electronics - Mixer,Mixer,7,1206.63,0.15,7179.45,1292.3,0.18,UPI,Supermarket,Regular Shopper
ORD02934,2023-11-13,CUST0095,Bengaluru,Karnataka,South,Grocery,Grocery - Wheat Flour,Wheat Flour,4,940.73,0.15,3198.48,287.86,0.09,UPI,Hypermarket,Premium Shopper
ORD00748,2023-11-13,CUST0628,Jaipur,Rajasthan,West,Personal Care,Personal Care - Body Lotion,Body Lotion,6,632.15,0.1,3413.61,682.72,0.2,Cash,Supermarket,Budget Shopper
ORD04229,2023-11-13,CUST1077,Jabalpur,Madhya Pradesh,West,Beverages,Beverages - Juice,Juice,5,2055.77,0.15,8737.02,1223.18,0.14,Cash,Hypermarket,Budget Shopper
ORD00107,2023-11-14,CUST0012,Kolkata,West Bengal,East,Home Care,Home Care - Detergent,Detergent,3,2397.1,0.1,6472.17,1035.55,0.16,Wallet,Hypermarket,Regular Shopper
ORD02003,2023-11-14,CUST0937,Ahmedabad,Gujarat,West,Grocery,Grocery - Rice,Rice,7,1278.75,0.2,7161.0,644.49,0.09,Debit Card,Supermarket,Budget Shopper
ORD00874,2023-11-14,CUST0646,Kolkata,West Bengal,East,Beverages,Beverages - Juice,Juice,2,2379.32,0.02,4663.47,652.89,0.14,Debit Card,Supermarket,Regular Shopper
ORD03803,2023-11-14,CUST0445,New Delhi,Delhi,North,Personal Care,Personal Care - Toothpaste,Toothpaste,6,46.66,0.1,251.96,50.39,0.2,UPI,Hypermarket,Budget Shopper
ORD01453,2023-11-14,CUST0835,Kanpur,Uttar Pradesh,North,Grocery,Grocery - Sugar,Sugar,7,2432.55,0.15,14473.67,1302.63,0.09,UPI,Supermarket,Budget Shopper
ORD04514,2023-11-15,CUST0044,New Delhi,Delhi,North,Clothing,Clothing - T-Shirt,T-Shirt,6,435.79,0.08,2405.56,601.39,0.25,Wallet,Supermarket,Premium Shopper
ORD00965,2023-11-15,CUST0784,Bengaluru,Karnataka,South,Personal Care,Personal Care - Face Wash,Face Wash,5,1306.73,0.15,5553.6,1110.72,0.2,Wallet,Supermarket,Premium Shopper
ORD04015,2023-11-15,CUST0860,New Delhi,Delhi,North,Personal Care,Personal Care - Body Lotion,Body Lotion,5,168.74,0.08,776.2,155.24,0.2,Debit Card,Hypermarket,Regular Shopper
ORD04634,2023-11-15,CUST0913,Mumbai,Maharashtra,West,Clothing,Clothing - Shirt,Shirt,2,764.45,0.15,1299.56,324.89,0.25,Debit Card,Supermarket,Budget Shopper
ORD04780,2023-11-15,CUST0675,Mangaluru,Karnataka,South,Personal Care,Personal Care - Body Lotion,Body Lotion,5,1965.88,0.1,8846.46,1769.29,0.2,Debit Card,Hypermarket,Budget Shopper
ORD02087,2023-11-15,CUST0720,Chennai,Tamil Nadu,South,Grocery,Grocery - Sugar,Sugar,2,1104.67,0.15,1877.94,169.01,0.09,Cash,Hypermarket,Budget Shopper
ORD02682,2023-11-16,CUST0314,Noida,Uttar Pradesh,North,Clothing,Clothing - Kids Wear,Kids Wear,3,118.13,0.1,318.95,79.74,0.25,Wallet,Hypermarket,Premium Shopper
ORD00722,2023-11-16,CUST0918,Bengaluru,Karnataka,South,Home Care,Home Care - Dishwash,Dishwash,7,788.6,0.02,5409.8,865.57,0.16,Cash,Hypermarket,Budget Shopper
ORD01617,2023-11-16,CUST0450,Kanpur,Uttar Pradesh,North,Personal Care,Personal Care - Body Lotion,Body Lotion,4,1071.0,0.08,3941.28,788.26,0.2,Debit Card,Supermarket,Budget Shopper
ORD04287,2023-11-16,CUST0193,Kolkata,West Bengal,East,Grocery,Grocery - Wheat Flour,Wheat Flour,7,829.42,0.1,5225.35,470.28,0.09,Credit Card,Supermarket,Regular Shopper
ORD04379,2023-11-16,CUST0781,Jodhpur,Rajasthan,West,Grocery,Grocery - Biscuits,Biscuits,4,2060.49,0.08,7582.6,682.43,0.09,Cash,Supermarket,Regular Shopper
ORD01562,2023-11-17,CUST0917,Mangaluru,Karnataka,South,Clothing,Clothing - Jeans,Jeans,6,1015.49,0.02,5971.08,1492.77,0.25,UPI,Supermarket,Premium Shopper
ORD02395,2023-11-17,CUST0725,Mysuru,Karnataka,South,Grocery,Grocery - Rice,Rice,3,62.76,0.02,184.51,16.61,0.09,Debit Card,Supermarket,Budget Shopper
ORD03382,2023-11-18,CUST0988,Lucknow,Uttar Pradesh,North,Grocery,Grocery - Biscuits,Biscuits,1,2111.94,0.05,2006.34,180.57,0.09,Debit Card,Supermarket,Regular Shopper
ORD02408,2023-11-18,CUST1191,Kolkata,West Bengal,East,Clothing,Clothing - Kids Wear,Kids Wear,2,1798.4,0.05,3416.96,854.24,0.25,UPI,Hypermarket,Budget Shopper
ORD02949,2023-11-19,CUST1180,Jabalpur,Madhya Pradesh,West,Personal Care,Personal Care - Soap,Soap,2,1747.41,0.2,2795.86,559.17,0.2,Wallet,Supermarket,Regular Shopper
ORD01905,2023-11-19,CUST0025,Jodhpur,Rajasthan,West,Beverages,Beverages - Tea,Tea,5,1142.67,0.2,4570.68,639.9,0.14,Debit Card,Supermarket,Regular Shopper
ORD03555,2023-11-19,CUST0291,Surat,Gujarat,West,Grocery,Grocery - Wheat Flour,Wheat Flour,2,256.14,0.05,486.67,43.8,0.09,UPI,Hypermarket,Regular Shopper
ORD02745,2023-11-19,CUST0158,Mangaluru,Karnataka,South,Personal Care,Personal Care - Toothpaste,Toothpaste,6,80.25,0.0,481.5,96.3,0.2,Debit Card,Hypermarket,Regular Shopper
ORD01955,2023-11-19,CUST0246,New Delhi,Delhi,North,Grocery,Grocery - Biscuits,Biscuits,3,1725.21,0.02,5072.12,456.49,0.09,Debit Card,Hypermarket,Budget Shopper
ORD00120,2023-11-19,CUST0952,Warangal,Telangana,South,Clothing,Clothing - Shirt,Shirt,5,711.48,0.2,2845.92,711.48,0.25,UPI,Supermarket,Premium Shopper
ORD01624,2023-11-20,CUST0499,Vadodara,Gujarat,West,Grocery,Grocery - Biscuits,Biscuits,1,2178.17,0.15,1851.44,166.63,0.09,UPI,Hypermarket,Budget Shopper
ORD00158,2023-11-20,CUST0971,Lucknow,Uttar Pradesh,North,Personal Care,Personal Care - Shampoo,Shampoo,6,1640.26,0.05,9349.48,1869.9,0.2,Debit Card,Supermarket,Premium Shopper
ORD01749,2023-11-20,CUST0100,Vadodara,Gujarat,West,Personal Care,Personal Care - Face Wash,Face Wash,2,1942.22,0.08,3573.68,714.74,0.2,Debit Card,Supermarket,Premium Shopper
ORD04897,2023-11-20,CUST0715,Mysuru,Karnataka,South,Grocery,Grocery - Wheat Flour,Wheat Flour,5,56.23,0.05,267.09,24.04,0.09,Credit Card,Hypermarket,Budget Shopper
ORD04235,2023-11-20,CUST0293,Noida,Uttar Pradesh,North,Electronics,Electronics - Earphones,Earphones,1,2084.47,0.2,1667.58,300.16,0.18,Debit Card,Supermarket,Budget Shopper
ORD04001,2023-11-20,CUST0928,Jaipur,Rajasthan,West,Clothing,Clothing - Jeans,Jeans,1,721.92,0.05,685.82,171.46,0.25,Credit Card,Hypermarket,Budget Shopper
ORD02930,2023-11-20,CUST0667,Warangal,Telangana,South,Grocery,Grocery - Cooking Oil,Cooking Oil,2,1706.89,0.0,3413.78,307.24,0.09,Credit Card,Hypermarket,Budget Shopper
ORD04445,2023-11-21,CUST0959,Coimbatore,Tamil Nadu,South,Personal Care,Personal Care - Shampoo,Shampoo,1,538.99,0.1,485.09,97.02,0.2,UPI,Hypermarket,Regular Shopper
ORD02655,2023-11-21,CUST0710,Mumbai,Maharashtra,West,Home Care,Home Care - Tissue,Tissue,2,1965.26,0.2,3144.42,503.11,0.16,Wallet,Supermarket,Regular Shopper
ORD04159,2023-11-22,CUST0778,Hyderabad,Telangana,South,Clothing,Clothing - Kids Wear,Kids Wear,3,1633.97,0.05,4656.81,1164.2,0.25,Debit Card,Supermarket,Regular Shopper
ORD04266,2023-11-22,CUST0071,Bhopal,Madhya Pradesh,West,Home Care,Home Care - Tissue,Tissue,4,622.89,0.2,1993.25,318.92,0.16,Credit Card,Hypermarket,Regular Shopper
ORD03158,2023-11-22,CUST1044,Hyderabad,Telangana,South,Home Care,Home Care - Detergent,Detergent,7,2417.54,0.1,15230.5,2436.88,0.16,UPI,Supermarket,Regular Shopper
ORD03881,2023-11-23,CUST1102,Hyderabad,Telangana,South,Personal Care,Personal Care - Body Lotion,Body Lotion,6,605.08,0.1,3267.43,653.49,0.2,Wallet,Hypermarket,Budget Shopper
ORD01572,2023-11-23,CUST0062,Vadodara,Gujarat,West,Clothing,Clothing - Shirt,Shirt,7,2116.59,0.05,14075.32,3518.83,0.25,Wallet,Supermarket,Budget Shopper
ORD02238,2023-11-23,CUST1124,Hyderabad,Telangana,South,Electronics,Electronics - LED Bulb,LED Bulb,4,1180.74,0.0,4722.96,850.13,0.18,Wallet,Hypermarket,Regular Shopper
ORD00047,2023-11-23,CUST0511,Bengaluru,Karnataka,South,Beverages,Beverages - Coffee,Coffee,4,2465.56,0.05,9369.13,1311.68,0.14,Cash,Hypermarket,Regular Shopper
ORD00091,2023-11-23,CUST0561,Warangal,Telangana,South,Clothing,Clothing - Socks,Socks,5,1504.65,0.08,6921.39,1730.35,0.25,Debit Card,Hypermarket,Regular Shopper
ORD04021,2023-11-23,CUST0562,Jodhpur,Rajasthan,West,Grocery,Grocery - Cooking Oil,Cooking Oil,6,1765.27,0.08,9744.29,876.99,0.09,Debit Card,Supermarket,Budget Shopper
ORD01838,2023-11-23,CUST0101,Noida,Uttar Pradesh,North,Grocery,Grocery - Cooking Oil,Cooking Oil,2,1382.68,0.05,2627.09,236.44,0.09,Wallet,Supermarket,Regular Shopper
ORD00665,2023-11-24,CUST0286,Hyderabad,Telangana,South,Grocery,Grocery - Wheat Flour,Wheat Flour,7,941.72,0.0,6592.04,593.28,0.09,Wallet,Supermarket,Budget Shopper
ORD04912,2023-11-24,CUST0183,Kanpur,Uttar Pradesh,North,Clothing,Clothing - Shirt,Shirt,6,2486.48,0.05,14172.94,3543.24,0.25,UPI,Supermarket,Regular Shopper
ORD03801,2023-11-24,CUST0743,New Delhi,Delhi,North,Grocery,Grocery - Sugar,Sugar,5,1458.27,0.2,5833.08,524.98,0.09,Debit Card,Hypermarket,Regular Shopper
ORD01547,2023-11-24,CUST0982,Chennai,Tamil Nadu,South,Home Care,Home Care - Dishwash,Dishwash,7,1942.61,0.15,11558.53,1849.36,0.16,Credit Card,Hypermarket,Regular Shopper
ORD02569,2023-11-25,CUST0774,Kolkata,West Bengal,East,Electronics,Electronics - Power Bank,Power Bank,2,550.35,0.05,1045.66,188.22,0.18,Debit Card,Hypermarket,Budget Shopper
ORD04918,2023-11-25,CUST0788,New Delhi,Delhi,North,Grocery,Grocery - Biscuits,Biscuits,4,730.37,0.15,2483.26,223.49,0.09,UPI,Hypermarket,Premium Shopper
ORD02586,2023-11-25,CUST1030,Warangal,Telangana,South,Clothing,Clothing - Jeans,Jeans,7,736.8,0.15,4383.96,1095.99,0.25,Wallet,Supermarket,Budget Shopper
ORD04647,2023-11-25,CUST0594,Indore,Madhya Pradesh,West,Grocery,Grocery - Cooking Oil,Cooking Oil,3,117.18,0.0,351.54,31.64,0.09,UPI,Supermarket,Regular Shopper
ORD02609,2023-11-25,CUST0259,Mangaluru,Karnataka,South,Grocery,Grocery - Cooking Oil,Cooking Oil,7,1353.53,0.0,9474.71,852.72,0.09,Credit Card,Hypermarket,Budget Shopper
ORD03638,2023-11-26,CUST0639,Madurai,Tamil Nadu,South,Personal Care,Personal Care - Face Wash,Face Wash,7,2351.03,0.05,15634.35,3126.87,0.2,Credit Card,Hypermarket,Regular Shopper
ORD02855,2023-11-26,CUST1181,Bhopal,Madhya Pradesh,West,Electronics,Electronics - Earphones,Earphones,7,684.07,0.08,4405.41,792.97,0.18,Cash,Hypermarket,Regular Shopper
ORD01654,2023-11-26,CUST1091,Noida,Uttar Pradesh,North,Personal Care,Personal Care - Body Lotion,Body Lotion,3,67.6,0.1,182.52,36.5,0.2,Credit Card,Supermarket,Premium Shopper
ORD04296,2023-11-26,CUST0200,Udaipur,Rajasthan,West,Electronics,Electronics - Extension Board,Extension Board,7,1770.48,0.15,10534.36,1896.18,0.18,Wallet,Supermarket,Budget Shopper
ORD00888,2023-11-26,CUST0688,Kolkata,West Bengal,East,Clothing,Clothing - Kids Wear,Kids Wear,7,1293.95,0.02,8876.5,2219.12,0.25,Wallet,Hypermarket,Budget Shopper
ORD03228,2023-11-26,CUST1181,Vadodara,Gujarat,West,Beverages,Beverages - Soft Drink,Soft Drink,3,2457.42,0.2,5897.81,825.69,0.14,Wallet,Hypermarket,Budget Shopper
ORD00096,2023-11-26,CUST0007,Coimbatore,Tamil Nadu,South,Grocery,Grocery - Wheat Flour,Wheat Flour,7,250.35,0.15,1489.58,134.06,0.09,Wallet,Hypermarket,Regular Shopper
ORD01927,2023-11-26,CUST0297,New Delhi,Delhi,North,Electronics,Electronics - Extension Board,Extension Board,6,1020.07,0.1,5508.38,991.51,0.18,Debit Card,Hypermarket,Regular Shopper
ORD04179,2023-11-26,CUST0544,New Delhi,Delhi,North,Grocery,Grocery - Wheat Flour,Wheat Flour,1,747.16,0.1,672.44,60.52,0.09,UPI,Supermarket,Premium Shopper
ORD01649,2023-11-26,CUST0174,Udaipur,Rajasthan,West,Grocery,Grocery - Cooking Oil,Cooking Oil,4,1645.93,0.05,6254.53,562.91,0.09,Credit Card,Hypermarket,Budget Shopper
ORD04640,2023-11-27,CUST0102,Bengaluru,Karnataka,South,Grocery,Grocery - Rice,Rice,3,1759.31,0.08,4855.7,437.01,0.09,UPI,Supermarket,Regular Shopper
ORD02429,2023-11-27,CUST0022,Nashik,Maharashtra,West,Grocery,Grocery - Biscuits,Biscuits,5,1376.84,0.05,6539.99,588.6,0.09,Credit Card,Supermarket,Budget Shopper
ORD01736,2023-11-27,CUST1025,Warangal,Telangana,South,Personal Care,Personal Care - Body Lotion,Body Lotion,3,1594.07,0.1,4303.99,860.8,0.2,Credit Card,Hypermarket,Budget Shopper
ORD03500,2023-11-27,CUST0443,Jodhpur,Rajasthan,West,Grocery,Grocery - Wheat Flour,Wheat Flour,2,274.41,0.05,521.38,46.92,0.09,Debit Card,Hypermarket,Regular Shopper
ORD01541,2023-11-27,CUST0634,Mumbai,Maharashtra,West,Personal Care,Personal Care - Face Wash,Face Wash,2,111.44,0.02,218.42,43.68,0.2,Cash,Supermarket,Budget Shopper
ORD00787,2023-11-27,CUST0493,Warangal,Telangana,South,Clothing,Clothing - T-Shirt,T-Shirt,1,698.72,0.1,628.85,157.21,0.25,Wallet,Hypermarket,Regular Shopper
ORD00583,2023-11-28,CUST0509,Mangaluru,Karnataka,South,Grocery,Grocery - Wheat Flour,Wheat Flour,1,1229.53,0.1,1106.58,99.59,0.09,Credit Card,Supermarket,Budget Shopper
ORD03765,2023-11-28,CUST0073,Mumbai,Maharashtra,West,Personal Care,Personal Care - Face Wash,Face Wash,1,66.64,0.1,59.98,12.0,0.2001,Wallet,Supermarket,Regular Shopper
ORD03775,2023-11-28,CUST0968,Vadodara,Gujarat,West,Personal Care,Personal Care - Shampoo,Shampoo,2,1306.48,0.25,1959.72,391.94,0.2,Debit Card,Supermarket,Regular Shopper
ORD00644,2023-11-28,CUST0884,Pune,Maharashtra,West,Home Care,Home Care - Dishwash,Dishwash,2,770.36,0.15,1309.61,209.54,0.16,Cash,Hypermarket,Budget Shopper
ORD04787,2023-11-28,CUST0078,Kanpur,Uttar Pradesh,North,Home Care,Home Care - Tissue,Tissue,5,1873.76,0.1,8431.92,1349.11,0.16,UPI,Supermarket,Regular Shopper
ORD04979,2023-11-28,CUST0981,Nagpur,Maharashtra,West,Grocery,Grocery - Sugar,Sugar,4,1973.48,0.15,6709.83,603.88,0.09,UPI,Supermarket,Regular Shopper
ORD03813,2023-11-29,CUST0226,Mangaluru,Karnataka,South,Grocery,Grocery - Sugar,Sugar,7,288.81,0.08,1859.94,167.39,0.09,Debit Card,Hypermarket,Budget Shopper
ORD03386,2023-11-29,CUST0967,Bengaluru,Karnataka,South,Beverages,Beverages - Juice,Juice,5,667.9,0.15,2838.58,397.4,0.14,Debit Card,Supermarket,Premium Shopper
ORD00680,2023-11-29,CUST0354,Kolkata,West Bengal,East,Personal Care,Personal Care - Shampoo,Shampoo,4,1697.08,0.15,5770.07,1154.01,0.2,Cash,Hypermarket,Regular Shopper
ORD01227,2023-11-29,CUST0983,Kolkata,West Bengal,East,Electronics,Electronics - Extension Board,Extension Board,6,1728.48,0.15,8815.25,1586.74,0.18,Credit Card,Supermarket,Budget Shopper
ORD04553,2023-11-30,CUST0754,Surat,Gujarat,West,Grocery,Grocery - Wheat Flour,Wheat Flour,5,836.85,0.08,3849.51,346.46,0.09,Wallet,Hypermarket,Budget Shopper
ORD01209,2023-11-30,CUST1156,Lucknow,Uttar Pradesh,North,Beverages,Beverages - Soft Drink,Soft Drink,2,526.27,0.1,947.29,132.62,0.14,Debit Card,Supermarket,Budget Shopper
ORD02778,2023-12-01,CUST0440,Kolkata,West Bengal,East,Home Care,Home Care - Tissue,Tissue,2,2369.71,0.08,4360.27,697.64,0.16,Cash,Hypermarket,Budget Shopper
ORD01362,2023-12-01,CUST0897,Pune,Maharashtra,West,Personal Care,Personal Care - Face Wash,Face Wash,7,109.58,0.15,652.0,130.4,0.2,Debit Card,Hypermarket,Regular Shopper
ORD03482,2023-12-01,CUST0085,Kolkata,West Bengal,East,Beverages,Beverages - Tea,Tea,2,643.16,0.1,1157.69,162.08,0.14,Cash,Supermarket,Regular Shopper
ORD03109,2023-12-01,CUST0962,Rajkot,Gujarat,West,Grocery,Grocery - Rice,Rice,5,1789.34,0.05,8499.36,764.94,0.09,Credit Card,Supermarket,Premium Shopper
ORD04571,2023-12-01,CUST0138,New Delhi,Delhi,North,Home Care,Home Care - Detergent,Detergent,5,2197.24,0.05,10436.89,1669.9,0.16,Credit Card,Supermarket,Budget Shopper
ORD04855,2023-12-02,CUST0864,Hyderabad,Telangana,South,Grocery,Grocery - Rice,Rice,5,929.82,0.05,4416.65,397.5,0.09,Cash,Hypermarket,Budget Shopper
ORD01670,2023-12-02,CUST0531,Kanpur,Uttar Pradesh,North,Home Care,Home Care - Dishwash,Dishwash,1,352.47,0.15,299.6,47.94,0.16,Debit Card,Supermarket,Regular Shopper
ORD00182,2023-12-02,CUST1134,Indore,Madhya Pradesh,West,Electronics,Electronics - Earphones,Earphones,5,1921.43,0.05,9126.79,1642.82,0.18,Debit Card,Hypermarket,Regular Shopper
ORD04106,2023-12-02,CUST0206,Kanpur,Uttar Pradesh,North,Grocery,Grocery - Wheat Flour,Wheat Flour,4,1836.58,0.08,6758.61,608.27,0.09,Cash,Hypermarket,Budget Shopper
ORD00443,2023-12-03,CUST0912,Chennai,Tamil Nadu,South,Home Care,Home Care - Toilet Cleaner,Toilet Cleaner,6,1676.04,0.02,9855.12,1576.82,0.16,Cash,Hypermarket,Regular Shopper
ORD01804,2023-12-03,CUST1182,Jaipur,Rajasthan,West,Clothing,Clothing - T-Shirt,T-Shirt,1,2246.76,0.08,2067.02,516.76,0.25,UPI,Hypermarket,Regular Shopper
ORD02053,2023-12-03,CUST0058,New Delhi,Delhi,North,Personal Care,Personal Care - Toothpaste,Toothpaste,2,2262.17,0.1,4071.91,814.38,0.2,Debit Card,Supermarket,Budget Shopper
ORD04444,2023-12-03,CUST0245,Lucknow,Uttar Pradesh,North,Beverages,Beverages - Coffee,Coffee,5,1972.77,0.08,9074.74,1270.46,0.14,UPI,Hypermarket,Regular Shopper
ORD00719,2023-12-03,CUST1149,Madurai,Tamil Nadu,South,Clothing,Clothing - Socks,Socks,6,1454.67,0.05,8291.62,2072.91,0.25,Wallet,Hypermarket,Premium Shopper
ORD00523,2023-12-03,CUST0836,Rajkot,Gujarat,West,Personal Care,Personal Care - Shampoo,Shampoo,2,314.26,0.25,471.39,94.28,0.2,Credit Card,Hypermarket,Budget Shopper
ORD02189,2023-12-04,CUST0578,Coimbatore,Tamil Nadu,South,Clothing,Clothing - T-Shirt,T-Shirt,5,924.34,0.2,3697.36,924.34,0.25,Debit Card,Hypermarket,Budget Shopper
ORD04224,2023-12-04,CUST0439,Bengaluru,Karnataka,South,Clothing,Clothing - Kids Wear,Kids Wear,4,1158.02,0.25,3474.06,868.51,0.25,Cash,Hypermarket,Regular Shopper
ORD04968,2023-12-04,CUST0843,Kolkata,West Bengal,East,Clothing,Clothing - Socks,Socks,4,1397.54,0.02,5478.36,1369.59,0.25,Debit Card,Hypermarket,Budget Shopper
ORD01068,2023-12-04,CUST0493,Jaipur,Rajasthan,West,Clothing,Clothing - Shirt,Shirt,6,1443.9,0.15,7363.89,1840.97,0.25,Cash,Supermarket,Regular Shopper
ORD02385,2023-12-05,CUST1043,Warangal,Telangana,South,Clothing,Clothing - T-Shirt,T-Shirt,7,1887.39,0.1,11890.56,2972.64,0.25,UPI,Hypermarket,Premium Shopper
ORD04241,2023-12-05,CUST0943,Jodhpur,Rajasthan,West,Personal Care,Personal Care - Soap,Soap,6,2418.37,0.05,13784.71,2756.94,0.2,Cash,Hypermarket,Budget Shopper
ORD03310,2023-12-05,CUST0730,New Delhi,Delhi,North,Personal Care,Personal Care - Soap,Soap,3,859.29,0.05,2448.98,489.8,0.2,Wallet,Hypermarket,Budget Shopper
ORD03922,2023-12-05,CUST0615,Kolkata,West Bengal,East,Clothing,Clothing - Jeans,Jeans,7,811.85,0.1,5114.66,1278.66,0.25,Wallet,Hypermarket,Budget Shopper
ORD01150,2023-12-05,CUST1128,Hyderabad,Telangana,South,Grocery,Grocery - Biscuits,Biscuits,4,85.4,0.15,290.36,26.13,0.09,UPI,Hypermarket,Budget Shopper
ORD02334,2023-12-05,CUST0799,Noida,Uttar Pradesh,North,Clothing,Clothing - Socks,Socks,1,1327.18,0.05,1260.82,315.2,0.25,Cash,Supermarket,Regular Shopper
ORD00320,2023-12-05,CUST1192,Mysuru,Karnataka,South,Personal Care,Personal Care - Shampoo,Shampoo,5,1096.81,0.1,4935.64,987.13,0.2,Wallet,Supermarket,Regular Shopper
ORD02915,2023-12-05,CUST1168,Pune,Maharashtra,West,Clothing,Clothing - T-Shirt,T-Shirt,5,793.49,0.1,3570.7,892.68,0.25,Debit Card,Supermarket,Budget Shopper
ORD02153,2023-12-06,CUST1194,New Delhi,Delhi,North,Personal Care,Personal Care - Toothpaste,Toothpaste,2,1047.42,0.25,1571.13,314.23,0.2,Wallet,Hypermarket,Budget Shopper
ORD04708,2023-12-06,CUST0775,Mysuru,Karnataka,South,Grocery,Grocery - Biscuits,Biscuits,5,1813.95,0.08,8344.17,750.98,0.09,Credit Card,Hypermarket,Budget Shopper
ORD00786,2023-12-07,CUST0558,Kanpur,Uttar Pradesh,North,Electronics,Electronics - Extension Board,Extension Board,7,615.78,0.2,3448.37,620.71,0.18,Cash,Hypermarket,Premium Shopper
ORD00178,2023-12-07,CUST0361,Hyderabad,Telangana,South,Grocery,Grocery - Biscuits,Biscuits,1,891.95,0.08,820.59,73.85,0.09,Debit Card,Hypermarket,Budget Shopper
ORD03939,2023-12-07,CUST0625,Surat,Gujarat,West,Personal Care,Personal Care - Face Wash,Face Wash,6,2192.25,0.1,11838.15,2367.63,0.2,Cash,Hypermarket,Budget Shopper
ORD03660,2023-12-07,CUST1152,Warangal,Telangana,South,Home Care,Home Care - Floor Cleaner,Floor Cleaner,3,2005.18,0.08,5534.3,885.49,0.16,Credit Card,Supermarket,Budget Shopper
ORD04177,2023-12-07,CUST0528,Kolkata,West Bengal,East,Beverages,Beverages - Soft Drink,Soft Drink,5,1176.91,0.05,5590.32,782.64,0.14,Credit Card,Hypermarket,Premium Shopper
ORD03285,2023-12-07,CUST0951,Bhopal,Madhya Pradesh,West,Clothing,Clothing - Shirt,Shirt,6,389.15,0.1,2101.41,525.35,0.25,UPI,Hypermarket,Budget Shopper
ORD02392,2023-12-08,CUST0509,Jaipur,Rajasthan,West,Home Care,Home Care - Floor Cleaner,Floor Cleaner,2,2328.89,0.2,3726.22,596.2,0.16,Wallet,Supermarket,Premium Shopper
ORD02853,2023-12-09,CUST0602,Lucknow,Uttar Pradesh,North,Electronics,Electronics - LED Bulb,LED Bulb,4,2203.74,0.08,8109.76,1459.76,0.18,Debit Card,Hypermarket,Regular Shopper
ORD01108,2023-12-09,CUST0596,Noida,Uttar Pradesh,North,Electronics,Electronics - Mixer,Mixer,6,2152.68,0.1,11624.47,2092.4,0.18,UPI,Supermarket,Regular Shopper
ORD00892,2023-12-09,CUST0707,Mangaluru,Karnataka,South,Home Care,Home Care - Floor Cleaner,Floor Cleaner,2,1212.81,0.1,2183.06,349.29,0.16,Credit Card,Supermarket,Premium Shopper
ORD02805,2023-12-09,CUST0207,Ahmedabad,Gujarat,West,Grocery,Grocery - Sugar,Sugar,2,1590.83,0.08,2927.13,263.44,0.09,Cash,Hypermarket,Regular Shopper
ORD00726,2023-12-09,CUST1162,Nashik,Maharashtra,West,Grocery,Grocery - Sugar,Sugar,4,2349.25,0.15,7987.45,718.87,0.09,UPI,Supermarket,Budget Shopper
ORD02030,2023-12-09,CUST0367,Hyderabad,Telangana,South,Personal Care,Personal Care - Face Wash,Face Wash,1,1772.49,0.05,1683.87,336.77,0.2,Debit Card,Supermarket,Budget Shopper
ORD02430,2023-12-09,CUST0790,Lucknow,Uttar Pradesh,North,Grocery,Grocery - Cooking Oil,Cooking Oil,5,259.54,0.0,1297.7,116.79,0.09,Wallet,Supermarket,Budget Shopper
ORD01034,2023-12-10,CUST0280,Kolkata,West Bengal,East,Personal Care,Personal Care - Soap,Soap,2,1272.58,0.02,2494.26,498.85,0.2,Credit Card,Hypermarket,Budget Shopper
ORD04422,2023-12-10,CUST0099,Mysuru,Karnataka,South,Home Care,Home Care - Toilet Cleaner,Toilet Cleaner,5,936.6,0.25,3512.25,561.96,0.16,Debit Card,Hypermarket,Budget Shopper
ORD04970,2023-12-10,CUST0754,Surat,Gujarat,West,Grocery,Grocery - Cooking Oil,Cooking Oil,1,2004.75,0.1,1804.28,162.39,0.09,UPI,Hypermarket,Premium Shopper
ORD02348,2023-12-10,CUST0160,Warangal,Telangana,South,Personal Care,Personal Care - Shampoo,Shampoo,3,189.18,0.1,510.79,102.16,0.2,UPI,Supermarket,Premium Shopper
ORD04133,2023-12-10,CUST0199,Hyderabad,Telangana,South,Personal Care,Personal Care - Body Lotion,Body Lotion,6,1388.19,0.08,7662.81,1532.56,0.2,Wallet,Supermarket,Budget Shopper
ORD00703,2023-12-10,CUST0520,New Delhi,Delhi,North,Grocery,Grocery - Sugar,Sugar,3,1277.49,0.2,3065.98,275.94,0.09,Cash,Supermarket,Regular Shopper
ORD00008,2023-12-10,CUST0521,Lucknow,Uttar Pradesh,North,Clothing,Clothing - T-Shirt,T-Shirt,7,1011.41,0.15,6017.89,1504.47,0.25,UPI,Supermarket,Regular Shopper
ORD00482,2023-12-10,CUST0893,Nagpur,Maharashtra,West,Home Care,Home Care - Detergent,Detergent,6,1322.59,0.1,7141.99,1142.72,0.16,UPI,Hypermarket,Regular Shopper
ORD02369,2023-12-10,CUST0452,Noida,Uttar Pradesh,North,Home Care,Home Care - Dishwash,Dishwash,5,1634.42,0.25,6129.08,980.65,0.16,UPI,Supermarket,Premium Shopper
ORD04789,2023-12-11,CUST0617,Jaipur,Rajasthan,West,Beverages,Beverages - Coffee,Coffee,3,964.06,0.1,2602.96,364.41,0.14,UPI,Supermarket,Budget Shopper
ORD03216,2023-12-11,CUST0661,Thane,Maharashtra,West,Clothing,Clothing - Socks,Socks,3,2227.54,0.05,6348.49,1587.12,0.25,Credit Card,Supermarket,Premium Shopper
ORD01308,2023-12-11,CUST0721,New Delhi,Delhi,North,Clothing,Clothing - Kids Wear,Kids Wear,4,707.32,0.05,2687.82,671.96,0.25,Debit Card,Supermarket,Budget Shopper
ORD00405,2023-12-11,CUST0138,Ahmedabad,Gujarat,West,Clothing,Clothing - Shirt,Shirt,7,2358.94,0.05,15686.95,3921.74,0.25,Wallet,Supermarket,Regular Shopper
ORD04677,2023-12-11,CUST0461,Indore,Madhya Pradesh,West,Grocery,Grocery - Rice,Rice,6,527.71,0.08,2912.96,262.17,0.09,Debit Card,Hypermarket,Regular Shopper
ORD03773,2023-12-12,CUST1116,Indore,Madhya Pradesh,West,Clothing,Clothing - Shirt,Shirt,3,1357.68,0.2,3258.43,814.61,0.25,UPI,Supermarket,Budget Shopper
ORD03095,2023-12-12,CUST1194,Kanpur,Uttar Pradesh,North,Grocery,Grocery - Cooking Oil,Cooking Oil,3,56.97,0.02,167.49,15.07,0.09,Debit Card,Supermarket,Regular Shopper
ORD01380,2023-12-12,CUST0830,Noida,Uttar Pradesh,North,Beverages,Beverages - Soft Drink,Soft Drink,4,1269.56,0.08,4671.98,654.08,0.14,Debit Card,Supermarket,Premium Shopper
ORD01732,2023-12-12,CUST1167,Warangal,Telangana,South,Beverages,Beverages - Coffee,Coffee,1,1076.23,0.1,968.61,135.61,0.14,Wallet,Hypermarket,Budget Shopper
ORD02641,2023-12-13,CUST0408,Indore,Madhya Pradesh,West,Clothing,Clothing - Socks,Socks,6,1195.82,0.25,5381.19,1345.3,0.25,Wallet,Hypermarket,Regular Shopper
ORD04797,2023-12-13,CUST1083,Udaipur,Rajasthan,West,Grocery,Grocery - Cooking Oil,Cooking Oil,2,1166.73,0.2,1866.77,168.01,0.09,Wallet,Supermarket,Regular Shopper
ORD01667,2023-12-13,CUST0471,Kolkata,West Bengal,East,Personal Care,Personal Care - Shampoo,Shampoo,6,1855.89,0.15,9465.04,1893.01,0.2,Wallet,Hypermarket,Budget Shopper
ORD02146,2023-12-13,CUST0762,Jaipur,Rajasthan,West,Home Care,Home Care - Toilet Cleaner,Toilet Cleaner,4,1086.6,0.1,3911.76,625.88,0.16,Credit Card,Hypermarket,Premium Shopper
ORD02496,2023-12-14,CUST0732,Kanpur,Uttar Pradesh,North,Home Care,Home Care - Detergent,Detergent,6,215.21,0.1,1162.13,185.94,0.16,Credit Card,Hypermarket,Budget Shopper
ORD02485,2023-12-14,CUST1061,Kolkata,West Bengal,East,Beverages,Beverages - Coffee,Coffee,3,917.94,0.2,2203.06,308.43,0.14,Debit Card,Hypermarket,Premium Shopper
ORD03260,2023-12-14,CUST1063,Hyderabad,Telangana,South,Electronics,Electronics - LED Bulb,LED Bulb,2,1672.32,0.15,2842.94,511.73,0.18,UPI,Supermarket,Regular Shopper
ORD04542,2023-12-15,CUST1094,Udaipur,Rajasthan,West,Beverages,Beverages - Coffee,Coffee,2,2362.86,0.1,4253.15,595.44,0.14,UPI,Supermarket,Budget Shopper
ORD01642,2023-12-15,CUST0216,Indore,Madhya Pradesh,West,Grocery,Grocery - Rice,Rice,2,228.44,0.08,420.33,37.83,0.09,Cash,Hypermarket,Budget Shopper
ORD03788,2023-12-15,CUST0033,Nashik,Maharashtra,West,Grocery,Grocery - Wheat Flour,Wheat Flour,6,2492.42,0.0,14954.52,1345.91,0.09,Debit Card,Hypermarket,Regular Shopper
ORD02688,2023-12-15,CUST0668,New Delhi,Delhi,North,Clothing,Clothing - Kids Wear,Kids Wear,7,575.26,0.05,3825.48,956.37,0.25,Debit Card,Hypermarket,Regular Shopper
ORD00593,2023-12-16,CUST0514,Vadodara,Gujarat,West,Grocery,Grocery - Cooking Oil,Cooking Oil,3,1680.66,0.2,4033.58,363.02,0.09,Cash,Hypermarket,Budget Shopper
ORD04337,2023-12-16,CUST0538,Bengaluru,Karnataka,South,Grocery,Grocery - Biscuits,Biscuits,3,2298.59,0.05,6550.98,589.59,0.09,Debit Card,Hypermarket,Premium Shopper
ORD04334,2023-12-16,CUST0654,Warangal,Telangana,South,Electronics,Electronics - Power Bank,Power Bank,6,188.42,0.08,1040.08,187.21,0.18,Debit Card,Supermarket,Budget Shopper
ORD02352,2023-12-17,CUST1187,Thane,Maharashtra,West,Beverages,Beverages - Soft Drink,Soft Drink,3,2224.44,0.08,6139.45,859.52,0.14,Cash,Supermarket,Budget Shopper
ORD01213,2023-12-17,CUST0018,Nashik,Maharashtra,West,Personal Care,Personal Care - Soap,Soap,2,1867.78,0.15,3175.23,635.05,0.2,Cash,Supermarket,Regular Shopper
ORD00988,2023-12-17,CUST0586,Warangal,Telangana,South,Home Care,Home Care - Detergent,Detergent,4,2197.03,0.1,7909.31,1265.49,0.16,Debit Card,Hypermarket,Budget Shopper
ORD02405,2023-12-17,CUST0204,Indore,Madhya Pradesh,West,Clothing,Clothing - Jeans,Jeans,5,2221.44,0.15,9441.12,2360.28,0.25,Wallet,Hypermarket,Premium Shopper
ORD00595,2023-12-17,CUST0560,Jodhpur,Rajasthan,West,Electronics,Electronics - LED Bulb,LED Bulb,5,1447.54,0.15,6152.04,1107.37,0.18,Credit Card,Hypermarket,Budget Shopper
ORD03224,2023-12-17,CUST1159,Kolkata,West Bengal,East,Grocery,Grocery - Biscuits,Biscuits,1,1658.32,0.08,1525.65,137.31,0.09,Wallet,Hypermarket,Regular Shopper
ORD02554,2023-12-18,CUST0346,Kanpur,Uttar Pradesh,North,Beverages,Beverages - Coffee,Coffee,7,1462.39,0.1,9213.06,1289.83,0.14,Debit Card,Hypermarket,Regular Shopper
ORD03593,2023-12-18,CUST0662,Mangaluru,Karnataka,South,Grocery,Grocery - Cooking Oil,Cooking Oil,4,2022.65,0.15,6877.01,618.93,0.09,Wallet,Hypermarket,Budget Shopper
ORD01691,2023-12-18,CUST0335,Kolkata,West Bengal,East,Home Care,Home Care - Floor Cleaner,Floor Cleaner,7,1113.76,0.15,6626.87,1060.3,0.16,Credit Card,Hypermarket,Premium Shopper
ORD00329,2023-12-18,CUST0481,Jabalpur,Madhya Pradesh,West,Personal Care,Personal Care - Shampoo,Shampoo,1,1540.62,0.08,1417.37,283.47,0.2,Debit Card,Supermarket,Budget Shopper
ORD01826,2023-12-18,CUST0948,Noida,Uttar Pradesh,North,Grocery,Grocery - Rice,Rice,5,1109.35,0.08,5103.01,459.27,0.09,UPI,Supermarket,Regular Shopper
ORD00754,2023-12-18,CUST0628,Noida,Uttar Pradesh,North,Electronics,Electronics - Earphones,Earphones,1,90.04,0.02,88.24,15.88,0.18,Debit Card,Supermarket,Regular Shopper
ORD03886,2023-12-19,CUST0582,Kolkata,West Bengal,East,Grocery,Grocery - Cooking Oil,Cooking Oil,1,2362.11,0.08,2173.14,195.58,0.09,Credit Card,Supermarket,Regular Shopper
ORD00823,2023-12-19,CUST0415,Rajkot,Gujarat,West,Personal Care,Personal Care - Soap,Soap,5,2413.14,0.05,11462.42,2292.48,0.2,Debit Card,Hypermarket,Regular Shopper
ORD01741,2023-12-19,CUST0509,Madurai,Tamil Nadu,South,Personal Care,Personal Care - Shampoo,Shampoo,6,532.89,0.08,2941.55,588.31,0.2,Cash,Hypermarket,Regular Shopper
ORD01290,2023-12-19,CUST0444,Kolkata,West Bengal,East,Home Care,Home Care - Floor Cleaner,Floor Cleaner,3,596.71,0.1,1611.12,257.78,0.16,Credit Card,Supermarket,Regular Shopper
ORD02956,2023-12-20,CUST1003,New Delhi,Delhi,North,Home Care,Home Care - Dishwash,Dishwash,3,1059.44,0.08,2924.05,467.85,0.16,UPI,Hypermarket,Budget Shopper
ORD03088,2023-12-20,CUST1008,Madurai,Tamil Nadu,South,Clothing,Clothing - Shirt,Shirt,2,1549.96,0.05,2944.92,736.23,0.25,Cash,Hypermarket,Regular Shopper
ORD01426,2023-12-20,CUST1043,Kolkata,West Bengal,East,Clothing,Clothing - Socks,Socks,4,526.06,0.08,1935.9,483.97,0.25,Credit Card,Hypermarket,Premium Shopper
ORD00220,2023-12-20,CUST0573,Jaipur,Rajasthan,West,Personal Care,Personal Care - Body Lotion,Body Lotion,3,1033.79,0.0,3101.37,620.27,0.2,UPI,Hypermarket,Regular Shopper
ORD04826,2023-12-20,CUST0835,Hyderabad,Telangana,South,Electronics,Electronics - Power Bank,Power Bank,2,209.18,0.1,376.52,67.77,0.18,UPI,Hypermarket,Budget Shopper
ORD04635,2023-12-21,CUST0176,Thane,Maharashtra,West,Home Care,Home Care - Tissue,Tissue,3,2225.66,0.0,6676.98,1068.32,0.16,Debit Card,Supermarket,Budget Shopper
ORD01100,2023-12-21,CUST0148,Jaipur,Rajasthan,West,Home Care,Home Care - Floor Cleaner,Floor Cleaner,5,2387.75,0.08,10983.65,1757.38,0.16,Credit Card,Supermarket,Regular Shopper
ORD02321,2023-12-22,CUST0281,Ahmedabad,Gujarat,West,Grocery,Grocery - Wheat Flour,Wheat Flour,5,1890.55,0.05,8980.11,808.21,0.09,Cash,Hypermarket,Regular Shopper
ORD00085,2023-12-22,CUST1004,New Delhi,Delhi,North,Clothing,Clothing - Kids Wear,Kids Wear,5,2300.13,0.2,9200.52,2300.13,0.25,Credit Card,Hypermarket,Regular Shopper
ORD00125,2023-12-22,CUST0082,Kolkata,West Bengal,East,Grocery,Grocery - Cooking Oil,Cooking Oil,5,1408.21,0.08,6477.77,583.0,0.09,Credit Card,Supermarket,Budget Shopper
ORD02834,2023-12-23,CUST0946,Noida,Uttar Pradesh,North,Beverages,Beverages - Soft Drink,Soft Drink,7,2145.73,0.0,15020.11,2102.82,0.14,Credit Card,Supermarket,Regular Shopper
ORD00887,2023-12-23,CUST0916,Mangaluru,Karnataka,South,Personal Care,Personal Care - Face Wash,Face Wash,7,1544.28,0.0,10809.96,2161.99,0.2,Credit Card,Supermarket,Regular Shopper
ORD02978,2023-12-23,CUST0843,Chennai,Tamil Nadu,South,Electronics,Electronics - LED Bulb,LED Bulb,5,1407.45,0.2,5629.8,1013.36,0.18,Debit Card,Hypermarket,Regular Shopper
ORD03401,2023-12-23,CUST0620,Lucknow,Uttar Pradesh,North,Personal Care,Personal Care - Shampoo,Shampoo,2,1000.77,0.15,1701.31,340.26,0.2,Debit Card,Hypermarket,Budget Shopper
ORD00681,2023-12-23,CUST1164,Rajkot,Gujarat,West,Clothing,Clothing - T-Shirt,T-Shirt,6,872.38,0.05,4972.57,1243.14,0.25,Wallet,Hypermarket,Regular Shopper
ORD02356,2023-12-24,CUST0259,Udaipur,Rajasthan,West,Grocery,Grocery - Rice,Rice,1,962.36,0.25,721.77,64.96,0.09,Cash,Supermarket,Regular Shopper
ORD02941,2023-12-24,CUST1005,Mangaluru,Karnataka,South,Home Care,Home Care - Tissue,Tissue,7,1515.59,0.1,9548.22,1527.72,0.16,UPI,Supermarket,Budget Shopper
ORD02538,2023-12-24,CUST1055,Jabalpur,Madhya Pradesh,West,Grocery,Grocery - Cooking Oil,Cooking Oil,3,396.68,0.2,952.03,85.68,0.09,Cash,Hypermarket,Regular Shopper
ORD03300,2023-12-24,CUST0371,Pune,Maharashtra,West,Electronics,Electronics - Extension Board,Extension Board,7,437.98,0.1,2759.27,496.67,0.18,Credit Card,Hypermarket,Regular Shopper
ORD02157,2023-12-24,CUST0232,Indore,Madhya Pradesh,West,Home Care,Home Care - Dishwash,Dishwash,3,2366.52,0.1,6389.6,1022.34,0.16,Wallet,Hypermarket,Regular Shopper
ORD02985,2023-12-25,CUST0434,Warangal,Telangana,South,Home Care,Home Care - Dishwash,Dishwash,1,2275.41,0.2,1820.33,291.25,0.16,Wallet,Supermarket,Regular Shopper
ORD03143,2023-12-25,CUST0834,Kolkata,West Bengal,East,Grocery,Grocery - Wheat Flour,Wheat Flour,2,1122.82,0.08,2065.99,185.94,0.09,Wallet,Hypermarket,Regular Shopper
ORD01844,2023-12-25,CUST0618,Rajkot,Gujarat,West,Electronics,Electronics - Power Bank,Power Bank,7,2375.82,0.08,15300.28,2754.05,0.18,Wallet,Hypermarket,Regular Shopper
ORD03005,2023-12-25,CUST1044,Hyderabad,Telangana,South,Personal Care,Personal Care - Face Wash,Face Wash,7,1100.67,0.05,7319.46,1463.89,0.2,Cash,Hypermarket,Budget Shopper
ORD02841,2023-12-25,CUST1001,Madurai,Tamil Nadu,South,Grocery,Grocery - Cooking Oil,Cooking Oil,2,1108.0,0.05,2105.2,189.47,0.09,Credit Card,Supermarket,Budget Shopper
ORD04641,2023-12-25,CUST0662,Warangal,Telangana,South,Personal Care,Personal Care - Toothpaste,Toothpaste,1,1047.75,0.2,838.2,167.64,0.2,Wallet,Hypermarket,Regular Shopper
ORD00894,2023-12-25,CUST0040,Madurai,Tamil Nadu,South,Home Care,Home Care - Toilet Cleaner,Toilet Cleaner,6,313.05,0.1,1690.47,270.48,0.16,Wallet,Hypermarket,Regular Shopper
ORD00824,2023-12-25,CUST0542,Mangaluru,Karnataka,South,Personal Care,Personal Care - Body Lotion,Body Lotion,3,709.82,0.05,2022.99,404.6,0.2,UPI,Hypermarket,Budget Shopper
ORD04749,2023-12-26,CUST0779,Bhopal,Madhya Pradesh,West,Personal Care,Personal Care - Face Wash,Face Wash,4,1200.7,0.08,4418.58,883.72,0.2,Wallet,Hypermarket,Budget Shopper
ORD00200,2023-12-26,CUST0302,Ahmedabad,Gujarat,West,Home Care,Home Care - Tissue,Tissue,7,1412.22,0.1,8896.99,1423.52,0.16,Debit Card,Supermarket,Regular Shopper
ORD00063,2023-12-26,CUST0900,Mangaluru,Karnataka,South,Grocery,Grocery - Cooking Oil,Cooking Oil,1,1753.39,0.2,1402.71,126.24,0.09,Debit Card,Hypermarket,Regular Shopper
ORD02886,2023-12-26,CUST1182,New Delhi,Delhi,North,Beverages,Beverages - Coffee,Coffee,5,2162.27,0.2,8649.08,1210.87,0.14,Debit Card,Hypermarket,Premium Shopper
ORD02903,2023-12-27,CUST0343,New Delhi,Delhi,North,Grocery,Grocery - Wheat Flour,Wheat Flour,5,2376.82,0.02,11646.42,1048.18,0.09,Cash,Hypermarket,Budget Shopper
ORD04869,2023-12-27,CUST1012,Nashik,Maharashtra,West,Grocery,Grocery - Sugar,Sugar,6,2147.96,0.05,12243.37,1101.9,0.09,Cash,Hypermarket,Premium Shopper
ORD02098,2023-12-27,CUST1087,Coimbatore,Tamil Nadu,South,Grocery,Grocery - Biscuits,Biscuits,7,1204.83,0.1,7590.43,683.14,0.09,Wallet,Supermarket,Budget Shopper
ORD03695,2023-12-27,CUST1036,New Delhi,Delhi,North,Beverages,Beverages - Coffee,Coffee,3,1069.17,0.08,2950.91,413.13,0.14,Debit Card,Hypermarket,Budget Shopper
ORD01992,2023-12-27,CUST1105,Jaipur,Rajasthan,West,Electronics,Electronics - Power Bank,Power Bank,7,2000.16,0.25,10500.84,1890.15,0.18,Credit Card,Hypermarket,Regular Shopper
ORD04064,2023-12-27,CUST0850,Mangaluru,Karnataka,South,Grocery,Grocery - Wheat Flour,Wheat Flour,2,2259.32,0.05,4292.71,386.34,0.09,Debit Card,Hypermarket,Regular Shopper
ORD00157,2023-12-27,CUST1093,Nagpur,Maharashtra,West,Electronics,Electronics - Extension Board,Extension Board,4,302.22,0.02,1184.7,213.25,0.18,UPI,Hypermarket,Budget Shopper
ORD02678,2023-12-27,CUST0248,New Delhi,Delhi,North,Home Care,Home Care - Tissue,Tissue,3,995.99,0.08,2748.93,439.83,0.16,Credit Card,Supermarket,Budget Shopper
ORD02798,2023-12-27,CUST0378,Kolkata,West Bengal,East,Personal Care,Personal Care - Toothpaste,Toothpaste,4,973.37,0.02,3815.61,763.12,0.2,Wallet,Supermarket,Regular Shopper
ORD03209,2023-12-27,CUST0207,Mangaluru,Karnataka,South,Grocery,Grocery - Cooking Oil,Cooking Oil,6,359.97,0.15,1835.85,165.23,0.09,Wallet,Supermarket,Budget Shopper
ORD04077,2023-12-27,CUST0013,Hyderabad,Telangana,South,Grocery,Grocery - Rice,Rice,3,1422.49,0.1,3840.72,345.66,0.09,Credit Card,Supermarket,Regular Shopper
ORD01385,2023-12-27,CUST0102,New Delhi,Delhi,North,Home Care,Home Care - Toilet Cleaner,Toilet Cleaner,5,1152.99,0.0,5764.95,922.39,0.16,Wallet,Supermarket,Regular Shopper
ORD02342,2023-12-28,CUST0117,New Delhi,Delhi,North,Home Care,Home Care - Tissue,Tissue,4,2200.33,0.02,8625.29,1380.05,0.16,UPI,Hypermarket,Regular Shopper
ORD02661,2023-12-28,CUST0570,New Delhi,Delhi,North,Clothing,Clothing - T-Shirt,T-Shirt,4,1216.19,0.2,3891.81,972.95,0.25,UPI,Hypermarket,Budget Shopper
ORD02100,2023-12-28,CUST0261,Coimbatore,Tamil Nadu,South,Electronics,Electronics - Earphones,Earphones,4,589.14,0.15,2003.08,360.55,0.18,Debit Card,Hypermarket,Budget Shopper
ORD02076,2023-12-28,CUST0647,Mangaluru,Karnataka,South,Clothing,Clothing - T-Shirt,T-Shirt,1,2054.82,0.1,1849.34,462.34,0.25,Cash,Hypermarket,Regular Shopper
ORD03836,2023-12-28,CUST1092,Ahmedabad,Gujarat,West,Home Care,Home Care - Dishwash,Dishwash,4,2426.65,0.15,8250.61,1320.1,0.16,Debit Card,Hypermarket,Regular Shopper
ORD02365,2023-12-28,CUST0717,New Delhi,Delhi,North,Home Care,Home Care - Tissue,Tissue,4,954.2,0.25,2862.6,458.02,0.16,Cash,Supermarket,Budget Shopper
ORD05000,2023-12-28,CUST0270,Mysuru,Karnataka,South,Clothing,Clothing - Shirt,Shirt,1,2194.44,0.15,1865.27,466.32,0.25,UPI,Hypermarket,Budget Shopper
ORD03924,2023-12-28,CUST0179,Nagpur,Maharashtra,West,Grocery,Grocery - Cooking Oil,Cooking Oil,1,668.03,0.0,668.03,60.12,0.09,Credit Card,Supermarket,Regular Shopper
ORD00084,2023-12-29,CUST0302,New Delhi,Delhi,North,Personal Care,Personal Care - Soap,Soap,5,417.24,0.02,2044.48,408.9,0.2,Credit Card,Hypermarket,Budget Shopper
ORD00098,2023-12-30,CUST0854,Noida,Uttar Pradesh,North,Clothing,Clothing - Shirt,Shirt,2,384.68,0.1,692.42,173.1,0.25,Debit Card,Supermarket,Regular Shopper
ORD02212,2023-12-30,CUST0869,Warangal,Telangana,South,Personal Care,Personal Care - Toothpaste,Toothpaste,4,1471.96,0.05,5593.45,1118.69,0.2,UPI,Supermarket,Regular Shopper
ORD00377,2023-12-30,CUST1095,Mysuru,Karnataka,South,Beverages,Beverages - Juice,Juice,3,453.57,0.08,1251.85,175.26,0.14,Credit Card,Supermarket,Budget Shopper
ORD03824,2023-12-31,CUST0874,Mysuru,Karnataka,South,Grocery,Grocery - Rice,Rice,3,234.69,0.08,647.74,58.3,0.09,UPI,Supermarket,Budget Shopper
ORD02174,2023-12-31,CUST1043,Noida,Uttar Pradesh,North,Home Care,Home Care - Toilet Cleaner,Toilet Cleaner,4,742.99,0.15,2526.17,404.19,0.16,UPI,Hypermarket,Budget Shopper
ORD01706,2023-12-31,CUST0357,New Delhi,Delhi,North,Personal Care,Personal Care - Body Lotion,Body Lotion,2,420.25,0.0,840.5,168.1,0.2,UPI,Hypermarket,Budget Shopper
ORD01419,2023-12-31,CUST1102,Kolkata,West Bengal,East,Personal Care,Personal Care - Face Wash,Face Wash,5,2393.95,0.08,11012.17,2202.43,0.2,Debit Card,Hypermarket,Budget Shopper
ORD01525,2024-01-02,CUST0243,Kolkata,West Bengal,East,Personal Care,Personal Care - Face Wash,Face Wash,4,2293.34,0.15,7797.36,1559.47,0.2,Credit Card,Supermarket,Regular Shopper
ORD03863,2024-01-02,CUST1129,Mysuru,Karnataka,South,Clothing,Clothing - Jeans,Jeans,5,1428.58,0.02,7000.04,1750.01,0.25,Debit Card,Hypermarket,Budget Shopper
ORD03568,2024-01-02,CUST0032,Jodhpur,Rajasthan,West,Personal Care,Personal Care - Body Lotion,Body Lotion,4,1383.86,0.25,4151.58,830.32,0.2,UPI,Supermarket,Regular Shopper
ORD02580,2024-01-02,CUST0023,Udaipur,Rajasthan,West,Home Care,Home Care - Toilet Cleaner,Toilet Cleaner,4,158.02,0.1,568.87,91.02,0.16,UPI,Supermarket,Regular Shopper
ORD04974,2024-01-02,CUST0290,Kolkata,West Bengal,East,Home Care,Home Care - Tissue,Tissue,4,1836.31,0.2,5876.19,940.19,0.16,Credit Card,Hypermarket,Budget Shopper
ORD03341,2024-01-02,CUST0362,Thane,Maharashtra,West,Beverages,Beverages - Juice,Juice,4,147.93,0.08,544.38,76.21,0.14,Cash,Hypermarket,Budget Shopper
ORD01071,2024-01-02,CUST0042,Jaipur,Rajasthan,West,Personal Care,Personal Care - Shampoo,Shampoo,4,2054.1,0.15,6983.94,1396.79,0.2,UPI,Supermarket,Budget Shopper
ORD00151,2024-01-02,CUST0156,Chennai,Tamil Nadu,South,Clothing,Clothing - Kids Wear,Kids Wear,4,2175.95,0.08,8007.5,2001.88,0.25,Cash,Supermarket,Premium Shopper
ORD03419,2024-01-02,CUST0909,Kolkata,West Bengal,East,Personal Care,Personal Care - Toothpaste,Toothpaste,4,1313.96,0.1,4730.26,946.05,0.2,UPI,Supermarket,Premium Shopper
ORD02107,2024-01-03,CUST0112,Mumbai,Maharashtra,West,Home Care,Home Care - Detergent,Detergent,6,2275.83,0.08,12562.58,2010.01,0.16,Debit Card,Hypermarket,Regular Shopper
ORD01588,2024-01-03,CUST0263,New Delhi,Delhi,North,Home Care,Home Care - Toilet Cleaner,Toilet Cleaner,1,1011.35,0.15,859.65,137.54,0.16,Wallet,Supermarket,Premium Shopper
ORD04887,2024-01-03,CUST0001,Warangal,Telangana,South,Beverages,Beverages - Tea,Tea,6,795.39,0.05,4533.72,634.72,0.14,Cash,Hypermarket,Budget Shopper
ORD03053,2024-01-03,CUST1041,Rajkot,Gujarat,West,Clothing,Clothing - Socks,Socks,4,851.74,0.1,3066.26,766.56,0.25,Cash,Hypermarket,Budget Shopper
ORD00451,2024-01-04,CUST0742,Bhopal,Madhya Pradesh,West,Personal Care,Personal Care - Face Wash,Face Wash,1,1549.55,0.25,1162.16,232.43,0.2,Debit Card,Supermarket,Regular Shopper
ORD00470,2024-01-04,CUST0952,Thane,Maharashtra,West,Personal Care,Personal Care - Soap,Soap,4,229.88,0.25,689.64,137.93,0.2,Cash,Supermarket,Regular Shopper
ORD04346,2024-01-04,CUST1046,Vadodara,Gujarat,West,Electronics,Electronics - Mixer,Mixer,2,1472.66,0.08,2709.69,487.74,0.18,Debit Card,Supermarket,Regular Shopper
ORD02436,2024-01-04,CUST0017,Indore,Madhya Pradesh,West,Home Care,Home Care - Floor Cleaner,Floor Cleaner,4,1058.59,0.05,4022.64,643.62,0.16,Debit Card,Hypermarket,Regular Shopper
ORD03151,2024-01-04,CUST0819,Nagpur,Maharashtra,West,Personal Care,Personal Care - Body Lotion,Body Lotion,4,559.37,0.08,2058.48,411.7,0.2,UPI,Supermarket,Budget Shopper
ORD01147,2024-01-05,CUST0230,New Delhi,Delhi,North,Home Care,Home Care - Floor Cleaner,Floor Cleaner,2,1914.7,0.05,3637.93,582.07,0.16,UPI,Supermarket,Regular Shopper
ORD03963,2024-01-05,CUST0325,Mumbai,Maharashtra,West,Personal Care,Personal Care - Body Lotion,Body Lotion,3,279.74,0.1,755.3,151.06,0.2,Debit Card,Hypermarket,Regular Shopper
ORD01718,2024-01-05,CUST0582,Rajkot,Gujarat,West,Electronics,Electronics - LED Bulb,LED Bulb,2,1000.78,0.02,1961.53,353.08,0.18,Wallet,Hypermarket,Budget Shopper
ORD03021,2024-01-06,CUST0140,Pune,Maharashtra,West,Home Care,Home Care - Tissue,Tissue,1,833.49,0.2,666.79,106.69,0.16,Cash,Supermarket,Regular Shopper
ORD02754,2024-01-06,CUST0921,Hyderabad,Telangana,South,Clothing,Clothing - T-Shirt,T-Shirt,6,1689.77,0.1,9124.76,2281.19,0.25,UPI,Hypermarket,Regular Shopper
ORD04398,2024-01-06,CUST0363,Warangal,Telangana,South,Home Care,Home Care - Floor Cleaner,Floor Cleaner,4,449.46,0.2,1438.27,230.12,0.16,Debit Card,Supermarket,Regular Shopper
ORD00911,2024-01-07,CUST1188,Chennai,Tamil Nadu,South,Grocery,Grocery - Sugar,Sugar,1,2006.13,0.08,1845.64,166.11,0.09,Wallet,Supermarket,Budget Shopper
ORD04992,2024-01-07,CUST0827,Bengaluru,Karnataka,South,Personal Care,Personal Care - Toothpaste,Toothpaste,3,1452.61,0.05,4139.94,827.99,0.2,Wallet,Hypermarket,Budget Shopper
ORD03645,2024-01-07,CUST0722,New Delhi,Delhi,North,Clothing,Clothing - Shirt,Shirt,6,179.01,0.15,912.95,228.24,0.25,Credit Card,Hypermarket,Budget Shopper
ORD02493,2024-01-07,CUST1128,Warangal,Telangana,South,Home Care,Home Care - Dishwash,Dishwash,1,2228.48,0.08,2050.2,328.03,0.16,Wallet,Supermarket,Regular Shopper
ORD04435,2024-01-07,CUST0539,Warangal,Telangana,South,Clothing,Clothing - T-Shirt,T-Shirt,5,330.61,0.1,1487.74,371.93,0.25,UPI,Hypermarket,Budget Shopper
ORD00110,2024-01-07,CUST0990,Vadodara,Gujarat,West,Electronics,Electronics - LED Bulb,LED Bulb,2,2117.59,0.08,3896.37,701.35,0.18,UPI,Supermarket,Regular Shopper
ORD03410,2024-01-07,CUST0613,New Delhi,Delhi,North,Grocery,Grocery - Cooking Oil,Cooking Oil,7,2187.96,0.08,14090.46,1268.14,0.09,Cash,Supermarket,Premium Shopper
ORD00612,2024-01-07,CUST1133,Thane,Maharashtra,West,Grocery,Grocery - Cooking Oil,Cooking Oil,4,2106.45,0.02,8257.28,743.16,0.09,Cash,Supermarket,Regular Shopper
ORD01935,2024-01-07,CUST1148,Pune,Maharashtra,West,Beverages,Beverages - Soft Drink,Soft Drink,3,1072.78,0.05,3057.42,428.04,0.14,Debit Card,Hypermarket,Budget Shopper
ORD04505,2024-01-08,CUST0334,Mumbai,Maharashtra,West,Beverages,Beverages - Packaged Water,Packaged Water,5,2121.41,0.05,10076.7,1410.74,0.14,Debit Card,Supermarket,Premium Shopper
ORD03602,2024-01-08,CUST0639,Lucknow,Uttar Pradesh,North,Home Care,Home Care - Floor Cleaner,Floor Cleaner,1,1280.67,0.0,1280.67,204.91,0.16,Wallet,Supermarket,Regular Shopper
ORD04954,2024-01-08,CUST0523,Noida,Uttar Pradesh,North,Electronics,Electronics - Earphones,Earphones,7,1604.93,0.15,9549.33,1718.88,0.18,Debit Card,Supermarket,Regular Shopper
ORD03888,2024-01-08,CUST0788,Lucknow,Uttar Pradesh,North,Electronics,Electronics - Mixer,Mixer,4,1991.34,0.25,5974.02,1075.32,0.18,Wallet,Hypermarket,Regular Shopper
ORD00821,2024-01-08,CUST0260,New Delhi,Delhi,North,Home Care,Home Care - Detergent,Detergent,5,1686.69,0.02,8264.78,1322.36,0.16,Wallet,Hypermarket,Regular Shopper
ORD01576,2024-01-08,CUST1184,Kolkata,West Bengal,East,Grocery,Grocery - Cooking Oil,Cooking Oil,2,434.97,0.02,852.54,76.73,0.09,Wallet,Supermarket,Regular Shopper
ORD00164,2024-01-08,CUST1008,Mysuru,Karnataka,South,Grocery,Grocery - Sugar,Sugar,3,740.79,0.2,1777.9,160.01,0.09,Cash,Hypermarket,Regular Shopper
ORD04059,2024-01-08,CUST0940,New Delhi,Delhi,North,Home Care,Home Care - Floor Cleaner,Floor Cleaner,2,1064.05,0.08,1957.85,313.26,0.16,Credit Card,Supermarket,Premium Shopper
ORD00592,2024-01-09,CUST1190,Bhopal,Madhya Pradesh,West,Personal Care,Personal Care - Soap,Soap,6,240.36,0.08,1326.79,265.36,0.2,Credit Card,Hypermarket,Budget Shopper
ORD02844,2024-01-09,CUST0522,Warangal,Telangana,South,Grocery,Grocery - Biscuits,Biscuits,7,530.73,0.15,3157.84,284.21,0.09,UPI,Hypermarket,Budget Shopper
ORD02791,2024-01-09,CUST0400,Jodhpur,Rajasthan,West,Grocery,Grocery - Biscuits,Biscuits,3,921.96,0.02,2710.56,243.95,0.09,Cash,Hypermarket,Regular Shopper
ORD03930,2024-01-09,CUST0279,Jabalpur,Madhya Pradesh,West,Beverages,Beverages - Juice,Juice,6,2033.03,0.08,11222.33,1571.13,0.14,Credit Card,Hypermarket,Regular Shopper
ORD04210,2024-01-09,CUST0151,Jaipur,Rajasthan,West,Grocery,Grocery - Rice,Rice,7,49.59,0.2,277.7,24.99,0.09,Cash,Hypermarket,Regular Shopper
ORD01153,2024-01-09,CUST0240,Bhopal,Madhya Pradesh,West,Grocery,Grocery - Rice,Rice,7,1937.72,0.05,12885.84,1159.73,0.09,Wallet,Supermarket,Budget Shopper
ORD04070,2024-01-09,CUST1173,Ahmedabad,Gujarat,West,Home Care,Home Care - Dishwash,Dishwash,1,1354.91,0.08,1246.52,199.44,0.16,UPI,Hypermarket,Regular Shopper
ORD01122,2024-01-09,CUST1105,New Delhi,Delhi,North,Home Care,Home Care - Floor Cleaner,Floor Cleaner,3,163.05,0.2,391.32,62.61,0.16,UPI,Hypermarket,Regular Shopper
ORD02280,2024-01-09,CUST0585,New Delhi,Delhi,North,Clothing,Clothing - Jeans,Jeans,4,888.47,0.05,3376.19,844.05,0.25,Wallet,Supermarket,Premium Shopper
ORD03809,2024-01-09,CUST0129,Bengaluru,Karnataka,South,Personal Care,Personal Care - Body Lotion,Body Lotion,4,2327.53,0.05,8844.61,1768.92,0.2,Wallet,Supermarket,Budget Shopper
ORD00380,2024-01-10,CUST0031,Jabalpur,Madhya Pradesh,West,Electronics,Electronics - LED Bulb,LED Bulb,6,1778.42,0.15,9069.94,1632.59,0.18,Wallet,Supermarket,Regular Shopper
ORD04115,2024-01-10,CUST0510,Rajkot,Gujarat,West,Electronics,Electronics - Mixer,Mixer,7,100.46,0.25,527.42,94.94,0.18,Debit Card,Hypermarket,Budget Shopper
ORD02452,2024-01-11,CUST1034,Rajkot,Gujarat,West,Grocery,Grocery - Sugar,Sugar,4,2482.04,0.08,9133.91,822.05,0.09,Credit Card,Hypermarket,Budget Shopper
ORD01586,2024-01-11,CUST0312,Coimbatore,Tamil Nadu,South,Clothing,Clothing - Kids Wear,Kids Wear,1,1743.4,0.15,1481.89,370.47,0.25,UPI,Supermarket,Regular Shopper
ORD00488,2024-01-11,CUST1188,Bengaluru,Karnataka,South,Grocery,Grocery - Biscuits,Biscuits,5,1064.01,0.05,5054.05,454.86,0.09,UPI,Supermarket,Regular Shopper
ORD04753,2024-01-11,CUST1007,New Delhi,Delhi,North,Grocery,Grocery - Sugar,Sugar,2,1807.18,0.08,3325.21,299.27,0.09,Debit Card,Supermarket,Budget Shopper
ORD01961,2024-01-12,CUST0084,New Delhi,Delhi,North,Beverages,Beverages - Coffee,Coffee,4,1658.3,0.08,6102.54,854.36,0.14,UPI,Hypermarket,Premium Shopper
ORD02249,2024-01-12,CUST0420,Coimbatore,Tamil Nadu,South,Electronics,Electronics - Power Bank,Power Bank,2,882.95,0.08,1624.63,292.43,0.18,Wallet,Hypermarket,Regular Shopper
ORD02796,2024-01-12,CUST0115,Chennai,Tamil Nadu,South,Beverages,Beverages - Soft Drink,Soft Drink,4,80.36,0.05,305.37,42.75,0.14,Debit Card,Supermarket,Budget Shopper
ORD03951,2024-01-13,CUST0201,Pune,Maharashtra,West,Personal Care,Personal Care - Toothpaste,Toothpaste,4,1313.43,0.08,4833.42,966.68,0.2,Wallet,Supermarket,Budget Shopper
ORD01201,2024-01-13,CUST0306,New Delhi,Delhi,North,Electronics,Electronics - Power Bank,Power Bank,6,1921.53,0.1,10376.26,1867.73,0.18,Credit Card,Hypermarket,Regular Shopper
ORD04131,2024-01-13,CUST0141,Mangaluru,Karnataka,South,Electronics,Electronics - Extension Board,Extension Board,2,1181.47,0.2,1890.35,340.26,0.18,UPI,Supermarket,Budget Shopper
ORD03173,2024-01-13,CUST0016,New Delhi,Delhi,North,Beverages,Beverages - Juice,Juice,6,1237.95,0.02,7279.15,1019.08,0.14,Cash,Supermarket,Regular Shopper
ORD01247,2024-01-14,CUST0114,Kolkata,West Bengal,East,Beverages,Beverages - Coffee,Coffee,3,660.27,0.1,1782.73,249.58,0.14,Credit Card,Hypermarket,Premium Shopper
ORD02977,2024-01-14,CUST0624,Coimbatore,Tamil Nadu,South,Grocery,Grocery - Biscuits,Biscuits,6,1235.11,0.05,7040.13,633.61,0.09,Cash,Hypermarket,Budget Shopper
ORD00313,2024-01-14,CUST0496,Kanpur,Uttar Pradesh,North,Grocery,Grocery - Rice,Rice,4,2498.88,0.25,7496.64,674.7,0.09,Wallet,Supermarket,Regular Shopper
ORD00496,2024-01-14,CUST1059,New Delhi,Delhi,North,Home Care,Home Care - Toilet Cleaner,Toilet Cleaner,5,1610.34,0.0,8051.7,1288.27,0.16,Debit Card,Hypermarket,Regular Shopper
ORD01242,2024-01-14,CUST0107,Thane,Maharashtra,West,Beverages,Beverages - Soft Drink,Soft Drink,5,2021.87,0.2,8087.48,1132.25,0.14,UPI,Hypermarket,Premium Shopper
ORD03287,2024-01-15,CUST0543,Kolkata,West Bengal,East,Clothing,Clothing - Socks,Socks,6,884.85,0.2,4247.28,1061.82,0.25,Debit Card,Supermarket,Regular Shopper
ORD00561,2024-01-15,CUST0689,New Delhi,Delhi,North,Beverages,Beverages - Tea,Tea,1,924.91,0.15,786.17,110.06,0.14,Debit Card,Supermarket,Premium Shopper
ORD01378,2024-01-15,CUST0577,Jabalpur,Madhya Pradesh,West,Grocery,Grocery - Wheat Flour,Wheat Flour,4,1012.26,0.0,4049.04,364.41,0.09,Wallet,Hypermarket,Budget Shopper
ORD01134,2024-01-15,CUST0867,Coimbatore,Tamil Nadu,South,Grocery,Grocery - Biscuits,Biscuits,6,2199.47,0.15,11217.3,1009.56,0.09,Debit Card,Hypermarket,Budget Shopper
ORD02078,2024-01-16,CUST0224,Kolkata,West Bengal,East,Clothing,Clothing - Kids Wear,Kids Wear,3,171.53,0.02,504.3,126.07,0.25,Debit Card,Hypermarket,Budget Shopper
ORD01720,2024-01-16,CUST0981,New Delhi,Delhi,North,Clothing,Clothing - Shirt,Shirt,3,469.41,0.08,1295.57,323.89,0.25,Cash,Supermarket,Budget Shopper
ORD00437,2024-01-16,CUST1120,Bhopal,Madhya Pradesh,West,Beverages,Beverages - Coffee,Coffee,2,1181.6,0.05,2245.04,314.31,0.14,Wallet,Supermarket,Regular Shopper
ORD01932,2024-01-16,CUST0744,Jaipur,Rajasthan,West,Personal Care,Personal Care - Face Wash,Face Wash,5,2227.15,0.08,10244.89,2048.98,0.2,Credit Card,Hypermarket,Budget Shopper
ORD02323,2024-01-16,CUST0421,Hyderabad,Telangana,South,Home Care,Home Care - Tissue,Tissue,4,750.49,0.05,2851.86,456.3,0.16,Cash,Supermarket,Premium Shopper
ORD01627,2024-01-16,CUST1135,Coimbatore,Tamil Nadu,South,Personal Care,Personal Care - Toothpaste,Toothpaste,3,1971.07,0.15,5026.23,1005.25,0.2,Wallet,Supermarket,Regular Shopper
ORD00428,2024-01-16,CUST1148,Jodhpur,Rajasthan,West,Home Care,Home Care - Tissue,Tissue,3,1127.58,0.08,3112.12,497.94,0.16,Cash,Hypermarket,Budget Shopper
ORD01190,2024-01-17,CUST0875,Bengaluru,Karnataka,South,Home Care,Home Care - Tissue,Tissue,1,1618.33,0.08,1488.86,238.22,0.16,Credit Card,Supermarket,Premium Shopper
ORD03855,2024-01-17,CUST0227,Bhopal,Madhya Pradesh,West,Clothing,Clothing - Jeans,Jeans,3,699.06,0.05,1992.32,498.08,0.25,Credit Card,Supermarket,Premium Shopper
ORD00131,2024-01-17,CUST0849,Vadodara,Gujarat,West,Home Care,Home Care - Floor Cleaner,Floor Cleaner,4,411.6,0.1,1481.76,237.08,0.16,Wallet,Hypermarket,Premium Shopper
ORD00417,2024-01-17,CUST0171,Chennai,Tamil Nadu,South,Personal Care,Personal Care - Face Wash,Face Wash,5,400.23,0.0,2001.15,400.23,0.2,Credit Card,Hypermarket,Budget Shopper
ORD01548,2024-01-17,CUST0875,Madurai,Tamil Nadu,South,Home Care,Home Care - Tissue,Tissue,1,568.58,0.1,511.72,81.88,0.16,Credit Card,Supermarket,Premium Shopper
ORD02148,2024-01-17,CUST0834,Nashik,Maharashtra,West,Personal Care,Personal Care - Toothpaste,Toothpaste,3,1194.79,0.05,3405.15,681.03,0.2,Debit Card,Supermarket,Budget Shopper
ORD02658,2024-01-17,CUST1155,Chennai,Tamil Nadu,South,Grocery,Grocery - Cooking Oil,Cooking Oil,7,298.97,0.02,2050.93,184.58,0.09,Debit Card,Hypermarket,Budget Shopper
ORD01787,2024-01-18,CUST0125,Hyderabad,Telangana,South,Clothing,Clothing - T-Shirt,T-Shirt,3,1312.5,0.1,3543.75,885.94,0.25,UPI,Supermarket,Regular Shopper
ORD01303,2024-01-18,CUST0904,Mysuru,Karnataka,South,Home Care,Home Care - Detergent,Detergent,6,723.69,0.08,3994.77,639.16,0.16,Wallet,Supermarket,Budget Shopper
ORD02411,2024-01-18,CUST1180,Lucknow,Uttar Pradesh,North,Electronics,Electronics - Extension Board,Extension Board,5,1090.75,0.05,5181.06,932.59,0.18,Credit Card,Supermarket,Regular Shopper
ORD02664,2024-01-18,CUST0930,Nashik,Maharashtra,West,Grocery,Grocery - Rice,Rice,1,1899.91,0.15,1614.92,145.34,0.09,UPI,Supermarket,Regular Shopper
ORD01684,2024-01-18,CUST0409,Vadodara,Gujarat,West,Beverages,Beverages - Tea,Tea,7,215.28,0.15,1280.92,179.33,0.14,Cash,Hypermarket,Regular Shopper
ORD02384,2024-01-19,CUST1082,Kanpur,Uttar Pradesh,North,Personal Care,Personal Care - Shampoo,Shampoo,6,1436.62,0.15,7326.76,1465.35,0.2,Credit Card,Supermarket,Premium Shopper
ORD04687,2024-01-19,CUST0581,Noida,Uttar Pradesh,North,Electronics,Electronics - Power Bank,Power Bank,7,867.55,0.02,5951.39,1071.25,0.18,Credit Card,Supermarket,Regular Shopper
ORD04129,2024-01-20,CUST0407,Noida,Uttar Pradesh,North,Clothing,Clothing - Shirt,Shirt,3,1117.35,0.02,3285.01,821.25,0.25,UPI,Hypermarket,Premium Shopper
ORD00967,2024-01-20,CUST0993,Madurai,Tamil Nadu,South,Clothing,Clothing - T-Shirt,T-Shirt,3,663.5,0.15,1691.92,422.98,0.25,UPI,Supermarket,Budget Shopper
ORD04512,2024-01-20,CUST0996,Jabalpur,Madhya Pradesh,West,Home Care,Home Care - Floor Cleaner,Floor Cleaner,5,959.08,0.08,4411.77,705.88,0.16,Debit Card,Supermarket,Budget Shopper
ORD00097,2024-01-21,CUST0746,Surat,Gujarat,West,Electronics,Electronics - Extension Board,Extension Board,7,933.13,0.05,6205.31,1116.96,0.18,Wallet,Hypermarket,Budget Shopper
ORD03544,2024-01-21,CUST0577,Mangaluru,Karnataka,South,Grocery,Grocery - Wheat Flour,Wheat Flour,5,988.86,0.05,4697.08,422.74,0.09,UPI,Supermarket,Regular Shopper
ORD00002,2024-01-21,CUST0806,Mysuru,Karnataka,South,Grocery,Grocery - Sugar,Sugar,5,487.29,0.1,2192.81,197.35,0.09,Credit Card,Supermarket,Budget Shopper
ORD04720,2024-01-21,CUST0048,New Delhi,Delhi,North,Electronics,Electronics - Extension Board,Extension Board,6,1266.51,0.2,6079.25,1094.26,0.18,Credit Card,Hypermarket,Regular Shopper
ORD01306,2024-01-21,CUST0649,Chennai,Tamil Nadu,South,Grocery,Grocery - Biscuits,Biscuits,3,2239.12,0.05,6381.49,574.33,0.09,Credit Card,Hypermarket,Regular Shopper
ORD01342,2024-01-22,CUST0833,Mysuru,Karnataka,South,Beverages,Beverages - Packaged Water,Packaged Water,6,1969.34,0.15,10043.63,1406.11,0.14,Credit Card,Supermarket,Budget Shopper
ORD00570,2024-01-22,CUST0237,Lucknow,Uttar Pradesh,North,Clothing,Clothing - T-Shirt,T-Shirt,3,2058.66,0.02,6052.46,1513.11,0.25,Debit Card,Hypermarket,Budget Shopper
ORD04211,2024-01-22,CUST0690,Warangal,Telangana,South,Home Care,Home Care - Floor Cleaner,Floor Cleaner,4,1439.87,0.08,5298.72,847.8,0.16,Debit Card,Hypermarket,Budget Shopper
ORD00715,2024-01-22,CUST0939,Chennai,Tamil Nadu,South,Grocery,Grocery - Wheat Flour,Wheat Flour,3,218.93,0.15,558.27,50.24,0.09,Cash,Hypermarket,Budget Shopper
ORD00905,2024-01-22,CUST1005,Chennai,Tamil Nadu,South,Clothing,Clothing - Kids Wear,Kids Wear,7,861.18,0.1,5425.43,1356.36,0.25,Debit Card,Hypermarket,Budget Shopper
ORD02968,2024-01-22,CUST0605,Jabalpur,Madhya Pradesh,West,Clothing,Clothing - T-Shirt,T-Shirt,6,179.21,0.05,1021.5,255.38,0.25,Cash,Hypermarket,Budget Shopper
ORD02553,2024-01-22,CUST1045,Coimbatore,Tamil Nadu,South,Beverages,Beverages - Coffee,Coffee,7,1223.06,0.08,7876.51,1102.71,0.14,Debit Card,Hypermarket,Budget Shopper
ORD00419,2024-01-23,CUST1120,Mysuru,Karnataka,South,Grocery,Grocery - Rice,Rice,1,837.89,0.1,754.1,67.87,0.09,Wallet,Supermarket,Regular Shopper
ORD01354,2024-01-23,CUST0869,Coimbatore,Tamil Nadu,South,Grocery,Grocery - Rice,Rice,4,868.84,0.1,3127.82,281.5,0.09,Wallet,Hypermarket,Budget Shopper
ORD02138,2024-01-23,CUST0684,Warangal,Telangana,South,Electronics,Electronics - Extension Board,Extension Board,2,1127.52,0.08,2074.64,373.44,0.18,Credit Card,Hypermarket,Budget Shopper
ORD01872,2024-01-23,CUST0258,Surat,Gujarat,West,Clothing,Clothing - Shirt,Shirt,1,1094.36,0.15,930.21,232.55,0.25,Cash,Supermarket,Budget Shopper
ORD00259,2024-01-23,CUST1055,Warangal,Telangana,South,Electronics,Electronics - Earphones,Earphones,2,451.7,0.08,831.13,149.6,0.18,Debit Card,Hypermarket,Premium Shopper
ORD04058,2024-01-23,CUST0986,Hyderabad,Telangana,South,Home Care,Home Care - Detergent,Detergent,4,591.14,0.08,2175.4,348.06,0.16,Credit Card,Supermarket,Regular Shopper
ORD04343,2024-01-23,CUST0528,New Delhi,Delhi,North,Home Care,Home Care - Toilet Cleaner,Toilet Cleaner,6,2453.26,0.05,13983.58,2237.37,0.16,Credit Card,Hypermarket,Budget Shopper
ORD01406,2024-01-25,CUST0234,Bhopal,Madhya Pradesh,West,Grocery,Grocery - Cooking Oil,Cooking Oil,4,346.27,0.1,1246.57,112.19,0.09,UPI,Supermarket,Budget Shopper
ORD00542,2024-01-25,CUST0378,Bhopal,Madhya Pradesh,West,Clothing,Clothing - Kids Wear,Kids Wear,2,1399.92,0.0,2799.84,699.96,0.25,Debit Card,Supermarket,Regular Shopper
ORD01902,2024-01-25,CUST0872,Warangal,Telangana,South,Personal Care,Personal Care - Toothpaste,Toothpaste,7,2380.76,0.08,15332.09,3066.42,0.2,Debit Card,Hypermarket,Regular Shopper
ORD02704,2024-01-25,CUST1129,Bengaluru,Karnataka,South,Beverages,Beverages - Coffee,Coffee,3,374.63,0.2,899.11,125.88,0.14,Debit Card,Hypermarket,Budget Shopper
ORD00299,2024-01-25,CUST0154,Vadodara,Gujarat,West,Grocery,Grocery - Wheat Flour,Wheat Flour,3,507.66,0.1,1370.68,123.36,0.09,Wallet,Supermarket,Regular Shopper
ORD03251,2024-01-26,CUST1130,Mysuru,Karnataka,South,Beverages,Beverages - Juice,Juice,1,1848.49,0.2,1478.79,207.03,0.14,Debit Card,Supermarket,Budget Shopper
ORD02114,2024-01-26,CUST0196,Chennai,Tamil Nadu,South,Grocery,Grocery - Biscuits,Biscuits,6,429.1,0.1,2317.14,208.54,0.09,UPI,Supermarket,Regular Shopper
ORD00995,2024-01-26,CUST0069,Chennai,Tamil Nadu,South,Grocery,Grocery - Wheat Flour,Wheat Flour,7,1672.71,0.0,11708.97,1053.81,0.09,UPI,Supermarket,Budget Shopper
ORD00311,2024-01-26,CUST0680,Bhopal,Madhya Pradesh,West,Grocery,Grocery - Wheat Flour,Wheat Flour,5,540.8,0.05,2568.8,231.19,0.09,Debit Card,Supermarket,Budget Shopper
ORD00514,2024-01-26,CUST0535,Warangal,Telangana,South,Personal Care,Personal Care - Shampoo,Shampoo,7,530.08,0.08,3413.72,682.74,0.2,Credit Card,Supermarket,Premium Shopper
ORD02066,2024-01-26,CUST0327,Coimbatore,Tamil Nadu,South,Home Care,Home Care - Dishwash,Dishwash,4,1849.22,0.15,6287.35,1005.98,0.16,Cash,Supermarket,Premium Shopper
ORD04447,2024-01-26,CUST0860,Nashik,Maharashtra,West,Clothing,Clothing - Socks,Socks,7,491.22,0.1,3094.69,773.67,0.25,Wallet,Hypermarket,Budget Shopper
ORD00912,2024-01-26,CUST0673,Warangal,Telangana,South,Electronics,Electronics - Extension Board,Extension Board,3,94.79,0.08,261.62,47.09,0.18,Credit Card,Supermarket,Budget Shopper
ORD02558,2024-01-26,CUST0876,Pune,Maharashtra,West,Beverages,Beverages - Packaged Water,Packaged Water,6,734.39,0.0,4406.34,616.89,0.14,UPI,Hypermarket,Budget Shopper
ORD03304,2024-01-27,CUST1071,Bengaluru,Karnataka,South,Clothing,Clothing - Jeans,Jeans,7,696.36,0.0,4874.52,1218.63,0.25,UPI,Supermarket,Regular Shopper
ORD04928,2024-01-27,CUST0648,Rajkot,Gujarat,West,Grocery,Grocery - Rice,Rice,4,1042.91,0.2,3337.31,300.36,0.09,Cash,Hypermarket,Regular Shopper
ORD00539,2024-01-27,CUST0774,Rajkot,Gujarat,West,Clothing,Clothing - Jeans,Jeans,3,847.83,0.1,2289.14,572.28,0.25,Cash,Hypermarket,Budget Shopper
ORD01363,2024-01-27,CUST0285,Hyderabad,Telangana,South,Home Care,Home Care - Dishwash,Dishwash,1,1304.55,0.02,1278.46,204.55,0.16,Debit Card,Hypermarket,Budget Shopper
ORD01976,2024-01-28,CUST0998,Noida,Uttar Pradesh,North,Electronics,Electronics - Extension Board,Extension Board,2,1106.02,0.02,2167.8,390.2,0.18,UPI,Supermarket,Budget Shopper
ORD03735,2024-01-28,CUST0347,Mumbai,Maharashtra,West,Beverages,Beverages - Tea,Tea,6,1695.1,0.08,9356.95,1309.97,0.14,Credit Card,Supermarket,Premium Shopper
ORD01049,2024-01-28,CUST0428,Madurai,Tamil Nadu,South,Grocery,Grocery - Biscuits,Biscuits,5,1751.28,0.0,8756.4,788.08,0.09,Credit Card,Supermarket,Regular Shopper
ORD01476,2024-01-28,CUST0126,Noida,Uttar Pradesh,North,Grocery,Grocery - Sugar,Sugar,6,352.92,0.05,2011.64,181.05,0.09,Debit Card,Supermarket,Budget Shopper
ORD04277,2024-01-28,CUST1031,Kolkata,West Bengal,East,Grocery,Grocery - Rice,Rice,7,202.09,0.1,1273.17,114.59,0.09,Credit Card,Hypermarket,Budget Shopper
ORD01218,2024-01-29,CUST0273,Rajkot,Gujarat,West,Beverages,Beverages - Tea,Tea,3,1528.48,0.1,4126.9,577.77,0.14,UPI,Supermarket,Budget Shopper
ORD03327,2024-01-29,CUST0879,Coimbatore,Tamil Nadu,South,Clothing,Clothing - Kids Wear,Kids Wear,6,2457.52,0.1,13270.61,3317.65,0.25,Wallet,Hypermarket,Budget Shopper
ORD04487,2024-01-29,CUST0953,Hyderabad,Telangana,South,Grocery,Grocery - Biscuits,Biscuits,5,2089.41,0.1,9402.34,846.21,0.09,Cash,Hypermarket,Regular Shopper
ORD04610,2024-01-29,CUST0404,Pune,Maharashtra,West,Clothing,Clothing - Shirt,Shirt,3,2133.28,0.02,6271.84,1567.96,0.25,Debit Card,Supermarket,Regular Shopper
ORD02963,2024-01-29,CUST0994,Noida,Uttar Pradesh,North,Grocery,Grocery - Rice,Rice,7,2271.68,0.08,14629.62,1316.67,0.09,Debit Card,Hypermarket,Regular Shopper
ORD04433,2024-01-29,CUST0621,Mangaluru,Karnataka,South,Personal Care,Personal Care - Body Lotion,Body Lotion,5,1664.98,0.05,7908.65,1581.73,0.2,Credit Card,Supermarket,Regular Shopper
ORD02426,2024-01-29,CUST1191,Ahmedabad,Gujarat,West,Personal Care,Personal Care - Soap,Soap,5,2197.45,0.2,8789.8,1757.96,0.2,Credit Card,Supermarket,Budget Shopper
ORD00609,2024-01-29,CUST0397,Kolkata,West Bengal,East,Beverages,Beverages - Tea,Tea,2,45.72,0.05,86.87,12.16,0.14,Credit Card,Supermarket,Regular Shopper
ORD02343,2024-01-30,CUST0362,Madurai,Tamil Nadu,South,Clothing,Clothing - Shirt,Shirt,2,1646.07,0.02,3226.3,806.57,0.25,Debit Card,Supermarket,Regular Shopper
ORD00712,2024-01-30,CUST0133,Kolkata,West Bengal,East,Grocery,Grocery - Wheat Flour,Wheat Flour,1,1416.9,0.15,1204.36,108.39,0.09,Wallet,Supermarket,Regular Shopper
ORD02742,2024-01-30,CUST0733,Kolkata,West Bengal,East,Personal Care,Personal Care - Face Wash,Face Wash,7,737.27,0.08,4748.02,949.6,0.2,Cash,Supermarket,Budget Shopper
ORD03277,2024-01-31,CUST0394,Nashik,Maharashtra,West,Electronics,Electronics - Power Bank,Power Bank,2,1625.14,0.08,2990.26,538.25,0.18,Wallet,Supermarket,Budget Shopper
ORD01311,2024-01-31,CUST0729,Nashik,Maharashtra,West,Personal Care,Personal Care - Face Wash,Face Wash,7,1596.51,0.15,9499.23,1899.85,0.2,Cash,Supermarket,Budget Shopper
ORD00999,2024-01-31,CUST0322,New Delhi,Delhi,North,Home Care,Home Care - Dishwash,Dishwash,7,2206.44,0.05,14672.83,2347.65,0.16,Wallet,Supermarket,Regular Shopper
ORD02048,2024-01-31,CUST1043,Ahmedabad,Gujarat,West,Electronics,Electronics - Earphones,Earphones,2,718.34,0.2,1149.34,206.88,0.18,Credit Card,Hypermarket,Regular Shopper
ORD01112,2024-01-31,CUST1139,Mysuru,Karnataka,South,Grocery,Grocery - Sugar,Sugar,3,162.08,0.1,437.62,39.39,0.09,UPI,Hypermarket,Premium Shopper
ORD04864,2024-01-31,CUST0295,Madurai,Tamil Nadu,South,Grocery,Grocery - Sugar,Sugar,2,1366.81,0.05,2596.94,233.72,0.09,Wallet,Supermarket,Regular Shopper
ORD04608,2024-01-31,CUST0028,Kolkata,West Bengal,East,Grocery,Grocery - Cooking Oil,Cooking Oil,4,1120.67,0.08,4124.07,371.17,0.09,Cash,Hypermarket,Regular Shopper
ORD01951,2024-02-01,CUST0396,Bengaluru,Karnataka,South,Beverages,Beverages - Soft Drink,Soft Drink,3,909.87,0.1,2456.65,343.93,0.14,UPI,Hypermarket,Budget Shopper
ORD00130,2024-02-01,CUST1123,Surat,Gujarat,West,Personal Care,Personal Care - Face Wash,Face Wash,7,2141.36,0.15,12741.09,2548.22,0.2,Wallet,Hypermarket,Budget Shopper
ORD03880,2024-02-01,CUST0423,New Delhi,Delhi,North,Grocery,Grocery - Biscuits,Biscuits,3,568.67,0.05,1620.71,145.86,0.09,Credit Card,Supermarket,Budget Shopper
ORD00538,2024-02-01,CUST0938,Bengaluru,Karnataka,South,Personal Care,Personal Care - Face Wash,Face Wash,5,1780.27,0.1,8011.22,1602.24,0.2,Cash,Supermarket,Regular Shopper
ORD02711,2024-02-01,CUST0975,Pune,Maharashtra,West,Beverages,Beverages - Tea,Tea,6,1756.86,0.15,8959.99,1254.4,0.14,Debit Card,Supermarket,Budget Shopper
ORD01755,2024-02-01,CUST0066,Nagpur,Maharashtra,West,Personal Care,Personal Care - Body Lotion,Body Lotion,2,1095.33,0.1,1971.59,394.32,0.2,Wallet,Hypermarket,Regular Shopper
ORD02458,2024-02-01,CUST0948,Bengaluru,Karnataka,South,Home Care,Home Care - Toilet Cleaner,Toilet Cleaner,6,568.2,0.15,2897.82,463.65,0.16,UPI,Supermarket,Budget Shopper
ORD00916,2024-02-02,CUST0317,Lucknow,Uttar Pradesh,North,Personal Care,Personal Care - Face Wash,Face Wash,4,2223.41,0.1,8004.28,1600.86,0.2,UPI,Supermarket,Regular Shopper
ORD04923,2024-02-02,CUST0744,Lucknow,Uttar Pradesh,North,Personal Care,Personal Care - Face Wash,Face Wash,5,541.11,0.08,2489.11,497.82,0.2,Cash,Supermarket,Regular Shopper
ORD03389,2024-02-02,CUST0644,Coimbatore,Tamil Nadu,South,Clothing,Clothing - T-Shirt,T-Shirt,4,2112.11,0.05,8026.02,2006.5,0.25,Debit Card,Hypermarket,Premium Shopper
ORD04771,2024-02-02,CUST0224,Rajkot,Gujarat,West,Home Care,Home Care - Dishwash,Dishwash,3,1837.77,0.05,5237.64,838.02,0.16,Debit Card,Supermarket,Budget Shopper
ORD03160,2024-02-02,CUST0051,Mangaluru,Karnataka,South,Home Care,Home Care - Floor Cleaner,Floor Cleaner,2,1883.17,0.08,3465.03,554.4,0.16,UPI,Supermarket,Regular Shopper
ORD02570,2024-02-02,CUST0100,Indore,Madhya Pradesh,West,Home Care,Home Care - Floor Cleaner,Floor Cleaner,4,2013.13,0.1,7247.27,1159.56,0.16,Debit Card,Hypermarket,Regular Shopper
ORD02208,2024-02-03,CUST0551,Kolkata,West Bengal,East,Clothing,Clothing - Socks,Socks,3,851.79,0.08,2350.94,587.74,0.25,Wallet,Hypermarket,Regular Shopper
ORD01366,2024-02-03,CUST0257,Madurai,Tamil Nadu,South,Grocery,Grocery - Biscuits,Biscuits,7,1740.72,0.25,9138.78,822.49,0.09,Debit Card,Supermarket,Budget Shopper
ORD03944,2024-02-03,CUST0260,Vadodara,Gujarat,West,Grocery,Grocery - Rice,Rice,6,1783.45,0.25,8025.52,722.3,0.09,Wallet,Supermarket,Regular Shopper
ORD00195,2024-02-03,CUST0436,New Delhi,Delhi,North,Beverages,Beverages - Coffee,Coffee,3,2358.1,0.05,6720.58,940.88,0.14,Debit Card,Supermarket,Budget Shopper
ORD04767,2024-02-03,CUST0473,Pune,Maharashtra,West,Clothing,Clothing - Socks,Socks,1,1949.37,0.05,1851.9,462.97,0.25,Credit Card,Supermarket,Budget Shopper
ORD00163,2024-02-03,CUST1148,Madurai,Tamil Nadu,South,Personal Care,Personal Care - Body Lotion,Body Lotion,3,638.97,0.08,1763.56,352.71,0.2,Cash,Hypermarket,Regular Shopper
ORD04152,2024-02-03,CUST0446,Jaipur,Rajasthan,West,Electronics,Electronics - Earphones,Earphones,6,1216.5,0.25,5474.25,985.36,0.18,Wallet,Supermarket,Budget Shopper
ORD04745,2024-02-03,CUST0891,Ahmedabad,Gujarat,West,Grocery,Grocery - Rice,Rice,3,1673.89,0.1,4519.5,406.76,0.09,Credit Card,Supermarket,Premium Shopper
ORD04830,2024-02-04,CUST0926,Jaipur,Rajasthan,West,Clothing,Clothing - Socks,Socks,5,1859.58,0.15,7903.21,1975.8,0.25,Wallet,Supermarket,Regular Shopper
ORD02938,2024-02-04,CUST0673,Coimbatore,Tamil Nadu,South,Grocery,Grocery - Rice,Rice,7,1139.47,0.05,7577.48,681.97,0.09,Debit Card,Hypermarket,Budget Shopper
ORD02561,2024-02-04,CUST0532,Jaipur,Rajasthan,West,Clothing,Clothing - Kids Wear,Kids Wear,5,757.22,0.25,2839.58,709.9,0.25,Credit Card,Hypermarket,Premium Shopper
ORD00358,2024-02-04,CUST0401,Jaipur,Rajasthan,West,Beverages,Beverages - Packaged Water,Packaged Water,3,1906.44,0.08,5261.77,736.65,0.14,Credit Card,Supermarket,Premium Shopper
ORD00017,2024-02-05,CUST0123,Jabalpur,Madhya Pradesh,West,Home Care,Home Care - Floor Cleaner,Floor Cleaner,5,1831.41,0.1,8241.35,1318.62,0.16,Debit Card,Hypermarket,Budget Shopper
ORD03792,2024-02-05,CUST0368,Pune,Maharashtra,West,Home Care,Home Care - Tissue,Tissue,5,467.71,0.15,1987.77,318.04,0.16,Cash,Hypermarket,Regular Shopper
ORD03283,2024-02-05,CUST1128,Kanpur,Uttar Pradesh,North,Personal Care,Personal Care - Face Wash,Face Wash,3,1586.47,0.0,4759.41,951.88,0.2,Debit Card,Hypermarket,Budget Shopper
ORD04275,2024-02-05,CUST0888,Nagpur,Maharashtra,West,Grocery,Grocery - Rice,Rice,5,1512.62,0.1,6806.79,612.61,0.09,Credit Card,Hypermarket,Budget Shopper
ORD00006,2024-02-06,CUST0703,Bhopal,Madhya Pradesh,West,Personal Care,Personal Care - Body Lotion,Body Lotion,2,1946.83,0.08,3582.17,716.43,0.2,Cash,Supermarket,Regular Shopper
ORD01560,2024-02-06,CUST0923,Jabalpur,Madhya Pradesh,West,Electronics,Electronics - Earphones,Earphones,6,481.77,0.0,2890.62,520.31,0.18,Debit Card,Hypermarket,Budget Shopper
ORD04883,2024-02-06,CUST0555,Rajkot,Gujarat,West,Grocery,Grocery - Wheat Flour,Wheat Flour,2,155.1,0.1,279.18,25.13,0.09,Credit Card,Hypermarket,Budget Shopper
ORD00198,2024-02-06,CUST0936,Vadodara,Gujarat,West,Grocery,Grocery - Rice,Rice,1,592.55,0.08,545.15,49.06,0.09,Cash,Supermarket,Regular Shopper
ORD03245,2024-02-06,CUST0367,Jodhpur,Rajasthan,West,Clothing,Clothing - Jeans,Jeans,7,94.11,0.02,645.59,161.4,0.25,Wallet,Supermarket,Budget Shopper
ORD04791,2024-02-06,CUST0624,Pune,Maharashtra,West,Home Care,Home Care - Toilet Cleaner,Toilet Cleaner,4,1555.52,0.1,5599.87,895.98,0.16,UPI,Hypermarket,Regular Shopper
ORD03214,2024-02-06,CUST1043,Indore,Madhya Pradesh,West,Grocery,Grocery - Wheat Flour,Wheat Flour,3,947.73,0.08,2615.73,235.42,0.09,Cash,Hypermarket,Budget Shopper
ORD02441,2024-02-06,CUST0945,Lucknow,Uttar Pradesh,North,Grocery,Grocery - Cooking Oil,Cooking Oil,3,277.96,0.2,667.1,60.04,0.09,Debit Card,Supermarket,Regular Shopper
ORD00328,2024-02-07,CUST1132,Jabalpur,Madhya Pradesh,West,Personal Care,Personal Care - Face Wash,Face Wash,7,1574.18,0.08,10137.72,2027.54,0.2,Wallet,Supermarket,Regular Shopper
ORD04517,2024-02-07,CUST0800,Udaipur,Rajasthan,West,Clothing,Clothing - Jeans,Jeans,1,109.26,0.08,100.52,25.13,0.25,Wallet,Hypermarket,Budget Shopper
ORD04522,2024-02-07,CUST0732,Warangal,Telangana,South,Clothing,Clothing - Jeans,Jeans,2,797.31,0.08,1467.05,366.76,0.25,Wallet,Hypermarket,Budget Shopper
ORD04644,2024-02-07,CUST0316,Thane,Maharashtra,West,Beverages,Beverages - Soft Drink,Soft Drink,3,160.68,0.1,433.84,60.74,0.14,Debit Card,Supermarket,Budget Shopper
ORD00871,2024-02-07,CUST1020,Jabalpur,Madhya Pradesh,West,Home Care,Home Care - Detergent,Detergent,1,462.41,0.15,393.05,62.89,0.16,Wallet,Hypermarket,Budget Shopper
ORD01646,2024-02-07,CUST0650,Madurai,Tamil Nadu,South,Home Care,Home Care - Detergent,Detergent,3,1812.0,0.05,5164.2,826.27,0.16,Debit Card,Hypermarket,Regular Shopper
ORD04035,2024-02-08,CUST0529,Kolkata,West Bengal,East,Grocery,Grocery - Biscuits,Biscuits,7,350.71,0.15,2086.72,187.8,0.09,Wallet,Supermarket,Regular Shopper
ORD02774,2024-02-08,CUST1037,Hyderabad,Telangana,South,Clothing,Clothing - Socks,Socks,2,2329.01,0.2,3726.42,931.6,0.25,Wallet,Supermarket,Regular Shopper
ORD00525,2024-02-08,CUST1019,Thane,Maharashtra,West,Beverages,Beverages - Juice,Juice,7,1474.49,0.2,8257.14,1156.0,0.14,UPI,Hypermarket,Budget Shopper
ORD01427,2024-02-08,CUST0766,Chennai,Tamil Nadu,South,Grocery,Grocery - Rice,Rice,2,607.69,0.15,1033.07,92.98,0.09,Credit Card,Hypermarket,Regular Shopper
ORD02832,2024-02-08,CUST0335,Hyderabad,Telangana,South,Grocery,Grocery - Sugar,Sugar,2,1764.94,0.1,3176.89,285.92,0.09,Wallet,Supermarket,Regular Shopper
ORD03640,2024-02-08,CUST1173,Chennai,Tamil Nadu,South,Clothing,Clothing - Kids Wear,Kids Wear,7,2409.53,0.2,13493.37,3373.34,0.25,Debit Card,Hypermarket,Budget Shopper
ORD03678,2024-02-08,CUST0460,Warangal,Telangana,South,Electronics,Electronics - Mixer,Mixer,5,1278.06,0.1,5751.27,1035.23,0.18,Debit Card,Hypermarket,Budget Shopper
ORD04957,2024-02-09,CUST0211,Madurai,Tamil Nadu,South,Beverages,Beverages - Coffee,Coffee,4,282.85,0.15,961.69,134.64,0.14,Wallet,Supermarket,Budget Shopper
ORD02216,2024-02-10,CUST0156,Warangal,Telangana,South,Electronics,Electronics - Extension Board,Extension Board,2,1890.42,0.08,3478.37,626.11,0.18,Credit Card,Supermarket,Regular Shopper
ORD01788,2024-02-10,CUST0859,Kolkata,West Bengal,East,Grocery,Grocery - Cooking Oil,Cooking Oil,2,409.33,0.15,695.86,62.63,0.09,UPI,Hypermarket,Premium Shopper
ORD04527,2024-02-10,CUST0117,Kolkata,West Bengal,East,Grocery,Grocery - Cooking Oil,Cooking Oil,4,1865.59,0.08,6865.37,617.88,0.09,Credit Card,Hypermarket,Budget Shopper
ORD01901,2024-02-10,CUST0735,Jaipur,Rajasthan,West,Beverages,Beverages - Soft Drink,Soft Drink,3,1582.35,0.02,4652.11,651.3,0.14,Credit Card,Hypermarket,Regular Shopper
ORD03968,2024-02-10,CUST0566,Warangal,Telangana,South,Grocery,Grocery - Rice,Rice,3,399.56,0.15,1018.88,91.7,0.09,Wallet,Hypermarket,Regular Shopper
ORD04501,2024-02-10,CUST1183,Coimbatore,Tamil Nadu,South,Electronics,Electronics - Earphones,Earphones,4,1716.53,0.05,6522.81,1174.11,0.18,Debit Card,Supermarket,Premium Shopper
ORD02937,2024-02-10,CUST1111,Hyderabad,Telangana,South,Beverages,Beverages - Juice,Juice,3,2431.09,0.0,7293.27,1021.06,0.14,Wallet,Hypermarket,Budget Shopper
ORD03860,2024-02-11,CUST0954,Jabalpur,Madhya Pradesh,West,Clothing,Clothing - Socks,Socks,7,1921.82,0.1,12107.47,3026.87,0.25,Cash,Hypermarket,Budget Shopper
ORD04921,2024-02-11,CUST0767,Jabalpur,Madhya Pradesh,West,Grocery,Grocery - Rice,Rice,4,2456.96,0.02,9631.28,866.82,0.09,UPI,Supermarket,Regular Shopper
ORD00395,2024-02-11,CUST0424,Kolkata,West Bengal,East,Home Care,Home Care - Tissue,Tissue,6,2321.29,0.0,13927.74,2228.44,0.16,Wallet,Hypermarket,Regular Shopper
ORD04283,2024-02-11,CUST0455,Ahmedabad,Gujarat,West,Clothing,Clothing - T-Shirt,T-Shirt,2,2346.6,0.2,3754.56,938.64,0.25,UPI,Hypermarket,Budget Shopper
ORD03965,2024-02-11,CUST1189,Lucknow,Uttar Pradesh,North,Grocery,Grocery - Sugar,Sugar,4,2264.26,0.1,8151.34,733.62,0.09,Wallet,Hypermarket,Regular Shopper
ORD00236,2024-02-11,CUST0219,Vadodara,Gujarat,West,Electronics,Electronics - Power Bank,Power Bank,2,455.94,0.08,838.93,151.01,0.18,Cash,Hypermarket,Regular Shopper
ORD04349,2024-02-11,CUST0905,Hyderabad,Telangana,South,Personal Care,Personal Care - Face Wash,Face Wash,5,1570.94,0.0,7854.7,1570.94,0.2,Cash,Hypermarket,Regular Shopper
ORD00528,2024-02-12,CUST0912,Hyderabad,Telangana,South,Home Care,Home Care - Toilet Cleaner,Toilet Cleaner,6,2118.8,0.08,11695.78,1871.32,0.16,UPI,Supermarket,Budget Shopper
ORD02187,2024-02-12,CUST0548,Jaipur,Rajasthan,West,Beverages,Beverages - Juice,Juice,6,1704.58,0.02,10022.93,1403.21,0.14,Debit Card,Supermarket,Premium Shopper
ORD02481,2024-02-13,CUST0495,Kolkata,West Bengal,East,Grocery,Grocery - Cooking Oil,Cooking Oil,2,584.89,0.15,994.31,89.49,0.09,Debit Card,Hypermarket,Budget Shopper
ORD04785,2024-02-13,CUST0776,Kolkata,West Bengal,East,Beverages,Beverages - Tea,Tea,4,2132.39,0.08,7847.2,1098.61,0.14,Credit Card,Hypermarket,Regular Shopper
ORD03361,2024-02-13,CUST0180,Hyderabad,Telangana,South,Home Care,Home Care - Dishwash,Dishwash,7,2427.0,0.15,14440.65,2310.5,0.16,Credit Card,Hypermarket,Budget Shopper
ORD03915,2024-02-13,CUST0136,Warangal,Telangana,South,Clothing,Clothing - Kids Wear,Kids Wear,2,1192.5,0.15,2027.25,506.81,0.25,Credit Card,Hypermarket,Budget Shopper
ORD00333,2024-02-13,CUST1151,Bhopal,Madhya Pradesh,West,Grocery,Grocery - Cooking Oil,Cooking Oil,7,1107.69,0.15,6590.76,593.17,0.09,Debit Card,Hypermarket,Budget Shopper
ORD03052,2024-02-13,CUST1065,Hyderabad,Telangana,South,Beverages,Beverages - Packaged Water,Packaged Water,4,1454.14,0.1,5234.9,732.89,0.14,Wallet,Supermarket,Budget Shopper
ORD01551,2024-02-14,CUST0985,Bhopal,Madhya Pradesh,West,Grocery,Grocery - Rice,Rice,4,2371.81,0.05,9012.88,811.16,0.09,Credit Card,Supermarket,Budget Shopper
ORD02839,2024-02-14,CUST0660,Udaipur,Rajasthan,West,Clothing,Clothing - Kids Wear,Kids Wear,2,1367.62,0.1,2461.72,615.43,0.25,Credit Card,Supermarket,Regular Shopper
ORD00141,2024-02-14,CUST0022,Warangal,Telangana,South,Personal Care,Personal Care - Soap,Soap,7,1223.02,0.08,7876.25,1575.25,0.2,Credit Card,Supermarket,Budget Shopper
ORD02530,2024-02-14,CUST0131,Jabalpur,Madhya Pradesh,West,Beverages,Beverages - Packaged Water,Packaged Water,7,962.76,0.25,5054.49,707.63,0.14,Wallet,Supermarket,Budget Shopper
ORD03985,2024-02-14,CUST0318,Kanpur,Uttar Pradesh,North,Personal Care,Personal Care - Shampoo,Shampoo,7,513.53,0.25,2696.03,539.21,0.2,UPI,Hypermarket,Regular Shopper
ORD00969,2024-02-14,CUST0026,Jaipur,Rajasthan,West,Grocery,Grocery - Sugar,Sugar,1,935.19,0.0,935.19,84.17,0.09,Credit Card,Hypermarket,Budget Shopper
ORD01040,2024-02-14,CUST0725,Nagpur,Maharashtra,West,Personal Care,Personal Care - Body Lotion,Body Lotion,4,1397.96,0.15,4753.06,950.61,0.2,Debit Card,Hypermarket,Regular Shopper
ORD01750,2024-02-14,CUST1017,Coimbatore,Tamil Nadu,South,Grocery,Grocery - Cooking Oil,Cooking Oil,4,1876.29,0.02,7355.06,661.96,0.09,Cash,Supermarket,Premium Shopper
ORD00856,2024-02-15,CUST0091,Jabalpur,Madhya Pradesh,West,Home Care,Home Care - Floor Cleaner,Floor Cleaner,4,580.52,0.08,2136.31,341.81,0.16,Wallet,Hypermarket,Regular Shopper
ORD03449,2024-02-15,CUST0990,Noida,Uttar Pradesh,North,Personal Care,Personal Care - Shampoo,Shampoo,5,2280.52,0.2,9122.08,1824.42,0.2,UPI,Hypermarket,Regular Shopper
ORD04002,2024-02-15,CUST0883,Indore,Madhya Pradesh,West,Grocery,Grocery - Sugar,Sugar,6,2318.31,0.05,13214.37,1189.29,0.09,Credit Card,Supermarket,Budget Shopper
ORD03223,2024-02-15,CUST0230,Kolkata,West Bengal,East,Home Care,Home Care - Detergent,Detergent,4,2039.74,0.1,7343.06,1174.89,0.16,Debit Card,Supermarket,Regular Shopper
ORD01474,2024-02-15,CUST0997,Jaipur,Rajasthan,West,Clothing,Clothing - T-Shirt,T-Shirt,3,1864.36,0.0,5593.08,1398.27,0.25,Cash,Hypermarket,Regular Shopper
ORD02788,2024-02-15,CUST0701,Warangal,Telangana,South,Electronics,Electronics - Extension Board,Extension Board,3,855.76,0.2,2053.82,369.69,0.18,Debit Card,Supermarket,Budget Shopper
ORD03783,2024-02-16,CUST0697,Madurai,Tamil Nadu,South,Electronics,Electronics - Earphones,Earphones,5,1823.76,0.1,8206.92,1477.25,0.18,Debit Card,Supermarket,Premium Shopper
ORD00597,2024-02-16,CUST0671,Vadodara,Gujarat,West,Home Care,Home Care - Floor Cleaner,Floor Cleaner,1,2456.91,0.15,2088.37,334.14,0.16,Cash,Hypermarket,Budget Shopper
ORD03576,2024-02-16,CUST0811,Vadodara,Gujarat,West,Beverages,Beverages - Juice,Juice,6,611.44,0.08,3375.15,472.52,0.14,Wallet,Hypermarket,Regular Shopper
ORD02910,2024-02-16,CUST0104,Udaipur,Rajasthan,West,Grocery,Grocery - Biscuits,Biscuits,7,241.02,0.1,1518.43,136.66,0.09,Debit Card,Supermarket,Premium Shopper
ORD00627,2024-02-17,CUST0682,Kolkata,West Bengal,East,Personal Care,Personal Care - Toothpaste,Toothpaste,1,1079.81,0.02,1058.21,211.64,0.2,Wallet,Hypermarket,Budget Shopper
ORD04282,2024-02-17,CUST0682,Jabalpur,Madhya Pradesh,West,Beverages,Beverages - Juice,Juice,6,2426.02,0.08,13391.63,1874.83,0.14,Credit Card,Hypermarket,Budget Shopper
ORD03905,2024-02-17,CUST1175,Kolkata,West Bengal,East,Home Care,Home Care - Toilet Cleaner,Toilet Cleaner,2,917.58,0.08,1688.35,270.14,0.16,Credit Card,Hypermarket,Regular Shopper
ORD00782,2024-02-17,CUST0316,Kolkata,West Bengal,East,Clothing,Clothing - Shirt,Shirt,1,2416.92,0.02,2368.58,592.14,0.25,Cash,Supermarket,Budget Shopper
ORD04978,2024-02-17,CUST0738,Warangal,Telangana,South,Beverages,Beverages - Juice,Juice,2,2474.24,0.15,4206.21,588.87,0.14,UPI,Supermarket,Budget Shopper
ORD04494,2024-02-17,CUST0902,Noida,Uttar Pradesh,North,Home Care,Home Care - Detergent,Detergent,6,1835.19,0.05,10460.58,1673.69,0.16,Wallet,Supermarket,Regular Shopper
ORD01154,2024-02-17,CUST0064,Kolkata,West Bengal,East,Personal Care,Personal Care - Soap,Soap,3,2295.77,0.08,6336.33,1267.27,0.2,Credit Card,Supermarket,Budget Shopper
ORD04568,2024-02-18,CUST0282,Lucknow,Uttar Pradesh,North,Electronics,Electronics - Extension Board,Extension Board,3,81.58,0.05,232.5,41.85,0.18,Cash,Supermarket,Premium Shopper
ORD02803,2024-02-18,CUST1187,Surat,Gujarat,West,Electronics,Electronics - Mixer,Mixer,6,224.65,0.05,1280.51,230.49,0.18,Debit Card,Supermarket,Budget Shopper
ORD02088,2024-02-18,CUST0925,Coimbatore,Tamil Nadu,South,Personal Care,Personal Care - Soap,Soap,4,1655.07,0.1,5958.25,1191.65,0.2,Debit Card,Supermarket,Budget Shopper
ORD04372,2024-02-18,CUST0775,Warangal,Telangana,South,Clothing,Clothing - Jeans,Jeans,7,1252.59,0.1,7891.32,1972.83,0.25,UPI,Hypermarket,Regular Shopper
ORD04076,2024-02-18,CUST0744,Madurai,Tamil Nadu,South,Personal Care,Personal Care - Soap,Soap,3,793.63,0.05,2261.85,452.37,0.2,Credit Card,Supermarket,Budget Shopper
ORD03022,2024-02-19,CUST0967,Rajkot,Gujarat,West,Grocery,Grocery - Wheat Flour,Wheat Flour,2,396.73,0.1,714.11,64.27,0.09,UPI,Hypermarket,Budget Shopper
ORD00051,2024-02-19,CUST1167,Hyderabad,Telangana,South,Personal Care,Personal Care - Shampoo,Shampoo,6,2489.75,0.1,13444.65,2688.93,0.2,UPI,Hypermarket,Budget Shopper
ORD01805,2024-02-19,CUST0891,Jaipur,Rajasthan,West,Grocery,Grocery - Rice,Rice,7,740.19,0.08,4766.82,429.01,0.09,Wallet,Supermarket,Premium Shopper
ORD01358,2024-02-19,CUST0207,Jabalpur,Madhya Pradesh,West,Grocery,Grocery - Wheat Flour,Wheat Flour,6,267.36,0.02,1572.08,141.49,0.09,Debit Card,Hypermarket,Regular Shopper
ORD01771,2024-02-19,CUST0314,Bhopal,Madhya Pradesh,West,Electronics,Electronics - Power Bank,Power Bank,1,281.07,0.05,267.02,48.06,0.18,Credit Card,Hypermarket,Regular Shopper
ORD03582,2024-02-19,CUST0841,Kolkata,West Bengal,East,Grocery,Grocery - Biscuits,Biscuits,5,963.09,0.25,3611.59,325.04,0.09,UPI,Hypermarket,Regular Shopper
ORD04037,2024-02-19,CUST1171,Rajkot,Gujarat,West,Clothing,Clothing - Jeans,Jeans,5,990.66,0.05,4705.64,1176.41,0.25,UPI,Hypermarket,Regular Shopper
ORD01537,2024-02-20,CUST0115,Warangal,Telangana,South,Grocery,Grocery - Rice,Rice,7,1901.58,0.25,9983.3,898.5,0.09,Wallet,Supermarket,Budget Shopper
ORD02056,2024-02-20,CUST0998,Udaipur,Rajasthan,West,Personal Care,Personal Care - Toothpaste,Toothpaste,7,1749.41,0.05,11633.58,2326.72,0.2,Debit Card,Hypermarket,Budget Shopper
ORD03453,2024-02-20,CUST0215,Bhopal,Madhya Pradesh,West,Beverages,Beverages - Tea,Tea,4,1553.2,0.05,5902.16,826.3,0.14,Cash,Hypermarket,Budget Shopper
ORD03137,2024-02-21,CUST0805,New Delhi,Delhi,North,Electronics,Electronics - Extension Board,Extension Board,7,1194.24,0.08,7690.91,1384.36,0.18,UPI,Hypermarket,Budget Shopper
ORD00752,2024-02-21,CUST0196,Jaipur,Rajasthan,West,Grocery,Grocery - Sugar,Sugar,3,47.16,0.1,127.33,11.46,0.09,Credit Card,Supermarket,Regular Shopper
ORD02552,2024-02-21,CUST0311,Jodhpur,Rajasthan,West,Grocery,Grocery - Wheat Flour,Wheat Flour,7,1560.17,0.05,10375.13,933.76,0.09,Debit Card,Hypermarket,Budget Shopper
ORD04798,2024-02-21,CUST0351,Kolkata,West Bengal,East,Grocery,Grocery - Cooking Oil,Cooking Oil,6,1247.3,0.25,5612.85,505.16,0.09,UPI,Hypermarket,Budget Shopper
ORD03834,2024-02-22,CUST0772,Bhopal,Madhya Pradesh,West,Grocery,Grocery - Biscuits,Biscuits,2,146.62,0.1,263.92,23.75,0.09,Credit Card,Hypermarket,Budget Shopper
ORD04461,2024-02-22,CUST0276,Mysuru,Karnataka,South,Home Care,Home Care - Dishwash,Dishwash,5,2136.27,0.1,9613.22,1538.12,0.16,Credit Card,Supermarket,Regular Shopper
ORD03384,2024-02-22,CUST0326,Lucknow,Uttar Pradesh,North,Grocery,Grocery - Sugar,Sugar,4,875.43,0.2,2801.38,252.12,0.09,UPI,Hypermarket,Premium Shopper
ORD01323,2024-02-23,CUST0884,Bengaluru,Karnataka,South,Personal Care,Personal Care - Shampoo,Shampoo,5,1745.46,0.2,6981.84,1396.37,0.2,Credit Card,Supermarket,Budget Shopper
ORD01185,2024-02-23,CUST0959,Kanpur,Uttar Pradesh,North,Grocery,Grocery - Cooking Oil,Cooking Oil,6,850.67,0.08,4695.7,422.61,0.09,Wallet,Hypermarket,Budget Shopper
ORD00660,2024-02-23,CUST0371,Coimbatore,Tamil Nadu,South,Personal Care,Personal Care - Shampoo,Shampoo,2,177.58,0.05,337.4,67.48,0.2,Debit Card,Hypermarket,Budget Shopper
ORD01313,2024-02-23,CUST1167,New Delhi,Delhi,North,Beverages,Beverages - Tea,Tea,6,566.25,0.25,2548.12,356.74,0.14,Cash,Supermarket,Regular Shopper
ORD02632,2024-02-23,CUST0858,Bengaluru,Karnataka,South,Beverages,Beverages - Packaged Water,Packaged Water,6,269.05,0.0,1614.3,226.0,0.14,UPI,Hypermarket,Regular Shopper
ORD01494,2024-02-23,CUST0220,Mysuru,Karnataka,South,Clothing,Clothing - Socks,Socks,2,1381.28,0.15,2348.18,587.05,0.25,Credit Card,Hypermarket,Regular Shopper
ORD01526,2024-02-24,CUST1146,Kanpur,Uttar Pradesh,North,Grocery,Grocery - Cooking Oil,Cooking Oil,3,1808.28,0.05,5153.6,463.82,0.09,Debit Card,Hypermarket,Budget Shopper
ORD01994,2024-02-24,CUST0868,New Delhi,Delhi,North,Beverages,Beverages - Juice,Juice,5,1245.9,0.08,5731.14,802.36,0.14,Credit Card,Hypermarket,Regular Shopper
ORD03800,2024-02-24,CUST0145,Surat,Gujarat,West,Beverages,Beverages - Coffee,Coffee,1,734.3,0.02,719.61,100.75,0.14,Debit Card,Hypermarket,Regular Shopper
ORD01478,2024-02-24,CUST0009,Vadodara,Gujarat,West,Clothing,Clothing - Kids Wear,Kids Wear,4,2435.42,0.05,9254.6,2313.65,0.25,Credit Card,Supermarket,Budget Shopper
ORD00251,2024-02-24,CUST0639,Surat,Gujarat,West,Home Care,Home Care - Detergent,Detergent,3,947.87,0.1,2559.25,409.48,0.16,Cash,Hypermarket,Budget Shopper
ORD01139,2024-02-24,CUST1193,Warangal,Telangana,South,Home Care,Home Care - Floor Cleaner,Floor Cleaner,1,693.24,0.08,637.78,102.04,0.16,UPI,Supermarket,Budget Shopper
ORD04915,2024-02-24,CUST0852,Kolkata,West Bengal,East,Grocery,Grocery - Cooking Oil,Cooking Oil,2,2423.83,0.08,4459.85,401.39,0.09,Wallet,Hypermarket,Premium Shopper
ORD04814,2024-02-25,CUST0313,Jodhpur,Rajasthan,West,Clothing,Clothing - Jeans,Jeans,5,2400.61,0.08,11042.81,2760.7,0.25,Cash,Hypermarket,Regular Shopper
ORD03918,2024-02-25,CUST0187,Hyderabad,Telangana,South,Personal Care,Personal Care - Soap,Soap,6,322.52,0.1,1741.61,348.32,0.2,Debit Card,Hypermarket,Budget Shopper
ORD04971,2024-02-25,CUST0366,Coimbatore,Tamil Nadu,South,Personal Care,Personal Care - Toothpaste,Toothpaste,4,68.44,0.1,246.38,49.28,0.2,Credit Card,Supermarket,Budget Shopper
ORD00281,2024-02-25,CUST0691,Bengaluru,Karnataka,South,Personal Care,Personal Care - Face Wash,Face Wash,7,325.42,0.08,2095.7,419.14,0.2,UPI,Supermarket,Regular Shopper
ORD02240,2024-02-26,CUST0862,Jodhpur,Rajasthan,West,Grocery,Grocery - Wheat Flour,Wheat Flour,6,2484.75,0.05,14163.08,1274.68,0.09,UPI,Supermarket,Premium Shopper
ORD01779,2024-02-26,CUST0280,Lucknow,Uttar Pradesh,North,Grocery,Grocery - Sugar,Sugar,1,1192.03,0.05,1132.43,101.92,0.09,Cash,Hypermarket,Regular Shopper
ORD01094,2024-02-26,CUST0561,Udaipur,Rajasthan,West,Grocery,Grocery - Biscuits,Biscuits,7,1715.08,0.1,10805.0,972.45,0.09,Wallet,Supermarket,Regular Shopper
ORD03723,2024-02-27,CUST0308,Jaipur,Rajasthan,West,Grocery,Grocery - Biscuits,Biscuits,5,1932.71,0.1,8697.2,782.75,0.09,Wallet,Hypermarket,Budget Shopper
ORD02354,2024-02-27,CUST1125,Ahmedabad,Gujarat,West,Personal Care,Personal Care - Toothpaste,Toothpaste,7,1278.73,0.1,8056.0,1611.2,0.2,Wallet,Supermarket,Budget Shopper
ORD01544,2024-02-27,CUST0694,New Delhi,Delhi,North,Grocery,Grocery - Wheat Flour,Wheat Flour,3,91.86,0.1,248.02,22.32,0.09,UPI,Supermarket,Budget Shopper
ORD02859,2024-02-27,CUST0382,New Delhi,Delhi,North,Home Care,Home Care - Tissue,Tissue,3,963.26,0.0,2889.78,462.36,0.16,UPI,Hypermarket,Premium Shopper
ORD01444,2024-02-27,CUST0118,Surat,Gujarat,West,Electronics,Electronics - Mixer,Mixer,2,1497.94,0.15,2546.5,458.37,0.18,Debit Card,Hypermarket,Budget Shopper
ORD01310,2024-02-27,CUST0511,Lucknow,Uttar Pradesh,North,Grocery,Grocery - Rice,Rice,7,555.17,0.1,3497.57,314.78,0.09,UPI,Hypermarket,Regular Shopper
ORD00697,2024-02-27,CUST0016,Hyderabad,Telangana,South,Personal Care,Personal Care - Body Lotion,Body Lotion,1,203.98,0.1,183.58,36.72,0.2,Cash,Hypermarket,Budget Shopper
ORD01585,2024-02-28,CUST0028,New Delhi,Delhi,North,Beverages,Beverages - Coffee,Coffee,3,932.33,0.05,2657.14,372.0,0.14,Cash,Supermarket,Regular Shopper
ORD03499,2024-02-28,CUST1146,Kolkata,West Bengal,East,Grocery,Grocery - Cooking Oil,Cooking Oil,6,1726.3,0.05,9839.91,885.59,0.09,Wallet,Hypermarket,Regular Shopper
ORD02923,2024-02-28,CUST1134,Hyderabad,Telangana,South,Clothing,Clothing - Jeans,Jeans,7,2395.48,0.08,15426.89,3856.72,0.25,Wallet,Hypermarket,Regular Shopper
ORD04265,2024-02-28,CUST0096,Udaipur,Rajasthan,West,Grocery,Grocery - Biscuits,Biscuits,2,1319.18,0.08,2427.29,218.46,0.09,UPI,Supermarket,Budget Shopper
ORD00709,2024-02-29,CUST1170,Warangal,Telangana,South,Personal Care,Personal Care - Body Lotion,Body Lotion,1,1612.86,0.2,1290.29,258.06,0.2,Wallet,Hypermarket,Budget Shopper
ORD01556,2024-02-29,CUST0798,Ahmedabad,Gujarat,West,Grocery,Grocery - Biscuits,Biscuits,7,2302.11,0.1,14503.29,1305.3,0.09,Credit Card,Supermarket,Regular Shopper
ORD00219,2024-02-29,CUST0445,Mangaluru,Karnataka,South,Electronics,Electronics - Mixer,Mixer,5,94.21,0.05,447.5,80.55,0.18,Credit Card,Hypermarket,Premium Shopper
ORD03460,2024-03-01,CUST0057,Hyderabad,Telangana,South,Electronics,Electronics - LED Bulb,LED Bulb,4,789.92,0.08,2906.91,523.24,0.18,Credit Card,Hypermarket,Budget Shopper
ORD00504,2024-03-01,CUST0709,Bengaluru,Karnataka,South,Personal Care,Personal Care - Shampoo,Shampoo,1,580.3,0.08,533.88,106.78,0.2,Credit Card,Hypermarket,Regular Shopper
ORD01037,2024-03-01,CUST0206,Bengaluru,Karnataka,South,Home Care,Home Care - Detergent,Detergent,3,156.89,0.1,423.6,67.78,0.16,Wallet,Hypermarket,Regular Shopper
ORD01243,2024-03-01,CUST0416,Mysuru,Karnataka,South,Beverages,Beverages - Coffee,Coffee,1,548.02,0.08,504.18,70.59,0.14,Credit Card,Supermarket,Budget Shopper
ORD04194,2024-03-01,CUST0744,New Delhi,Delhi,North,Home Care,Home Care - Detergent,Detergent,2,2305.08,0.1,4149.14,663.86,0.16,Wallet,Supermarket,Budget Shopper
ORD02687,2024-03-02,CUST0691,Jabalpur,Madhya Pradesh,West,Grocery,Grocery - Rice,Rice,7,2376.92,0.05,15806.52,1422.59,0.09,UPI,Supermarket,Regular Shopper
ORD04108,2024-03-02,CUST0826,Chennai,Tamil Nadu,South,Personal Care,Personal Care - Soap,Soap,4,1662.9,0.25,4988.7,997.74,0.2,Cash,Hypermarket,Regular Shopper
ORD00686,2024-03-02,CUST0236,Vadodara,Gujarat,West,Personal Care,Personal Care - Soap,Soap,2,377.77,0.05,717.76,143.55,0.2,UPI,Supermarket,Regular Shopper
ORD02948,2024-03-02,CUST0958,Hyderabad,Telangana,South,Clothing,Clothing - Kids Wear,Kids Wear,3,593.04,0.05,1690.16,422.54,0.25,UPI,Supermarket,Premium Shopper
ORD02611,2024-03-03,CUST0603,Vadodara,Gujarat,West,Grocery,Grocery - Rice,Rice,7,1140.96,0.08,7347.78,661.3,0.09,UPI,Hypermarket,Budget Shopper
ORD04754,2024-03-03,CUST0897,Pune,Maharashtra,West,Grocery,Grocery - Sugar,Sugar,1,290.6,0.15,247.01,22.23,0.09,Credit Card,Supermarket,Budget Shopper
ORD04093,2024-03-03,CUST0377,New Delhi,Delhi,North,Grocery,Grocery - Sugar,Sugar,4,147.75,0.15,502.35,45.21,0.09,UPI,Supermarket,Regular Shopper
ORD00154,2024-03-03,CUST0919,Udaipur,Rajasthan,West,Grocery,Grocery - Cooking Oil,Cooking Oil,7,1349.32,0.0,9445.24,850.07,0.09,Wallet,Supermarket,Regular Shopper
ORD01184,2024-03-03,CUST0452,Madurai,Tamil Nadu,South,Personal Care,Personal Care - Toothpaste,Toothpaste,2,945.93,0.08,1740.51,348.1,0.2,Cash,Supermarket,Budget Shopper
ORD00789,2024-03-03,CUST0449,Jodhpur,Rajasthan,West,Grocery,Grocery - Sugar,Sugar,5,1369.9,0.05,6507.02,585.63,0.09,Wallet,Hypermarket,Premium Shopper
ORD02476,2024-03-03,CUST0806,Kolkata,West Bengal,East,Electronics,Electronics - Mixer,Mixer,2,212.04,0.15,360.47,64.88,0.18,Cash,Hypermarket,Regular Shopper
ORD02233,2024-03-04,CUST0672,Coimbatore,Tamil Nadu,South,Beverages,Beverages - Tea,Tea,1,655.33,0.05,622.56,87.16,0.14,UPI,Supermarket,Budget Shopper
ORD03258,2024-03-04,CUST0445,Noida,Uttar Pradesh,North,Home Care,Home Care - Toilet Cleaner,Toilet Cleaner,2,910.75,0.0,1821.5,291.44,0.16,Credit Card,Supermarket,Premium Shopper
ORD03866,2024-03-04,CUST0956,Ahmedabad,Gujarat,West,Personal Care,Personal Care - Face Wash,Face Wash,7,1575.08,0.2,8820.45,1764.09,0.2,Wallet,Supermarket,Budget Shopper
ORD03600,2024-03-04,CUST0065,Rajkot,Gujarat,West,Clothing,Clothing - Socks,Socks,4,753.1,0.05,2861.78,715.45,0.25,Credit Card,Supermarket,Premium Shopper
ORD03199,2024-03-05,CUST0063,Bhopal,Madhya Pradesh,West,Personal Care,Personal Care - Shampoo,Shampoo,1,990.66,0.05,941.13,188.23,0.2,Debit Card,Supermarket,Premium Shopper
ORD00133,2024-03-05,CUST1084,Vadodara,Gujarat,West,Personal Care,Personal Care - Toothpaste,Toothpaste,5,541.11,0.15,2299.72,459.94,0.2,Debit Card,Supermarket,Regular Shopper
ORD03067,2024-03-05,CUST1122,Surat,Gujarat,West,Personal Care,Personal Care - Shampoo,Shampoo,7,1726.68,0.08,11119.82,2223.96,0.2,UPI,Hypermarket,Budget Shopper
ORD00372,2024-03-05,CUST0093,Bhopal,Madhya Pradesh,West,Personal Care,Personal Care - Shampoo,Shampoo,4,457.53,0.1,1647.11,329.42,0.2,UPI,Hypermarket,Budget Shopper
ORD01956,2024-03-05,CUST0693,Jodhpur,Rajasthan,West,Electronics,Electronics - Earphones,Earphones,6,1209.9,0.02,7114.21,1280.56,0.18,Cash,Hypermarket,Regular Shopper
ORD01499,2024-03-05,CUST1186,Jodhpur,Rajasthan,West,Personal Care,Personal Care - Soap,Soap,5,1454.43,0.05,6908.54,1381.71,0.2,Debit Card,Supermarket,Regular Shopper
ORD02145,2024-03-05,CUST0854,Warangal,Telangana,South,Grocery,Grocery - Wheat Flour,Wheat Flour,7,1285.77,0.15,7650.33,688.53,0.09,UPI,Hypermarket,Budget Shopper
ORD04925,2024-03-05,CUST0700,Chennai,Tamil Nadu,South,Personal Care,Personal Care - Body Lotion,Body Lotion,2,192.1,0.1,345.78,69.16,0.2,Wallet,Hypermarket,Budget Shopper
ORD03712,2024-03-06,CUST0199,Kolkata,West Bengal,East,Personal Care,Personal Care - Body Lotion,Body Lotion,4,618.01,0.0,2472.04,494.41,0.2,Cash,Hypermarket,Regular Shopper
ORD00425,2024-03-06,CUST0491,Madurai,Tamil Nadu,South,Personal Care,Personal Care - Shampoo,Shampoo,2,649.77,0.1,1169.59,233.92,0.2,Wallet,Supermarket,Premium Shopper
ORD00731,2024-03-07,CUST0584,Kolkata,West Bengal,East,Grocery,Grocery - Rice,Rice,7,2138.24,0.08,13770.27,1239.32,0.09,Credit Card,Supermarket,Budget Shopper
ORD02964,2024-03-07,CUST1047,Jodhpur,Rajasthan,West,Grocery,Grocery - Wheat Flour,Wheat Flour,7,296.28,0.08,1908.04,171.72,0.09,Debit Card,Hypermarket,Budget Shopper
ORD01900,2024-03-07,CUST1020,Jabalpur,Madhya Pradesh,West,Home Care,Home Care - Detergent,Detergent,4,1374.41,0.05,5222.76,835.64,0.16,Wallet,Supermarket,Budget Shopper
ORD01088,2024-03-07,CUST0806,Lucknow,Uttar Pradesh,North,Clothing,Clothing - Socks,Socks,4,170.68,0.08,628.1,157.02,0.25,Cash,Supermarket,Budget Shopper
ORD00036,2024-03-07,CUST0474,Hyderabad,Telangana,South,Personal Care,Personal Care - Soap,Soap,4,2025.01,0.02,7938.04,1587.61,0.2,Wallet,Hypermarket,Budget Shopper
ORD00413,2024-03-07,CUST0122,Bengaluru,Karnataka,South,Home Care,Home Care - Toilet Cleaner,Toilet Cleaner,5,155.09,0.08,713.41,114.15,0.16,Debit Card,Supermarket,Budget Shopper
ORD02782,2024-03-08,CUST0744,Bengaluru,Karnataka,South,Clothing,Clothing - Kids Wear,Kids Wear,6,668.13,0.08,3688.08,922.02,0.25,Cash,Supermarket,Premium Shopper
ORD03984,2024-03-08,CUST0855,Rajkot,Gujarat,West,Grocery,Grocery - Rice,Rice,5,1783.17,0.15,7578.47,682.06,0.09,UPI,Supermarket,Premium Shopper
ORD02773,2024-03-08,CUST0332,Kanpur,Uttar Pradesh,North,Personal Care,Personal Care - Toothpaste,Toothpaste,4,682.91,0.08,2513.11,502.62,0.2,Debit Card,Hypermarket,Budget Shopper
ORD01613,2024-03-08,CUST0585,New Delhi,Delhi,North,Home Care,Home Care - Tissue,Tissue,7,938.43,0.2,5255.21,840.83,0.16,Wallet,Supermarket,Regular Shopper
ORD03070,2024-03-08,CUST0183,Pune,Maharashtra,West,Beverages,Beverages - Packaged Water,Packaged Water,3,1919.21,0.1,5181.87,725.46,0.14,UPI,Hypermarket,Budget Shopper
ORD03665,2024-03-08,CUST0255,Surat,Gujarat,West,Beverages,Beverages - Packaged Water,Packaged Water,2,598.79,0.1,1077.82,150.89,0.14,Cash,Hypermarket,Budget Shopper
ORD02014,2024-03-08,CUST0538,Jaipur,Rajasthan,West,Personal Care,Personal Care - Shampoo,Shampoo,1,2199.07,0.08,2023.14,404.63,0.2,Cash,Hypermarket,Regular Shopper
ORD04965,2024-03-09,CUST0366,Warangal,Telangana,South,Grocery,Grocery - Sugar,Sugar,3,2384.61,0.15,6080.76,547.27,0.09,Debit Card,Hypermarket,Premium Shopper
ORD03541,2024-03-09,CUST0751,Rajkot,Gujarat,West,Personal Care,Personal Care - Soap,Soap,5,390.96,0.08,1798.42,359.68,0.2,Cash,Supermarket,Regular Shopper
ORD02516,2024-03-09,CUST1142,Kanpur,Uttar Pradesh,North,Grocery,Grocery - Rice,Rice,6,2179.43,0.08,12030.45,1082.74,0.09,Cash,Hypermarket,Regular Shopper
ORD01601,2024-03-09,CUST1102,Madurai,Tamil Nadu,South,Clothing,Clothing - Kids Wear,Kids Wear,7,1277.88,0.2,7156.13,1789.03,0.25,UPI,Hypermarket,Regular Shopper
ORD01302,2024-03-09,CUST0998,Hyderabad,Telangana,South,Beverages,Beverages - Packaged Water,Packaged Water,7,938.03,0.0,6566.21,919.27,0.14,UPI,Supermarket,Budget Shopper
ORD01025,2024-03-09,CUST0133,Kolkata,West Bengal,East,Grocery,Grocery - Wheat Flour,Wheat Flour,7,1483.58,0.15,8827.3,794.46,0.09,UPI,Hypermarket,Budget Shopper
ORD00073,2024-03-10,CUST1050,Mysuru,Karnataka,South,Electronics,Electronics - Power Bank,Power Bank,5,2102.91,0.05,9988.82,1797.99,0.18,Cash,Hypermarket,Budget Shopper
ORD00353,2024-03-10,CUST0658,Mangaluru,Karnataka,South,Grocery,Grocery - Rice,Rice,2,730.97,0.0,1461.94,131.57,0.09,Cash,Hypermarket,Regular Shopper
ORD04850,2024-03-11,CUST1199,Indore,Madhya Pradesh,West,Electronics,Electronics - Earphones,Earphones,6,1445.7,0.02,8500.72,1530.13,0.18,Credit Card,Hypermarket,Budget Shopper
ORD04840,2024-03-11,CUST0183,Lucknow,Uttar Pradesh,North,Electronics,Electronics - Mixer,Mixer,6,895.74,0.05,5105.72,919.03,0.18,Wallet,Supermarket,Budget Shopper
ORD01880,2024-03-11,CUST0836,Noida,Uttar Pradesh,North,Personal Care,Personal Care - Toothpaste,Toothpaste,7,1521.04,0.0,10647.28,2129.46,0.2,Debit Card,Hypermarket,Regular Shopper
ORD03242,2024-03-11,CUST0557,Ahmedabad,Gujarat,West,Beverages,Beverages - Juice,Juice,1,968.15,0.08,890.7,124.7,0.14,Wallet,Hypermarket,Budget Shopper
ORD03895,2024-03-11,CUST0223,Warangal,Telangana,South,Grocery,Grocery - Biscuits,Biscuits,7,126.6,0.02,868.48,78.16,0.09,Cash,Hypermarket,Regular Shopper
ORD03758,2024-03-11,CUST1033,Indore,Madhya Pradesh,West,Grocery,Grocery - Biscuits,Biscuits,2,2014.84,0.0,4029.68,362.67,0.09,Wallet,Hypermarket,Regular Shopper
ORD04508,2024-03-11,CUST0616,Nashik,Maharashtra,West,Personal Care,Personal Care - Shampoo,Shampoo,4,2066.62,0.08,7605.16,1521.03,0.2,Cash,Supermarket,Regular Shopper
ORD02724,2024-03-11,CUST1011,Lucknow,Uttar Pradesh,North,Personal Care,Personal Care - Toothpaste,Toothpaste,1,1687.65,0.02,1653.9,330.78,0.2,Wallet,Supermarket,Budget Shopper
ORD02117,2024-03-11,CUST0656,Bengaluru,Karnataka,South,Grocery,Grocery - Rice,Rice,3,2250.51,0.1,6076.38,546.87,0.09,Cash,Hypermarket,Regular Shopper
ORD03709,2024-03-11,CUST0654,Bhopal,Madhya Pradesh,West,Grocery,Grocery - Rice,Rice,4,1664.43,0.08,6125.1,551.26,0.09,Debit Card,Supermarket,Budget Shopper
ORD03631,2024-03-12,CUST1130,Madurai,Tamil Nadu,South,Clothing,Clothing - Shirt,Shirt,5,736.55,0.05,3498.61,874.65,0.25,Debit Card,Hypermarket,Regular Shopper
ORD04876,2024-03-12,CUST0149,Thane,Maharashtra,West,Personal Care,Personal Care - Shampoo,Shampoo,7,2258.7,0.0,15810.9,3162.18,0.2,UPI,Hypermarket,Regular Shopper
ORD03076,2024-03-12,CUST0954,Bengaluru,Karnataka,South,Clothing,Clothing - T-Shirt,T-Shirt,4,1172.62,0.0,4690.48,1172.62,0.25,Wallet,Hypermarket,Regular Shopper
ORD01200,2024-03-12,CUST0674,Indore,Madhya Pradesh,West,Grocery,Grocery - Wheat Flour,Wheat Flour,5,2093.76,0.05,9945.36,895.08,0.09,UPI,Supermarket,Regular Shopper
ORD00255,2024-03-13,CUST0277,Kanpur,Uttar Pradesh,North,Clothing,Clothing - Kids Wear,Kids Wear,4,2135.53,0.1,7687.91,1921.98,0.25,UPI,Hypermarket,Premium Shopper
ORD03205,2024-03-13,CUST0647,Bhopal,Madhya Pradesh,West,Home Care,Home Care - Toilet Cleaner,Toilet Cleaner,6,376.46,0.25,1694.07,271.05,0.16,UPI,Supermarket,Premium Shopper
ORD03910,2024-03-13,CUST0731,Warangal,Telangana,South,Grocery,Grocery - Cooking Oil,Cooking Oil,3,1479.94,0.08,4084.63,367.62,0.09,Cash,Hypermarket,Regular Shopper
ORD03280,2024-03-13,CUST1058,Nashik,Maharashtra,West,Home Care,Home Care - Dishwash,Dishwash,6,1899.77,0.08,10486.73,1677.88,0.16,Cash,Supermarket,Budget Shopper
ORD01467,2024-03-13,CUST0301,Rajkot,Gujarat,West,Personal Care,Personal Care - Body Lotion,Body Lotion,5,456.41,0.2,1825.64,365.13,0.2,Wallet,Supermarket,Regular Shopper
ORD00407,2024-03-13,CUST0893,Jodhpur,Rajasthan,West,Clothing,Clothing - Socks,Socks,6,1081.93,0.05,6167.0,1541.75,0.25,Credit Card,Hypermarket,Budget Shopper
ORD00024,2024-03-13,CUST0563,Mysuru,Karnataka,South,Grocery,Grocery - Biscuits,Biscuits,3,2269.0,0.15,5785.95,520.74,0.09,UPI,Supermarket,Regular Shopper
ORD04739,2024-03-13,CUST0244,Kolkata,West Bengal,East,Beverages,Beverages - Juice,Juice,5,1886.06,0.15,8015.75,1122.2,0.14,UPI,Hypermarket,Regular Shopper
ORD00714,2024-03-13,CUST0664,Jaipur,Rajasthan,West,Home Care,Home Care - Tissue,Tissue,6,1406.03,0.1,7592.56,1214.81,0.16,UPI,Hypermarket,Premium Shopper
ORD02902,2024-03-14,CUST0540,Kanpur,Uttar Pradesh,North,Home Care,Home Care - Toilet Cleaner,Toilet Cleaner,2,135.62,0.02,265.82,42.53,0.16,Cash,Supermarket,Budget Shopper
ORD00408,2024-03-14,CUST0897,Vadodara,Gujarat,West,Grocery,Grocery - Rice,Rice,5,576.92,0.1,2596.14,233.65,0.09,UPI,Hypermarket,Regular Shopper
ORD04463,2024-03-14,CUST0388,Mangaluru,Karnataka,South,Clothing,Clothing - Shirt,Shirt,5,795.74,0.02,3899.13,974.78,0.25,Cash,Supermarket,Premium Shopper
ORD00475,2024-03-14,CUST0076,Nagpur,Maharashtra,West,Home Care,Home Care - Floor Cleaner,Floor Cleaner,4,710.72,0.1,2558.59,409.37,0.16,Debit Card,Supermarket,Regular Shopper
ORD04712,2024-03-15,CUST0267,Lucknow,Uttar Pradesh,North,Electronics,Electronics - Extension Board,Extension Board,3,374.61,0.05,1067.64,192.18,0.18,Wallet,Supermarket,Regular Shopper
ORD00810,2024-03-15,CUST1178,Warangal,Telangana,South,Home Care,Home Care - Floor Cleaner,Floor Cleaner,1,1668.45,0.1,1501.6,240.26,0.16,Wallet,Hypermarket,Budget Shopper
ORD00450,2024-03-15,CUST1044,Udaipur,Rajasthan,West,Grocery,Grocery - Rice,Rice,7,180.29,0.25,946.52,85.19,0.09,Debit Card,Supermarket,Budget Shopper
ORD01332,2024-03-15,CUST1147,Pune,Maharashtra,West,Clothing,Clothing - Socks,Socks,3,1622.94,0.05,4625.38,1156.35,0.25,Credit Card,Supermarket,Budget Shopper
ORD01149,2024-03-16,CUST0857,Nashik,Maharashtra,West,Personal Care,Personal Care - Body Lotion,Body Lotion,3,556.43,0.02,1635.9,327.18,0.2,UPI,Hypermarket,Budget Shopper
ORD04323,2024-03-16,CUST0763,Nashik,Maharashtra,West,Home Care,Home Care - Toilet Cleaner,Toilet Cleaner,1,2223.27,0.1,2000.94,320.15,0.16,UPI,Supermarket,Budget Shopper
ORD02404,2024-03-16,CUST0827,Coimbatore,Tamil Nadu,South,Beverages,Beverages - Juice,Juice,4,1586.87,0.1,5712.73,799.78,0.14,Debit Card,Supermarket,Regular Shopper
ORD00925,2024-03-16,CUST0220,Chennai,Tamil Nadu,South,Electronics,Electronics - Power Bank,Power Bank,2,2465.73,0.0,4931.46,887.66,0.18,Credit Card,Supermarket,Budget Shopper
ORD02220,2024-03-16,CUST0996,Jabalpur,Madhya Pradesh,West,Electronics,Electronics - Mixer,Mixer,4,765.35,0.05,2908.33,523.5,0.18,Credit Card,Supermarket,Budget Shopper
ORD02657,2024-03-17,CUST0838,Ahmedabad,Gujarat,West,Grocery,Grocery - Sugar,Sugar,6,2458.49,0.15,12538.3,1128.45,0.09,Wallet,Supermarket,Budget Shopper
ORD03436,2024-03-17,CUST1137,New Delhi,Delhi,North,Beverages,Beverages - Packaged Water,Packaged Water,5,2416.1,0.15,10268.42,1437.58,0.14,UPI,Hypermarket,Premium Shopper
ORD01455,2024-03-18,CUST1193,Madurai,Tamil Nadu,South,Grocery,Grocery - Cooking Oil,Cooking Oil,5,1411.07,0.15,5997.05,539.73,0.09,Credit Card,Hypermarket,Premium Shopper
ORD00314,2024-03-18,CUST0032,Nagpur,Maharashtra,West,Beverages,Beverages - Juice,Juice,6,701.79,0.1,3789.67,530.55,0.14,Debit Card,Supermarket,Budget Shopper
ORD04068,2024-03-18,CUST0006,Kanpur,Uttar Pradesh,North,Home Care,Home Care - Tissue,Tissue,2,2002.47,0.05,3804.69,608.75,0.16,Credit Card,Supermarket,Budget Shopper
ORD03167,2024-03-18,CUST0222,Ahmedabad,Gujarat,West,Grocery,Grocery - Biscuits,Biscuits,1,1037.23,0.05,985.37,88.68,0.09,Debit Card,Hypermarket,Regular Shopper
ORD01012,2024-03-19,CUST0722,Kolkata,West Bengal,East,Grocery,Grocery - Biscuits,Biscuits,1,504.62,0.1,454.16,40.87,0.09,UPI,Supermarket,Budget Shopper
ORD01065,2024-03-19,CUST1175,Warangal,Telangana,South,Personal Care,Personal Care - Soap,Soap,7,786.63,0.15,4680.45,936.09,0.2,UPI,Hypermarket,Budget Shopper
ORD02022,2024-03-19,CUST1059,Nashik,Maharashtra,West,Home Care,Home Care - Dishwash,Dishwash,7,319.85,0.1,2015.06,322.41,0.16,Debit Card,Hypermarket,Regular Shopper
ORD03064,2024-03-19,CUST0831,Kolkata,West Bengal,East,Personal Care,Personal Care - Soap,Soap,7,2482.84,0.15,14772.9,2954.58,0.2,Credit Card,Hypermarket,Budget Shopper
ORD01800,2024-03-20,CUST0628,Lucknow,Uttar Pradesh,North,Clothing,Clothing - T-Shirt,T-Shirt,5,2086.5,0.08,9597.9,2399.48,0.25,UPI,Hypermarket,Budget Shopper
ORD03108,2024-03-20,CUST0939,Warangal,Telangana,South,Grocery,Grocery - Cooking Oil,Cooking Oil,1,1697.71,0.05,1612.82,145.15,0.09,Wallet,Supermarket,Regular Shopper
ORD04638,2024-03-20,CUST0332,Nashik,Maharashtra,West,Clothing,Clothing - Shirt,Shirt,6,853.32,0.1,4607.93,1151.98,0.25,Wallet,Hypermarket,Regular Shopper
ORD03019,2024-03-20,CUST0636,Kolkata,West Bengal,East,Beverages,Beverages - Packaged Water,Packaged Water,7,269.92,0.05,1794.97,251.3,0.14,Cash,Hypermarket,Regular Shopper
ORD00502,2024-03-20,CUST0597,New Delhi,Delhi,North,Personal Care,Personal Care - Face Wash,Face Wash,3,1971.26,0.2,4731.02,946.2,0.2,Credit Card,Supermarket,Regular Shopper
ORD04305,2024-03-21,CUST0406,New Delhi,Delhi,North,Personal Care,Personal Care - Soap,Soap,1,1458.05,0.15,1239.34,247.87,0.2,Debit Card,Supermarket,Budget Shopper
ORD02852,2024-03-21,CUST0160,Mumbai,Maharashtra,West,Personal Care,Personal Care - Shampoo,Shampoo,7,634.31,0.0,4440.17,888.03,0.2,Credit Card,Supermarket,Budget Shopper
ORD03174,2024-03-21,CUST1032,Warangal,Telangana,South,Home Care,Home Care - Toilet Cleaner,Toilet Cleaner,2,681.91,0.15,1159.25,185.48,0.16,Debit Card,Hypermarket,Budget Shopper
ORD00982,2024-03-21,CUST0607,Coimbatore,Tamil Nadu,South,Personal Care,Personal Care - Toothpaste,Toothpaste,5,1041.62,0.15,4426.88,885.38,0.2,UPI,Supermarket,Regular Shopper
ORD02272,2024-03-21,CUST0836,Bhopal,Madhya Pradesh,West,Personal Care,Personal Care - Soap,Soap,3,871.46,0.02,2562.09,512.42,0.2,UPI,Supermarket,Budget Shopper
ORD01165,2024-03-21,CUST0141,New Delhi,Delhi,North,Beverages,Beverages - Juice,Juice,5,671.97,0.02,3292.65,460.97,0.14,Debit Card,Supermarket,Regular Shopper
ORD02860,2024-03-22,CUST0903,Udaipur,Rajasthan,West,Clothing,Clothing - Socks,Socks,3,1428.05,0.08,3941.42,985.36,0.25,Debit Card,Supermarket,Budget Shopper
ORD03135,2024-03-22,CUST1104,Mumbai,Maharashtra,West,Electronics,Electronics - Mixer,Mixer,5,997.15,0.02,4886.04,879.49,0.18,UPI,Hypermarket,Premium Shopper
ORD02028,2024-03-22,CUST0605,Bhopal,Madhya Pradesh,West,Personal Care,Personal Care - Soap,Soap,2,1231.97,0.2,1971.15,394.23,0.2,Credit Card,Supermarket,Premium Shopper
ORD04938,2024-03-22,CUST0426,Jodhpur,Rajasthan,West,Personal Care,Personal Care - Shampoo,Shampoo,6,493.51,0.05,2813.01,562.6,0.2,Credit Card,Hypermarket,Regular Shopper
ORD03017,2024-03-22,CUST1096,Bhopal,Madhya Pradesh,West,Home Care,Home Care - Floor Cleaner,Floor Cleaner,5,2473.56,0.02,12120.44,1939.27,0.16,Debit Card,Supermarket,Premium Shopper
ORD04189,2024-03-22,CUST0648,Pune,Maharashtra,West,Grocery,Grocery - Rice,Rice,3,1877.13,0.15,4786.68,430.8,0.09,Wallet,Hypermarket,Regular Shopper
ORD00757,2024-03-22,CUST0910,Jaipur,Rajasthan,West,Grocery,Grocery - Sugar,Sugar,5,584.77,0.05,2777.66,249.99,0.09,UPI,Hypermarket,Regular Shopper
ORD01896,2024-03-22,CUST0647,Chennai,Tamil Nadu,South,Grocery,Grocery - Wheat Flour,Wheat Flour,3,638.47,0.08,1762.18,158.6,0.09,Cash,Supermarket,Budget Shopper
ORD04205,2024-03-23,CUST0909,Vadodara,Gujarat,West,Beverages,Beverages - Soft Drink,Soft Drink,3,2308.45,0.25,5194.01,727.16,0.14,UPI,Supermarket,Regular Shopper
ORD04038,2024-03-23,CUST0854,Kolkata,West Bengal,East,Electronics,Electronics - Extension Board,Extension Board,5,1134.58,0.0,5672.9,1021.12,0.18,Credit Card,Hypermarket,Regular Shopper
ORD02186,2024-03-23,CUST0249,Chennai,Tamil Nadu,South,Home Care,Home Care - Floor Cleaner,Floor Cleaner,2,1539.37,0.08,2832.44,453.19,0.16,Wallet,Supermarket,Regular Shopper
ORD00126,2024-03-23,CUST0700,Mumbai,Maharashtra,West,Home Care,Home Care - Dishwash,Dishwash,3,1368.36,0.02,4022.98,643.68,0.16,Debit Card,Supermarket,Budget Shopper
ORD03288,2024-03-24,CUST0707,Bengaluru,Karnataka,South,Home Care,Home Care - Tissue,Tissue,6,1262.67,0.08,6969.94,1115.19,0.16,Cash,Supermarket,Budget Shopper
ORD00331,2024-03-24,CUST0284,Warangal,Telangana,South,Beverages,Beverages - Packaged Water,Packaged Water,4,77.87,0.2,249.18,34.89,0.14,UPI,Supermarket,Premium Shopper
ORD03865,2024-03-24,CUST0749,Jabalpur,Madhya Pradesh,West,Personal Care,Personal Care - Soap,Soap,6,380.53,0.02,2237.52,447.5,0.2,UPI,Supermarket,Premium Shopper
ORD00700,2024-03-24,CUST0481,Bhopal,Madhya Pradesh,West,Home Care,Home Care - Floor Cleaner,Floor Cleaner,4,1323.7,0.05,5030.06,804.81,0.16,Debit Card,Supermarket,Budget Shopper
ORD01151,2024-03-24,CUST0464,Bhopal,Madhya Pradesh,West,Home Care,Home Care - Dishwash,Dishwash,2,1891.08,0.05,3593.05,574.89,0.16,Debit Card,Hypermarket,Budget Shopper
ORD04796,2024-03-25,CUST0296,New Delhi,Delhi,North,Personal Care,Personal Care - Body Lotion,Body Lotion,7,140.37,0.08,903.98,180.8,0.2,Wallet,Hypermarket,Regular Shopper
ORD04774,2024-03-25,CUST0910,Hyderabad,Telangana,South,Personal Care,Personal Care - Shampoo,Shampoo,6,2206.26,0.15,11251.93,2250.39,0.2,Cash,Supermarket,Regular Shopper
ORD01132,2024-03-25,CUST0544,Lucknow,Uttar Pradesh,North,Personal Care,Personal Care - Body Lotion,Body Lotion,3,884.81,0.05,2521.71,504.34,0.2,Cash,Hypermarket,Budget Shopper
ORD01270,2024-03-25,CUST0217,New Delhi,Delhi,North,Home Care,Home Care - Detergent,Detergent,5,2030.39,0.1,9136.76,1461.88,0.16,Debit Card,Supermarket,Regular Shopper
ORD02421,2024-03-26,CUST0049,Jaipur,Rajasthan,West,Electronics,Electronics - Mixer,Mixer,5,1397.93,0.08,6430.48,1157.49,0.18,Debit Card,Hypermarket,Budget Shopper
ORD01796,2024-03-26,CUST0619,Vadodara,Gujarat,West,Clothing,Clothing - Kids Wear,Kids Wear,4,264.72,0.08,974.17,243.54,0.25,Debit Card,Supermarket,Budget Shopper
ORD00350,2024-03-26,CUST0305,Jodhpur,Rajasthan,West,Personal Care,Personal Care - Body Lotion,Body Lotion,1,542.62,0.2,434.1,86.82,0.2,UPI,Hypermarket,Regular Shopper
ORD04882,2024-03-26,CUST1096,Mysuru,Karnataka,South,Beverages,Beverages - Juice,Juice,5,731.74,0.08,3366.0,471.24,0.14,UPI,Supermarket,Regular Shopper
ORD01947,2024-03-27,CUST0796,Mysuru,Karnataka,South,Personal Care,Personal Care - Face Wash,Face Wash,6,1169.57,0.15,5964.81,1192.96,0.2,UPI,Hypermarket,Budget Shopper
ORD04872,2024-03-27,CUST0296,Bengaluru,Karnataka,South,Grocery,Grocery - Sugar,Sugar,4,1580.05,0.05,6004.19,540.38,0.09,Cash,Supermarket,Budget Shopper
ORD03254,2024-03-27,CUST0425,Jabalpur,Madhya Pradesh,West,Electronics,Electronics - Extension Board,Extension Board,6,1794.98,0.08,9908.29,1783.49,0.18,Credit Card,Supermarket,Premium Shopper
ORD02766,2024-03-27,CUST0716,Mysuru,Karnataka,South,Home Care,Home Care - Toilet Cleaner,Toilet Cleaner,3,1836.9,0.05,5235.17,837.63,0.16,UPI,Supermarket,Budget Shopper
ORD02686,2024-03-28,CUST0188,Jabalpur,Madhya Pradesh,West,Personal Care,Personal Care - Soap,Soap,3,2233.6,0.02,6566.78,1313.36,0.2,Cash,Supermarket,Regular Shopper
ORD01367,2024-03-28,CUST1142,Indore,Madhya Pradesh,West,Grocery,Grocery - Biscuits,Biscuits,5,1248.45,0.2,4993.8,449.44,0.09,UPI,Hypermarket,Regular Shopper
ORD00466,2024-03-28,CUST0416,Jaipur,Rajasthan,West,Personal Care,Personal Care - Body Lotion,Body Lotion,2,1526.72,0.05,2900.77,580.15,0.2,Debit Card,Supermarket,Regular Shopper
ORD01808,2024-03-28,CUST0624,Hyderabad,Telangana,South,Personal Care,Personal Care - Toothpaste,Toothpaste,7,737.66,0.1,4647.26,929.45,0.2,Credit Card,Hypermarket,Budget Shopper
ORD03043,2024-03-28,CUST0988,Warangal,Telangana,South,Beverages,Beverages - Coffee,Coffee,4,593.05,0.15,2016.37,282.29,0.14,Wallet,Supermarket,Regular Shopper
ORD02508,2024-03-28,CUST1064,Mysuru,Karnataka,South,Clothing,Clothing - Jeans,Jeans,2,1936.4,0.08,3562.98,890.74,0.25,Cash,Hypermarket,Budget Shopper
ORD02273,2024-03-29,CUST0845,Kanpur,Uttar Pradesh,North,Grocery,Grocery - Rice,Rice,6,2448.91,0.2,11754.77,1057.93,0.09,Debit Card,Supermarket,Regular Shopper
ORD03056,2024-03-29,CUST1083,Udaipur,Rajasthan,West,Personal Care,Personal Care - Soap,Soap,4,1081.78,0.02,4240.58,848.12,0.2,Cash,Supermarket,Regular Shopper
ORD00706,2024-03-29,CUST0892,Noida,Uttar Pradesh,North,Grocery,Grocery - Cooking Oil,Cooking Oil,4,2253.02,0.05,8561.48,770.53,0.09,Debit Card,Supermarket,Regular Shopper
ORD01253,2024-03-30,CUST0113,Udaipur,Rajasthan,West,Electronics,Electronics - Extension Board,Extension Board,7,302.28,0.1,1904.36,342.78,0.18,Credit Card,Hypermarket,Premium Shopper
ORD00159,2024-03-30,CUST0822,Kanpur,Uttar Pradesh,North,Personal Care,Personal Care - Toothpaste,Toothpaste,7,54.17,0.1,341.27,68.25,0.2,Credit Card,Hypermarket,Regular Shopper
ORD04985,2024-03-31,CUST0337,Mysuru,Karnataka,South,Home Care,Home Care - Tissue,Tissue,3,1914.21,0.1,5168.37,826.94,0.16,Credit Card,Hypermarket,Premium Shopper
ORD01073,2024-03-31,CUST0465,Warangal,Telangana,South,Clothing,Clothing - Kids Wear,Kids Wear,2,1245.14,0.08,2291.06,572.76,0.25,Debit Card,Supermarket,Budget Shopper
ORD01445,2024-03-31,CUST0098,Jodhpur,Rajasthan,West,Personal Care,Personal Care - Toothpaste,Toothpaste,2,2322.49,0.25,3483.73,696.75,0.2,Cash,Hypermarket,Premium Shopper
ORD04559,2024-03-31,CUST1051,Mumbai,Maharashtra,West,Home Care,Home Care - Floor Cleaner,Floor Cleaner,3,634.44,0.1,1712.99,274.08,0.16,UPI,Hypermarket,Budget Shopper
ORD01589,2024-03-31,CUST0041,Kanpur,Uttar Pradesh,North,Home Care,Home Care - Tissue,Tissue,6,1192.08,0.1,6437.23,1029.96,0.16,Wallet,Supermarket,Budget Shopper
ORD02887,2024-03-31,CUST0438,New Delhi,Delhi,North,Grocery,Grocery - Rice,Rice,2,2330.89,0.1,4195.6,377.6,0.09,Cash,Hypermarket,Budget Shopper
ORD04847,2024-03-31,CUST0739,Bengaluru,Karnataka,South,Beverages,Beverages - Tea,Tea,6,436.51,0.02,2566.68,359.34,0.14,Credit Card,Supermarket,Budget Shopper
ORD02013,2024-04-01,CUST0508,Kanpur,Uttar Pradesh,North,Grocery,Grocery - Biscuits,Biscuits,1,301.12,0.05,286.06,25.75,0.09,Cash,Hypermarket,Budget Shopper
ORD03368,2024-04-01,CUST0295,Indore,Madhya Pradesh,West,Electronics,Electronics - Mixer,Mixer,4,2282.01,0.25,6846.03,1232.29,0.18,Cash,Supermarket,Premium Shopper
ORD00813,2024-04-01,CUST0009,Hyderabad,Telangana,South,Home Care,Home Care - Tissue,Tissue,4,1775.92,0.1,6393.31,1022.93,0.16,Credit Card,Hypermarket,Regular Shopper
ORD02830,2024-04-01,CUST0542,Bhopal,Madhya Pradesh,West,Grocery,Grocery - Wheat Flour,Wheat Flour,4,2366.18,0.08,8707.54,783.68,0.09,Credit Card,Supermarket,Premium Shopper
ORD01777,2024-04-01,CUST0027,Pune,Maharashtra,West,Clothing,Clothing - Kids Wear,Kids Wear,7,2137.21,0.08,13763.63,3440.91,0.25,Debit Card,Supermarket,Regular Shopper
ORD02319,2024-04-01,CUST0225,Hyderabad,Telangana,South,Grocery,Grocery - Sugar,Sugar,1,1295.48,0.05,1230.71,110.76,0.09,Cash,Hypermarket,Regular Shopper
ORD04617,2024-04-01,CUST1054,Kolkata,West Bengal,East,Personal Care,Personal Care - Shampoo,Shampoo,3,1048.76,0.02,3083.35,616.67,0.2,UPI,Supermarket,Regular Shopper
ORD03008,2024-04-01,CUST0889,Chennai,Tamil Nadu,South,Grocery,Grocery - Sugar,Sugar,3,2109.61,0.05,6012.39,541.12,0.09,Cash,Supermarket,Premium Shopper
ORD03081,2024-04-02,CUST1063,Coimbatore,Tamil Nadu,South,Clothing,Clothing - T-Shirt,T-Shirt,1,1656.87,0.05,1574.03,393.51,0.25,Debit Card,Supermarket,Budget Shopper
ORD02765,2024-04-02,CUST0122,Jabalpur,Madhya Pradesh,West,Clothing,Clothing - Shirt,Shirt,6,473.77,0.05,2700.49,675.12,0.25,Credit Card,Hypermarket,Regular Shopper
ORD03196,2024-04-02,CUST0623,Indore,Madhya Pradesh,West,Electronics,Electronics - Extension Board,Extension Board,5,918.44,0.2,3673.76,661.28,0.18,Wallet,Supermarket,Budget Shopper
ORD01699,2024-04-02,CUST0809,New Delhi,Delhi,North,Electronics,Electronics - Power Bank,Power Bank,4,1004.96,0.1,3617.86,651.21,0.18,UPI,Supermarket,Budget Shopper
ORD02266,2024-04-03,CUST0041,New Delhi,Delhi,North,Beverages,Beverages - Packaged Water,Packaged Water,4,1421.77,0.2,4549.66,636.95,0.14,UPI,Supermarket,Regular Shopper
ORD03994,2024-04-03,CUST0279,Jodhpur,Rajasthan,West,Grocery,Grocery - Sugar,Sugar,4,1294.84,0.05,4920.39,442.84,0.09,Cash,Supermarket,Budget Shopper
ORD02969,2024-04-03,CUST0711,Kolkata,West Bengal,East,Clothing,Clothing - Socks,Socks,2,1482.81,0.1,2669.06,667.26,0.25,Credit Card,Hypermarket,Regular Shopper
ORD01161,2024-04-03,CUST0389,Surat,Gujarat,West,Electronics,Electronics - LED Bulb,LED Bulb,5,1992.23,0.08,9164.26,1649.57,0.18,UPI,Supermarket,Budget Shopper
ORD03964,2024-04-04,CUST0042,Mysuru,Karnataka,South,Personal Care,Personal Care - Toothpaste,Toothpaste,3,852.74,0.25,1918.67,383.73,0.2,UPI,Hypermarket,Regular Shopper
ORD01280,2024-04-04,CUST1090,Warangal,Telangana,South,Home Care,Home Care - Toilet Cleaner,Toilet Cleaner,5,2420.82,0.02,11862.02,1897.92,0.16,UPI,Supermarket,Premium Shopper
ORD02847,2024-04-04,CUST0429,New Delhi,Delhi,North,Home Care,Home Care - Floor Cleaner,Floor Cleaner,1,1840.28,0.2,1472.22,235.56,0.16,Debit Card,Hypermarket,Budget Shopper
ORD04881,2024-04-04,CUST0739,Kolkata,West Bengal,East,Electronics,Electronics - LED Bulb,LED Bulb,1,768.46,0.2,614.77,110.66,0.18,Credit Card,Hypermarket,Budget Shopper
ORD00989,2024-04-04,CUST0739,Vadodara,Gujarat,West,Home Care,Home Care - Floor Cleaner,Floor Cleaner,2,634.3,0.2,1014.88,162.38,0.16,Wallet,Supermarket,Budget Shopper
ORD00780,2024-04-05,CUST0410,Mumbai,Maharashtra,West,Home Care,Home Care - Detergent,Detergent,1,385.63,0.08,354.78,56.76,0.16,UPI,Supermarket,Premium Shopper
ORD02640,2024-04-05,CUST0183,Pune,Maharashtra,West,Personal Care,Personal Care - Shampoo,Shampoo,7,338.28,0.05,2249.56,449.91,0.2,UPI,Supermarket,Budget Shopper
ORD02099,2024-04-05,CUST0769,Udaipur,Rajasthan,West,Electronics,Electronics - Extension Board,Extension Board,4,2456.31,0.1,8842.72,1591.69,0.18,Debit Card,Hypermarket,Budget Shopper
ORD04403,2024-04-05,CUST0797,Hyderabad,Telangana,South,Grocery,Grocery - Cooking Oil,Cooking Oil,7,1508.71,0.2,8448.78,760.39,0.09,Cash,Supermarket,Budget Shopper
ORD00914,2024-04-05,CUST0325,Lucknow,Uttar Pradesh,North,Electronics,Electronics - Mixer,Mixer,6,1152.72,0.15,5878.87,1058.2,0.18,Wallet,Supermarket,Budget Shopper
ORD02378,2024-04-06,CUST0439,Indore,Madhya Pradesh,West,Grocery,Grocery - Cooking Oil,Cooking Oil,5,1800.81,0.02,8823.97,794.16,0.09,Cash,Hypermarket,Premium Shopper
ORD02541,2024-04-06,CUST0507,Indore,Madhya Pradesh,West,Grocery,Grocery - Cooking Oil,Cooking Oil,7,192.17,0.1,1210.67,108.96,0.09,Debit Card,Supermarket,Budget Shopper
ORD04605,2024-04-06,CUST0400,Mumbai,Maharashtra,West,Personal Care,Personal Care - Toothpaste,Toothpaste,1,2298.14,0.0,2298.14,459.63,0.2,Cash,Hypermarket,Premium Shopper
ORD00086,2024-04-06,CUST1053,Kolkata,West Bengal,East,Grocery,Grocery - Cooking Oil,Cooking Oil,6,2338.54,0.2,11224.99,1010.25,0.09,UPI,Supermarket,Budget Shopper
ORD03187,2024-04-06,CUST0895,Vadodara,Gujarat,West,Grocery,Grocery - Wheat Flour,Wheat Flour,6,351.24,0.0,2107.44,189.67,0.09,Wallet,Supermarket,Budget Shopper
ORD01519,2024-04-06,CUST0868,Mangaluru,Karnataka,South,Grocery,Grocery - Rice,Rice,5,614.7,0.1,2766.15,248.95,0.09,UPI,Supermarket,Regular Shopper
ORD03240,2024-04-06,CUST0452,Jodhpur,Rajasthan,West,Grocery,Grocery - Wheat Flour,Wheat Flour,6,322.97,0.1,1744.04,156.96,0.09,Credit Card,Supermarket,Budget Shopper
ORD00307,2024-04-06,CUST0405,Udaipur,Rajasthan,West,Clothing,Clothing - Socks,Socks,2,1959.7,0.2,3135.52,783.88,0.25,Credit Card,Supermarket,Budget Shopper
ORD00656,2024-04-07,CUST0677,Udaipur,Rajasthan,West,Grocery,Grocery - Cooking Oil,Cooking Oil,3,2205.18,0.0,6615.54,595.4,0.09,Credit Card,Supermarket,Budget Shopper
ORD04140,2024-04-07,CUST0434,Warangal,Telangana,South,Grocery,Grocery - Cooking Oil,Cooking Oil,7,1662.64,0.08,10707.4,963.67,0.09,Credit Card,Hypermarket,Regular Shopper
ORD02195,2024-04-07,CUST0903,Mangaluru,Karnataka,South,Electronics,Electronics - Earphones,Earphones,7,407.43,0.25,2139.01,385.02,0.18,UPI,Supermarket,Premium Shopper
ORD03367,2024-04-07,CUST1178,Hyderabad,Telangana,South,Personal Care,Personal Care - Face Wash,Face Wash,3,1345.62,0.1,3633.17,726.63,0.2,Wallet,Hypermarket,Budget Shopper
ORD02983,2024-04-07,CUST0566,Pune,Maharashtra,West,Clothing,Clothing - Shirt,Shirt,5,1065.08,0.2,4260.32,1065.08,0.25,Cash,Supermarket,Budget Shopper
ORD00746,2024-04-07,CUST0830,Jodhpur,Rajasthan,West,Electronics,Electronics - Extension Board,Extension Board,4,1198.21,0.0,4792.84,862.71,0.18,UPI,Supermarket,Budget Shopper
ORD01876,2024-04-07,CUST0842,Warangal,Telangana,South,Home Care,Home Care - Toilet Cleaner,Toilet Cleaner,2,1816.69,0.2,2906.7,465.07,0.16,Credit Card,Hypermarket,Regular Shopper
ORD00414,2024-04-07,CUST0880,Hyderabad,Telangana,South,Personal Care,Personal Care - Body Lotion,Body Lotion,4,1012.34,0.08,3725.41,745.08,0.2,Cash,Supermarket,Budget Shopper
ORD04678,2024-04-08,CUST1082,Kolkata,West Bengal,East,Grocery,Grocery - Sugar,Sugar,6,1404.48,0.08,7752.73,697.75,0.09,UPI,Hypermarket,Regular Shopper
ORD00918,2024-04-08,CUST1004,Thane,Maharashtra,West,Grocery,Grocery - Wheat Flour,Wheat Flour,7,205.05,0.05,1363.58,122.72,0.09,Wallet,Hypermarket,Budget Shopper
ORD02381,2024-04-08,CUST0471,Madurai,Tamil Nadu,South,Clothing,Clothing - Socks,Socks,5,1137.06,0.15,4832.5,1208.12,0.25,Cash,Supermarket,Budget Shopper
ORD04619,2024-04-08,CUST1064,Kanpur,Uttar Pradesh,North,Personal Care,Personal Care - Toothpaste,Toothpaste,3,697.75,0.2,1674.6,334.92,0.2,Wallet,Hypermarket,Regular Shopper
ORD03486,2024-04-08,CUST0318,Jodhpur,Rajasthan,West,Grocery,Grocery - Cooking Oil,Cooking Oil,7,2217.41,0.05,14745.78,1327.12,0.09,Wallet,Hypermarket,Regular Shopper
ORD01245,2024-04-08,CUST0136,Nashik,Maharashtra,West,Personal Care,Personal Care - Soap,Soap,3,1800.56,0.1,4861.51,972.3,0.2,Wallet,Hypermarket,Regular Shopper
ORD03779,2024-04-08,CUST0198,Warangal,Telangana,South,Home Care,Home Care - Dishwash,Dishwash,4,1928.07,0.08,7095.3,1135.25,0.16,Cash,Hypermarket,Budget Shopper
ORD00506,2024-04-08,CUST0318,Kolkata,West Bengal,East,Grocery,Grocery - Sugar,Sugar,2,612.29,0.05,1163.35,104.7,0.09,UPI,Hypermarket,Budget Shopper
ORD01355,2024-04-09,CUST0239,Mangaluru,Karnataka,South,Beverages,Beverages - Packaged Water,Packaged Water,3,2306.64,0.02,6781.52,949.41,0.14,Cash,Supermarket,Regular Shopper
ORD02180,2024-04-09,CUST0326,Jaipur,Rajasthan,West,Personal Care,Personal Care - Face Wash,Face Wash,6,1195.59,0.1,6456.19,1291.24,0.2,Cash,Hypermarket,Budget Shopper
ORD00344,2024-04-09,CUST0087,Mangaluru,Karnataka,South,Grocery,Grocery - Biscuits,Biscuits,3,888.16,0.08,2451.32,220.62,0.09,UPI,Hypermarket,Regular Shopper
ORD01727,2024-04-09,CUST0757,Hyderabad,Telangana,South,Personal Care,Personal Care - Face Wash,Face Wash,4,770.81,0.15,2620.75,524.15,0.2,Debit Card,Supermarket,Budget Shopper
ORD02039,2024-04-09,CUST1063,Surat,Gujarat,West,Personal Care,Personal Care - Face Wash,Face Wash,7,663.26,0.2,3714.26,742.85,0.2,Cash,Supermarket,Regular Shopper
ORD03642,2024-04-10,CUST0758,Chennai,Tamil Nadu,South,Personal Care,Personal Care - Face Wash,Face Wash,2,1041.86,0.25,1562.79,312.56,0.2,UPI,Supermarket,Budget Shopper
ORD00064,2024-04-10,CUST1029,Ahmedabad,Gujarat,West,Grocery,Grocery - Cooking Oil,Cooking Oil,5,725.33,0.0,3626.65,326.4,0.09,UPI,Hypermarket,Regular Shopper
ORD00181,2024-04-10,CUST0931,Madurai,Tamil Nadu,South,Grocery,Grocery - Wheat Flour,Wheat Flour,2,2395.01,0.1,4311.02,387.99,0.09,UPI,Supermarket,Budget Shopper
ORD00670,2024-04-10,CUST0105,Pune,Maharashtra,West,Personal Care,Personal Care - Toothpaste,Toothpaste,2,2112.64,0.0,4225.28,845.06,0.2,Debit Card,Hypermarket,Budget Shopper
ORD01704,2024-04-10,CUST1200,Warangal,Telangana,South,Grocery,Grocery - Biscuits,Biscuits,4,647.67,0.05,2461.15,221.5,0.09,Cash,Hypermarket,Regular Shopper
ORD01279,2024-04-10,CUST0470,New Delhi,Delhi,North,Grocery,Grocery - Sugar,Sugar,3,1722.35,0.0,5167.05,465.03,0.09,Debit Card,Hypermarket,Regular Shopper
ORD00858,2024-04-10,CUST0670,Jaipur,Rajasthan,West,Home Care,Home Care - Detergent,Detergent,5,1730.72,0.25,6490.2,1038.43,0.16,UPI,Hypermarket,Budget Shopper
ORD03806,2024-04-10,CUST0322,Lucknow,Uttar Pradesh,North,Beverages,Beverages - Packaged Water,Packaged Water,7,1137.42,0.08,7324.98,1025.5,0.14,Debit Card,Hypermarket,Premium Shopper
ORD04316,2024-04-11,CUST0423,Indore,Madhya Pradesh,West,Clothing,Clothing - Jeans,Jeans,1,120.0,0.02,117.6,29.4,0.25,Credit Card,Supermarket,Budget Shopper
ORD04011,2024-04-11,CUST0762,Warangal,Telangana,South,Beverages,Beverages - Coffee,Coffee,3,869.72,0.15,2217.79,310.49,0.14,Wallet,Hypermarket,Budget Shopper
ORD02998,2024-04-11,CUST0565,Udaipur,Rajasthan,West,Grocery,Grocery - Sugar,Sugar,4,1910.91,0.0,7643.64,687.93,0.09,Credit Card,Supermarket,Regular Shopper
ORD00491,2024-04-11,CUST0956,Indore,Madhya Pradesh,West,Grocery,Grocery - Cooking Oil,Cooking Oil,6,1327.58,0.15,6770.66,609.36,0.09,UPI,Supermarket,Regular Shopper
ORD01781,2024-04-11,CUST0420,Lucknow,Uttar Pradesh,North,Home Care,Home Care - Toilet Cleaner,Toilet Cleaner,2,1147.51,0.1,2065.52,330.48,0.16,Credit Card,Hypermarket,Premium Shopper
ORD03320,2024-04-11,CUST0270,Jodhpur,Rajasthan,West,Personal Care,Personal Care - Face Wash,Face Wash,1,2114.52,0.25,1585.89,317.18,0.2,Credit Card,Supermarket,Budget Shopper
ORD02156,2024-04-11,CUST0417,Surat,Gujarat,West,Grocery,Grocery - Wheat Flour,Wheat Flour,1,2214.62,0.05,2103.89,189.35,0.09,Debit Card,Hypermarket,Premium Shopper
ORD00438,2024-04-12,CUST0185,Kolkata,West Bengal,East,Grocery,Grocery - Biscuits,Biscuits,3,1765.4,0.1,4766.58,428.99,0.09,Credit Card,Supermarket,Regular Shopper
ORD03945,2024-04-12,CUST0335,Hyderabad,Telangana,South,Grocery,Grocery - Biscuits,Biscuits,4,1474.92,0.25,4424.76,398.23,0.09,Debit Card,Hypermarket,Budget Shopper
ORD00564,2024-04-12,CUST0868,Mysuru,Karnataka,South,Home Care,Home Care - Toilet Cleaner,Toilet Cleaner,5,1958.92,0.05,9304.87,1488.78,0.16,UPI,Supermarket,Budget Shopper
ORD01353,2024-04-12,CUST1174,Jaipur,Rajasthan,West,Home Care,Home Care - Tissue,Tissue,3,304.45,0.15,776.35,124.22,0.16,Credit Card,Supermarket,Budget Shopper
ORD01983,2024-04-12,CUST0373,Kolkata,West Bengal,East,Grocery,Grocery - Cooking Oil,Cooking Oil,6,519.8,0.02,3056.42,275.08,0.09,Debit Card,Supermarket,Budget Shopper
ORD03012,2024-04-13,CUST0333,Nagpur,Maharashtra,West,Clothing,Clothing - T-Shirt,T-Shirt,2,2048.73,0.05,3892.59,973.15,0.25,Debit Card,Hypermarket,Regular Shopper
ORD03331,2024-04-13,CUST0610,Vadodara,Gujarat,West,Grocery,Grocery - Wheat Flour,Wheat Flour,3,1260.16,0.1,3402.43,306.22,0.09,Cash,Supermarket,Regular Shopper
ORD01696,2024-04-13,CUST0833,New Delhi,Delhi,North,Personal Care,Personal Care - Body Lotion,Body Lotion,5,354.06,0.2,1416.24,283.25,0.2,Debit Card,Hypermarket,Regular Shopper
ORD03035,2024-04-13,CUST0407,Lucknow,Uttar Pradesh,North,Beverages,Beverages - Juice,Juice,5,1254.31,0.15,5330.82,746.31,0.14,UPI,Supermarket,Regular Shopper
ORD02275,2024-04-13,CUST0277,New Delhi,Delhi,North,Home Care,Home Care - Tissue,Tissue,5,165.27,0.08,760.24,121.64,0.16,Credit Card,Supermarket,Budget Shopper
ORD01973,2024-04-13,CUST1069,Kanpur,Uttar Pradesh,North,Electronics,Electronics - Extension Board,Extension Board,2,2245.41,0.02,4401.0,792.18,0.18,Cash,Supermarket,Regular Shopper
ORD01554,2024-04-14,CUST0044,Bhopal,Madhya Pradesh,West,Electronics,Electronics - Power Bank,Power Bank,5,1193.99,0.05,5671.45,1020.86,0.18,Wallet,Hypermarket,Budget Shopper
ORD04141,2024-04-14,CUST1196,Nashik,Maharashtra,West,Personal Care,Personal Care - Toothpaste,Toothpaste,7,471.23,0.1,2968.75,593.75,0.2,Debit Card,Supermarket,Budget Shopper
ORD00508,2024-04-14,CUST0582,Kolkata,West Bengal,East,Grocery,Grocery - Wheat Flour,Wheat Flour,4,1964.95,0.25,5894.85,530.54,0.09,Cash,Supermarket,Budget Shopper
ORD00278,2024-04-15,CUST1083,Hyderabad,Telangana,South,Clothing,Clothing - Kids Wear,Kids Wear,4,1812.81,0.08,6671.14,1667.78,0.25,Credit Card,Supermarket,Regular Shopper
ORD04153,2024-04-15,CUST0533,Mangaluru,Karnataka,South,Home Care,Home Care - Detergent,Detergent,6,2287.18,0.05,13036.93,2085.91,0.16,Wallet,Supermarket,Budget Shopper
ORD03452,2024-04-15,CUST0368,Udaipur,Rajasthan,West,Grocery,Grocery - Rice,Rice,3,1641.06,0.1,4430.86,398.78,0.09,Cash,Supermarket,Premium Shopper
ORD02312,2024-04-15,CUST0451,Chennai,Tamil Nadu,South,Beverages,Beverages - Coffee,Coffee,2,2245.61,0.0,4491.22,628.77,0.14,Debit Card,Hypermarket,Budget Shopper
ORD03687,2024-04-15,CUST0329,Udaipur,Rajasthan,West,Electronics,Electronics - Earphones,Earphones,2,1739.74,0.05,3305.51,594.99,0.18,Wallet,Supermarket,Budget Shopper
ORD00399,2024-04-16,CUST0968,Rajkot,Gujarat,West,Clothing,Clothing - Kids Wear,Kids Wear,4,956.37,0.05,3634.21,908.55,0.25,Debit Card,Hypermarket,Budget Shopper
ORD00807,2024-04-16,CUST0528,Kolkata,West Bengal,East,Personal Care,Personal Care - Toothpaste,Toothpaste,5,2330.48,0.1,10487.16,2097.43,0.2,UPI,Supermarket,Regular Shopper
ORD03867,2024-04-16,CUST0214,Coimbatore,Tamil Nadu,South,Clothing,Clothing - Jeans,Jeans,5,2298.33,0.05,10917.07,2729.27,0.25,Debit Card,Supermarket,Regular Shopper
ORD02750,2024-04-16,CUST0117,Jodhpur,Rajasthan,West,Clothing,Clothing - Socks,Socks,3,153.34,0.05,437.02,109.26,0.25,Cash,Hypermarket,Regular Shopper
ORD01813,2024-04-16,CUST0116,New Delhi,Delhi,North,Grocery,Grocery - Cooking Oil,Cooking Oil,2,1996.81,0.02,3913.75,352.24,0.09,UPI,Supermarket,Regular Shopper
ORD02825,2024-04-16,CUST0180,New Delhi,Delhi,North,Home Care,Home Care - Toilet Cleaner,Toilet Cleaner,3,1784.2,0.05,5084.97,813.6,0.16,Debit Card,Hypermarket,Budget Shopper
ORD02326,2024-04-17,CUST0901,Mangaluru,Karnataka,South,Grocery,Grocery - Rice,Rice,7,1583.62,0.0,11085.34,997.68,0.09,UPI,Supermarket,Regular Shopper
ORD02257,2024-04-18,CUST0624,Madurai,Tamil Nadu,South,Personal Care,Personal Care - Shampoo,Shampoo,7,1356.69,0.1,8547.15,1709.43,0.2,Cash,Supermarket,Budget Shopper
ORD00326,2024-04-18,CUST1106,Kolkata,West Bengal,East,Grocery,Grocery - Rice,Rice,1,1472.17,0.05,1398.56,125.87,0.09,Cash,Hypermarket,Budget Shopper
ORD00621,2024-04-18,CUST0643,Mysuru,Karnataka,South,Grocery,Grocery - Biscuits,Biscuits,6,970.66,0.02,5707.48,513.67,0.09,Credit Card,Supermarket,Budget Shopper
ORD04103,2024-04-18,CUST0310,Noida,Uttar Pradesh,North,Beverages,Beverages - Packaged Water,Packaged Water,2,2228.22,0.15,3787.97,530.32,0.14,Wallet,Supermarket,Regular Shopper
ORD01759,2024-04-18,CUST0698,Indore,Madhya Pradesh,West,Beverages,Beverages - Packaged Water,Packaged Water,5,1535.46,0.1,6909.57,967.34,0.14,Wallet,Supermarket,Premium Shopper
ORD04314,2024-04-18,CUST0639,Kolkata,West Bengal,East,Clothing,Clothing - T-Shirt,T-Shirt,3,98.59,0.1,266.19,66.55,0.25,Cash,Hypermarket,Premium Shopper
ORD02559,2024-04-19,CUST0369,Madurai,Tamil Nadu,South,Home Care,Home Care - Detergent,Detergent,3,1979.29,0.08,5462.84,874.05,0.16,UPI,Supermarket,Regular Shopper
ORD01215,2024-04-19,CUST0079,Mangaluru,Karnataka,South,Clothing,Clothing - Kids Wear,Kids Wear,7,2308.35,0.05,15350.53,3837.63,0.25,Credit Card,Hypermarket,Budget Shopper
ORD03655,2024-04-20,CUST0563,Bhopal,Madhya Pradesh,West,Electronics,Electronics - Earphones,Earphones,5,469.12,0.08,2157.95,388.43,0.18,Debit Card,Hypermarket,Regular Shopper
ORD01465,2024-04-20,CUST0709,Thane,Maharashtra,West,Grocery,Grocery - Sugar,Sugar,3,1864.49,0.1,5034.12,453.07,0.09,Credit Card,Hypermarket,Premium Shopper
ORD03724,2024-04-20,CUST0895,Thane,Maharashtra,West,Beverages,Beverages - Soft Drink,Soft Drink,1,2442.37,0.05,2320.25,324.84,0.14,Cash,Hypermarket,Regular Shopper
ORD02566,2024-04-20,CUST0259,Warangal,Telangana,South,Personal Care,Personal Care - Body Lotion,Body Lotion,2,591.59,0.15,1005.7,201.14,0.2,UPI,Hypermarket,Budget Shopper
ORD00684,2024-04-21,CUST0254,Kolkata,West Bengal,East,Personal Care,Personal Care - Toothpaste,Toothpaste,1,1474.35,0.1,1326.92,265.38,0.2,Wallet,Hypermarket,Premium Shopper
ORD01707,2024-04-21,CUST0969,Warangal,Telangana,South,Grocery,Grocery - Rice,Rice,1,117.24,0.08,107.86,9.71,0.09,UPI,Hypermarket,Regular Shopper
ORD01713,2024-04-22,CUST0606,Bengaluru,Karnataka,South,Beverages,Beverages - Juice,Juice,2,2369.13,0.0,4738.26,663.36,0.14,Debit Card,Hypermarket,Regular Shopper
ORD01587,2024-04-22,CUST0916,Udaipur,Rajasthan,West,Personal Care,Personal Care - Body Lotion,Body Lotion,7,1301.36,0.15,7743.09,1548.62,0.2,Debit Card,Supermarket,Budget Shopper
ORD03116,2024-04-22,CUST0486,Warangal,Telangana,South,Grocery,Grocery - Wheat Flour,Wheat Flour,5,1617.55,0.08,7440.73,669.67,0.09,UPI,Supermarket,Budget Shopper
ORD02468,2024-04-22,CUST0848,New Delhi,Delhi,North,Clothing,Clothing - Socks,Socks,6,1983.81,0.05,11307.72,2826.93,0.25,Cash,Hypermarket,Budget Shopper
ORD01936,2024-04-23,CUST0644,Chennai,Tamil Nadu,South,Personal Care,Personal Care - Face Wash,Face Wash,1,2460.22,0.0,2460.22,492.04,0.2,Wallet,Supermarket,Budget Shopper
ORD01659,2024-04-23,CUST0905,New Delhi,Delhi,North,Home Care,Home Care - Detergent,Detergent,4,1399.67,0.1,5038.81,806.21,0.16,Wallet,Supermarket,Budget Shopper
ORD01841,2024-04-23,CUST0217,Bhopal,Madhya Pradesh,West,Personal Care,Personal Care - Soap,Soap,5,2219.61,0.1,9988.25,1997.65,0.2,UPI,Hypermarket,Budget Shopper
ORD03986,2024-04-23,CUST0664,Jabalpur,Madhya Pradesh,West,Electronics,Electronics - LED Bulb,LED Bulb,3,1226.86,0.15,3128.49,563.13,0.18,UPI,Supermarket,Regular Shopper
ORD00258,2024-04-23,CUST1007,Bengaluru,Karnataka,South,Personal Care,Personal Care - Soap,Soap,3,1987.63,0.05,5664.75,1132.95,0.2,Wallet,Supermarket,Budget Shopper
ORD00993,2024-04-23,CUST0279,Coimbatore,Tamil Nadu,South,Beverages,Beverages - Coffee,Coffee,5,2196.64,0.15,9335.72,1307.0,0.14,Debit Card,Supermarket,Budget Shopper
ORD01469,2024-04-23,CUST0317,New Delhi,Delhi,North,Clothing,Clothing - Jeans,Jeans,1,1655.78,0.2,1324.62,331.16,0.25,Credit Card,Supermarket,Premium Shopper
ORD04668,2024-04-23,CUST0621,Rajkot,Gujarat,West,Grocery,Grocery - Sugar,Sugar,3,2265.05,0.05,6455.39,580.99,0.09,Cash,Supermarket,Budget Shopper
ORD00357,2024-04-24,CUST0807,Lucknow,Uttar Pradesh,North,Personal Care,Personal Care - Body Lotion,Body Lotion,1,1314.3,0.0,1314.3,262.86,0.2,Debit Card,Supermarket,Regular Shopper
ORD03551,2024-04-24,CUST0884,Warangal,Telangana,South,Clothing,Clothing - Jeans,Jeans,6,2309.08,0.15,11776.31,2944.08,0.25,Cash,Supermarket,Budget Shopper
ORD00453,2024-04-24,CUST1099,Bhopal,Madhya Pradesh,West,Beverages,Beverages - Coffee,Coffee,6,1900.38,0.05,10832.17,1516.5,0.14,Cash,Supermarket,Regular Shopper
ORD04120,2024-04-25,CUST0141,Noida,Uttar Pradesh,North,Personal Care,Personal Care - Soap,Soap,1,1997.41,0.1,1797.67,359.53,0.2,UPI,Supermarket,Regular Shopper
ORD02019,2024-04-25,CUST0367,Nagpur,Maharashtra,West,Personal Care,Personal Care - Soap,Soap,3,1940.77,0.2,4657.85,931.57,0.2,UPI,Hypermarket,Regular Shopper
ORD03621,2024-04-25,CUST0070,New Delhi,Delhi,North,Electronics,Electronics - Extension Board,Extension Board,7,1323.51,0.05,8801.34,1584.24,0.18,Wallet,Hypermarket,Budget Shopper
ORD02972,2024-04-25,CUST0751,Coimbatore,Tamil Nadu,South,Grocery,Grocery - Biscuits,Biscuits,3,425.95,0.15,1086.17,97.76,0.09,Debit Card,Supermarket,Premium Shopper
ORD00766,2024-04-26,CUST0118,Bengaluru,Karnataka,South,Grocery,Grocery - Biscuits,Biscuits,6,705.06,0.08,3891.93,350.27,0.09,Cash,Hypermarket,Regular Shopper
ORD02895,2024-04-26,CUST0509,Vadodara,Gujarat,West,Beverages,Beverages - Soft Drink,Soft Drink,7,716.42,0.25,3761.2,526.57,0.14,Cash,Supermarket,Premium Shopper
ORD02520,2024-04-26,CUST0579,Coimbatore,Tamil Nadu,South,Home Care,Home Care - Floor Cleaner,Floor Cleaner,6,664.26,0.2,3188.45,510.15,0.16,UPI,Hypermarket,Regular Shopper
ORD01452,2024-04-26,CUST0622,Rajkot,Gujarat,West,Beverages,Beverages - Coffee,Coffee,6,1943.86,0.05,11080.0,1551.2,0.14,UPI,Supermarket,Premium Shopper
ORD00658,2024-04-27,CUST0905,Jodhpur,Rajasthan,West,Personal Care,Personal Care - Soap,Soap,4,470.21,0.08,1730.37,346.07,0.2,Wallet,Hypermarket,Budget Shopper
ORD00476,2024-04-27,CUST0127,Thane,Maharashtra,West,Home Care,Home Care - Dishwash,Dishwash,6,1170.73,0.08,6462.43,1033.99,0.16,Cash,Supermarket,Budget Shopper
ORD02368,2024-04-27,CUST0111,Mysuru,Karnataka,South,Beverages,Beverages - Tea,Tea,2,1797.67,0.02,3523.43,493.28,0.14,Debit Card,Hypermarket,Budget Shopper
ORD04139,2024-04-27,CUST0195,Bhopal,Madhya Pradesh,West,Electronics,Electronics - Extension Board,Extension Board,4,1778.12,0.08,6543.48,1177.83,0.18,UPI,Hypermarket,Premium Shopper
ORD03105,2024-04-27,CUST0518,Ahmedabad,Gujarat,West,Home Care,Home Care - Dishwash,Dishwash,4,2134.06,0.05,8109.43,1297.51,0.16,Debit Card,Hypermarket,Premium Shopper
ORD03772,2024-04-28,CUST0953,Noida,Uttar Pradesh,North,Beverages,Beverages - Tea,Tea,6,84.22,0.1,454.79,63.67,0.14,Debit Card,Supermarket,Regular Shopper
ORD00608,2024-04-28,CUST0540,Kolkata,West Bengal,East,Personal Care,Personal Care - Soap,Soap,3,2282.99,0.1,6164.07,1232.81,0.2,UPI,Supermarket,Regular Shopper
ORD02482,2024-04-28,CUST0566,New Delhi,Delhi,North,Home Care,Home Care - Dishwash,Dishwash,5,366.06,0.08,1683.88,269.42,0.16,Cash,Supermarket,Budget Shopper
ORD02931,2024-04-28,CUST0074,Noida,Uttar Pradesh,North,Beverages,Beverages - Juice,Juice,6,1317.66,0.25,5929.47,830.13,0.14,Credit Card,Hypermarket,Budget Shopper
ORD00277,2024-04-28,CUST1034,Udaipur,Rajasthan,West,Clothing,Clothing - Jeans,Jeans,4,1576.97,0.1,5677.09,1419.27,0.25,Credit Card,Supermarket,Regular Shopper
ORD01531,2024-04-29,CUST0649,New Delhi,Delhi,North,Home Care,Home Care - Detergent,Detergent,2,1426.89,0.08,2625.48,420.08,0.16,Debit Card,Supermarket,Budget Shopper
ORD04707,2024-04-29,CUST0948,Coimbatore,Tamil Nadu,South,Grocery,Grocery - Wheat Flour,Wheat Flour,5,1152.1,0.2,4608.4,414.76,0.09,Credit Card,Hypermarket,Regular Shopper
ORD02325,2024-04-29,CUST0086,Noida,Uttar Pradesh,North,Grocery,Grocery - Biscuits,Biscuits,1,2147.27,0.25,1610.45,144.94,0.09,Cash,Supermarket,Budget Shopper
ORD00187,2024-04-29,CUST1087,Warangal,Telangana,South,Clothing,Clothing - Jeans,Jeans,6,2221.05,0.1,11993.67,2998.42,0.25,Debit Card,Hypermarket,Regular Shopper
ORD02094,2024-04-30,CUST0547,Hyderabad,Telangana,South,Home Care,Home Care - Tissue,Tissue,3,210.46,0.2,505.1,80.82,0.16,Credit Card,Hypermarket,Regular Shopper
ORD03778,2024-04-30,CUST0119,Bengaluru,Karnataka,South,Grocery,Grocery - Biscuits,Biscuits,7,245.66,0.2,1375.7,123.81,0.09,Debit Card,Supermarket,Budget Shopper
ORD00569,2024-04-30,CUST0916,New Delhi,Delhi,North,Electronics,Electronics - Mixer,Mixer,4,725.59,0.05,2757.24,496.3,0.18,Wallet,Supermarket,Budget Shopper
ORD03523,2024-04-30,CUST0426,Warangal,Telangana,South,Grocery,Grocery - Sugar,Sugar,7,2279.27,0.08,14678.5,1321.06,0.09,UPI,Hypermarket,Regular Shopper
ORD02535,2024-04-30,CUST0094,Udaipur,Rajasthan,West,Clothing,Clothing - Jeans,Jeans,6,280.17,0.02,1647.4,411.85,0.25,Debit Card,Hypermarket,Budget Shopper
ORD03407,2024-05-01,CUST0706,Nashik,Maharashtra,West,Home Care,Home Care - Tissue,Tissue,6,2377.15,0.08,13121.87,2099.5,0.16,UPI,Supermarket,Budget Shopper
ORD03429,2024-05-01,CUST1117,New Delhi,Delhi,North,Beverages,Beverages - Coffee,Coffee,3,1409.47,0.1,3805.57,532.78,0.14,UPI,Hypermarket,Budget Shopper
ORD02767,2024-05-01,CUST1004,Mumbai,Maharashtra,West,Beverages,Beverages - Juice,Juice,1,73.2,0.2,58.56,8.2,0.14,Credit Card,Hypermarket,Budget Shopper
ORD01256,2024-05-01,CUST0162,Kolkata,West Bengal,East,Grocery,Grocery - Cooking Oil,Cooking Oil,5,553.74,0.1,2491.83,224.26,0.09,Credit Card,Hypermarket,Regular Shopper
ORD01386,2024-05-01,CUST0942,Vadodara,Gujarat,West,Personal Care,Personal Care - Toothpaste,Toothpaste,1,624.55,0.02,612.06,122.41,0.2,Wallet,Supermarket,Budget Shopper
ORD03455,2024-05-01,CUST0541,Jodhpur,Rajasthan,West,Clothing,Clothing - Jeans,Jeans,4,1398.63,0.05,5314.79,1328.7,0.25,Wallet,Hypermarket,Budget Shopper
ORD04761,2024-05-02,CUST0440,Kolkata,West Bengal,East,Personal Care,Personal Care - Face Wash,Face Wash,4,1368.03,0.1,4924.91,984.98,0.2,Debit Card,Supermarket,Budget Shopper
ORD03967,2024-05-02,CUST0078,Jaipur,Rajasthan,West,Electronics,Electronics - Mixer,Mixer,7,83.0,0.1,522.9,94.12,0.18,Debit Card,Supermarket,Premium Shopper
ORD00500,2024-05-02,CUST0984,Udaipur,Rajasthan,West,Grocery,Grocery - Biscuits,Biscuits,6,1007.08,0.2,4833.98,435.06,0.09,Wallet,Hypermarket,Budget Shopper
ORD02914,2024-05-03,CUST0215,Warangal,Telangana,South,Beverages,Beverages - Tea,Tea,3,1176.52,0.08,3247.2,454.61,0.14,UPI,Supermarket,Regular Shopper
ORD04858,2024-05-03,CUST0840,Madurai,Tamil Nadu,South,Electronics,Electronics - Mixer,Mixer,2,279.19,0.05,530.46,95.48,0.18,UPI,Hypermarket,Budget Shopper
ORD04660,2024-05-03,CUST0680,Bhopal,Madhya Pradesh,West,Grocery,Grocery - Wheat Flour,Wheat Flour,2,1119.9,0.08,2060.62,185.46,0.09,Debit Card,Supermarket,Budget Shopper
ORD03025,2024-05-04,CUST0971,Jodhpur,Rajasthan,West,Personal Care,Personal Care - Body Lotion,Body Lotion,6,295.41,0.02,1737.01,347.4,0.2,UPI,Supermarket,Premium Shopper
ORD00337,2024-05-04,CUST0494,Udaipur,Rajasthan,West,Personal Care,Personal Care - Toothpaste,Toothpaste,5,1091.64,0.1,4912.38,982.48,0.2,UPI,Hypermarket,Budget Shopper
ORD04416,2024-05-05,CUST0377,Chennai,Tamil Nadu,South,Clothing,Clothing - T-Shirt,T-Shirt,1,1482.07,0.25,1111.55,277.89,0.25,Debit Card,Supermarket,Budget Shopper
ORD03628,2024-05-05,CUST0072,Surat,Gujarat,West,Beverages,Beverages - Soft Drink,Soft Drink,5,615.95,0.02,3018.16,422.54,0.14,Debit Card,Hypermarket,Regular Shopper
ORD02868,2024-05-05,CUST0544,Bhopal,Madhya Pradesh,West,Grocery,Grocery - Cooking Oil,Cooking Oil,5,154.2,0.02,755.58,68.0,0.09,Cash,Hypermarket,Budget Shopper
ORD02192,2024-05-05,CUST0558,Coimbatore,Tamil Nadu,South,Grocery,Grocery - Biscuits,Biscuits,7,1966.88,0.08,12666.71,1140.0,0.09,Wallet,Hypermarket,Regular Shopper
ORD01314,2024-05-05,CUST0241,Indore,Madhya Pradesh,West,Beverages,Beverages - Tea,Tea,5,1034.32,0.25,3878.7,543.02,0.14,Credit Card,Supermarket,Budget Shopper
ORD02816,2024-05-06,CUST0936,Bengaluru,Karnataka,South,Grocery,Grocery - Biscuits,Biscuits,7,2374.61,0.08,15292.49,1376.32,0.09,Cash,Hypermarket,Regular Shopper
ORD01568,2024-05-06,CUST0319,New Delhi,Delhi,North,Home Care,Home Care - Floor Cleaner,Floor Cleaner,4,1231.26,0.15,4186.28,669.8,0.16,UPI,Hypermarket,Budget Shopper
ORD02947,2024-05-06,CUST1092,Coimbatore,Tamil Nadu,South,Home Care,Home Care - Dishwash,Dishwash,7,2486.74,0.2,13925.74,2228.12,0.16,Debit Card,Hypermarket,Budget Shopper
ORD02336,2024-05-06,CUST0093,Bengaluru,Karnataka,South,Grocery,Grocery - Biscuits,Biscuits,5,1183.9,0.15,5031.58,452.84,0.09,Wallet,Hypermarket,Budget Shopper
ORD00893,2024-05-06,CUST0570,Udaipur,Rajasthan,West,Clothing,Clothing - Shirt,Shirt,4,185.69,0.02,727.9,181.98,0.25,UPI,Supermarket,Regular Shopper
ORD01205,2024-05-06,CUST0275,Lucknow,Uttar Pradesh,North,Grocery,Grocery - Rice,Rice,6,871.83,0.1,4707.88,423.71,0.09,Cash,Hypermarket,Budget Shopper
ORD02083,2024-05-06,CUST0895,Jodhpur,Rajasthan,West,Personal Care,Personal Care - Soap,Soap,1,1451.25,0.0,1451.25,290.25,0.2,Cash,Hypermarket,Budget Shopper
ORD00244,2024-05-06,CUST0854,Jodhpur,Rajasthan,West,Clothing,Clothing - Shirt,Shirt,2,2378.31,0.08,4376.09,1094.02,0.25,UPI,Hypermarket,Budget Shopper
ORD03489,2024-05-07,CUST0666,Jodhpur,Rajasthan,West,Grocery,Grocery - Rice,Rice,5,1907.32,0.08,8773.67,789.63,0.09,Cash,Supermarket,Regular Shopper
ORD00588,2024-05-07,CUST0693,Madurai,Tamil Nadu,South,Electronics,Electronics - Earphones,Earphones,2,1539.82,0.02,3018.05,543.25,0.18,Wallet,Hypermarket,Regular Shopper
ORD01538,2024-05-07,CUST0032,Madurai,Tamil Nadu,South,Clothing,Clothing - Jeans,Jeans,3,2115.96,0.08,5840.05,1460.01,0.25,Wallet,Hypermarket,Budget Shopper
ORD02741,2024-05-08,CUST0627,Nashik,Maharashtra,West,Beverages,Beverages - Packaged Water,Packaged Water,2,1141.05,0.2,1825.68,255.6,0.14,Wallet,Supermarket,Regular Shopper
ORD01894,2024-05-08,CUST1053,Kolkata,West Bengal,East,Grocery,Grocery - Wheat Flour,Wheat Flour,4,925.19,0.1,3330.68,299.76,0.09,Debit Card,Hypermarket,Regular Shopper
ORD01120,2024-05-08,CUST0994,Udaipur,Rajasthan,West,Clothing,Clothing - T-Shirt,T-Shirt,5,659.4,0.1,2967.3,741.82,0.25,Wallet,Hypermarket,Budget Shopper
ORD03731,2024-05-08,CUST0748,New Delhi,Delhi,North,Home Care,Home Care - Dishwash,Dishwash,6,1876.24,0.08,10356.84,1657.09,0.16,Debit Card,Supermarket,Budget Shopper
ORD03322,2024-05-08,CUST1077,Ahmedabad,Gujarat,West,Clothing,Clothing - Socks,Socks,3,936.6,0.05,2669.31,667.33,0.25,Credit Card,Supermarket,Budget Shopper
ORD00578,2024-05-08,CUST0713,Jabalpur,Madhya Pradesh,West,Beverages,Beverages - Tea,Tea,3,346.08,0.2,830.59,116.28,0.14,Wallet,Supermarket,Budget Shopper
ORD01619,2024-05-08,CUST0058,Kolkata,West Bengal,East,Grocery,Grocery - Sugar,Sugar,7,910.52,0.05,6054.96,544.95,0.09,Credit Card,Supermarket,Regular Shopper
ORD00398,2024-05-08,CUST0700,Warangal,Telangana,South,Home Care,Home Care - Detergent,Detergent,4,1994.42,0.05,7578.8,1212.61,0.16,Debit Card,Supermarket,Budget Shopper
ORD04074,2024-05-08,CUST0569,Mysuru,Karnataka,South,Grocery,Grocery - Wheat Flour,Wheat Flour,5,2287.31,0.08,10521.63,946.95,0.09,Wallet,Hypermarket,Budget Shopper
ORD00422,2024-05-09,CUST0368,Jodhpur,Rajasthan,West,Clothing,Clothing - Jeans,Jeans,6,1902.92,0.1,10275.77,2568.94,0.25,Credit Card,Supermarket,Budget Shopper
ORD04008,2024-05-09,CUST0946,Lucknow,Uttar Pradesh,North,Beverages,Beverages - Soft Drink,Soft Drink,7,479.1,0.08,3085.4,431.96,0.14,UPI,Hypermarket,Budget Shopper
ORD01645,2024-05-09,CUST0034,New Delhi,Delhi,North,Clothing,Clothing - T-Shirt,T-Shirt,6,1150.12,0.15,5865.61,1466.4,0.25,Wallet,Hypermarket,Regular Shopper
ORD01975,2024-05-10,CUST1077,Warangal,Telangana,South,Electronics,Electronics - Power Bank,Power Bank,2,2033.61,0.25,3050.42,549.08,0.18,UPI,Hypermarket,Budget Shopper
ORD03787,2024-05-10,CUST0015,Coimbatore,Tamil Nadu,South,Grocery,Grocery - Cooking Oil,Cooking Oil,1,1498.87,0.2,1199.1,107.92,0.09,Credit Card,Supermarket,Budget Shopper
ORD00263,2024-05-11,CUST0762,Mysuru,Karnataka,South,Clothing,Clothing - Socks,Socks,7,1288.32,0.05,8567.33,2141.83,0.25,Cash,Hypermarket,Regular Shopper
ORD00160,2024-05-11,CUST0736,Bengaluru,Karnataka,South,Personal Care,Personal Care - Shampoo,Shampoo,6,1133.27,0.0,6799.62,1359.92,0.2,Debit Card,Supermarket,Regular Shopper
ORD02610,2024-05-11,CUST0968,Mangaluru,Karnataka,South,Grocery,Grocery - Wheat Flour,Wheat Flour,2,1838.0,0.15,3124.6,281.21,0.09,UPI,Hypermarket,Budget Shopper
ORD01231,2024-05-11,CUST0897,Pune,Maharashtra,West,Grocery,Grocery - Biscuits,Biscuits,4,2215.86,0.08,8154.36,733.89,0.09,Credit Card,Supermarket,Premium Shopper
ORD03362,2024-05-11,CUST0300,Kolkata,West Bengal,East,Personal Care,Personal Care - Soap,Soap,7,1027.18,0.05,6830.75,1366.15,0.2,Wallet,Hypermarket,Budget Shopper
ORD01435,2024-05-12,CUST0731,Coimbatore,Tamil Nadu,South,Grocery,Grocery - Cooking Oil,Cooking Oil,5,2000.4,0.02,9801.96,882.18,0.09,Credit Card,Hypermarket,Regular Shopper
ORD01533,2024-05-12,CUST0859,New Delhi,Delhi,North,Beverages,Beverages - Juice,Juice,7,365.42,0.08,2353.3,329.46,0.14,UPI,Hypermarket,Regular Shopper
ORD02675,2024-05-12,CUST1159,Mysuru,Karnataka,South,Electronics,Electronics - Power Bank,Power Bank,6,328.66,0.1,1774.76,319.46,0.18,UPI,Hypermarket,Regular Shopper
ORD03675,2024-05-12,CUST0024,Hyderabad,Telangana,South,Grocery,Grocery - Wheat Flour,Wheat Flour,6,1648.1,0.02,9690.83,872.17,0.09,Wallet,Supermarket,Budget Shopper
ORD04870,2024-05-13,CUST1154,Jodhpur,Rajasthan,West,Clothing,Clothing - Shirt,Shirt,1,351.48,0.0,351.48,87.87,0.25,Wallet,Supermarket,Regular Shopper
ORD03294,2024-05-13,CUST1022,Bhopal,Madhya Pradesh,West,Personal Care,Personal Care - Soap,Soap,6,912.61,0.08,5037.61,1007.52,0.2,Cash,Hypermarket,Budget Shopper
ORD00303,2024-05-13,CUST0546,Kolkata,West Bengal,East,Electronics,Electronics - Power Bank,Power Bank,1,1256.9,0.15,1068.36,192.3,0.18,UPI,Hypermarket,Budget Shopper
ORD03752,2024-05-13,CUST0623,New Delhi,Delhi,North,Grocery,Grocery - Rice,Rice,5,1440.17,0.15,6120.72,550.86,0.09,Cash,Hypermarket,Premium Shopper
ORD04697,2024-05-13,CUST0906,Kolkata,West Bengal,East,Personal Care,Personal Care - Face Wash,Face Wash,1,1416.38,0.1,1274.74,254.95,0.2,Debit Card,Hypermarket,Premium Shopper
ORD04934,2024-05-13,CUST1140,Ahmedabad,Gujarat,West,Personal Care,Personal Care - Face Wash,Face Wash,3,1402.36,0.25,3155.31,631.06,0.2,Debit Card,Supermarket,Budget Shopper
ORD00366,2024-05-13,CUST0917,Nagpur,Maharashtra,West,Grocery,Grocery - Cooking Oil,Cooking Oil,6,1038.79,0.05,5921.1,532.9,0.09,Wallet,Hypermarket,Budget Shopper
ORD01999,2024-05-14,CUST0995,Jaipur,Rajasthan,West,Home Care,Home Care - Floor Cleaner,Floor Cleaner,6,670.36,0.08,3700.39,592.06,0.16,UPI,Hypermarket,Premium Shopper
ORD04976,2024-05-14,CUST1031,Udaipur,Rajasthan,West,Electronics,Electronics - Extension Board,Extension Board,4,1918.74,0.05,7291.21,1312.42,0.18,Credit Card,Supermarket,Regular Shopper
ORD02666,2024-05-14,CUST0800,Bengaluru,Karnataka,South,Electronics,Electronics - Mixer,Mixer,7,1122.61,0.2,6286.62,1131.59,0.18,Cash,Supermarket,Budget Shopper
ORD04123,2024-05-14,CUST0753,Kolkata,West Bengal,East,Electronics,Electronics - Power Bank,Power Bank,4,2484.47,0.05,9440.99,1699.38,0.18,Wallet,Hypermarket,Regular Shopper
ORD03759,2024-05-15,CUST0450,Pune,Maharashtra,West,Personal Care,Personal Care - Toothpaste,Toothpaste,7,977.93,0.25,5134.13,1026.83,0.2,Debit Card,Supermarket,Regular Shopper
ORD02837,2024-05-15,CUST0841,Kolkata,West Bengal,East,Personal Care,Personal Care - Face Wash,Face Wash,3,1707.65,0.15,4354.51,870.9,0.2,UPI,Hypermarket,Regular Shopper
ORD04953,2024-05-15,CUST0796,Kolkata,West Bengal,East,Beverages,Beverages - Packaged Water,Packaged Water,4,182.31,0.2,583.39,81.67,0.14,Debit Card,Supermarket,Regular Shopper
ORD04053,2024-05-15,CUST1120,Nagpur,Maharashtra,West,Grocery,Grocery - Rice,Rice,4,2408.82,0.08,8864.46,797.8,0.09,Wallet,Supermarket,Budget Shopper
ORD03397,2024-05-15,CUST1167,Coimbatore,Tamil Nadu,South,Clothing,Clothing - Kids Wear,Kids Wear,7,206.19,0.02,1414.46,353.62,0.25,UPI,Hypermarket,Regular Shopper
ORD04233,2024-05-15,CUST0079,Jodhpur,Rajasthan,West,Beverages,Beverages - Coffee,Coffee,1,1756.96,0.15,1493.42,209.08,0.14,Wallet,Supermarket,Budget Shopper
ORD00499,2024-05-16,CUST1074,Nashik,Maharashtra,West,Home Care,Home Care - Dishwash,Dishwash,7,2220.5,0.0,15543.5,2486.96,0.16,Debit Card,Hypermarket,Premium Shopper
ORD02897,2024-05-16,CUST0489,Bengaluru,Karnataka,South,Beverages,Beverages - Soft Drink,Soft Drink,5,430.91,0.08,1982.19,277.51,0.14,Credit Card,Supermarket,Regular Shopper
ORD04016,2024-05-16,CUST0253,Hyderabad,Telangana,South,Grocery,Grocery - Wheat Flour,Wheat Flour,1,1109.08,0.1,998.17,89.84,0.09,UPI,Supermarket,Budget Shopper
ORD04056,2024-05-17,CUST0514,Udaipur,Rajasthan,West,Home Care,Home Care - Floor Cleaner,Floor Cleaner,6,2315.9,0.08,12783.77,2045.4,0.16,Credit Card,Hypermarket,Budget Shopper
ORD03862,2024-05-17,CUST1082,Jabalpur,Madhya Pradesh,West,Electronics,Electronics - Power Bank,Power Bank,4,1749.88,0.25,5249.64,944.94,0.18,Debit Card,Hypermarket,Regular Shopper
ORD04653,2024-05-17,CUST0013,Coimbatore,Tamil Nadu,South,Home Care,Home Care - Tissue,Tissue,7,650.9,0.1,4100.67,656.11,0.16,Wallet,Supermarket,Premium Shopper
ORD01055,2024-05-17,CUST0400,Indore,Madhya Pradesh,West,Grocery,Grocery - Biscuits,Biscuits,3,921.93,0.15,2350.92,211.58,0.09,Cash,Supermarket,Regular Shopper
ORD03030,2024-05-18,CUST0927,Kanpur,Uttar Pradesh,North,Grocery,Grocery - Rice,Rice,3,107.41,0.15,273.9,24.65,0.09,Debit Card,Hypermarket,Budget Shopper
ORD04862,2024-05-18,CUST0265,Chennai,Tamil Nadu,South,Clothing,Clothing - Kids Wear,Kids Wear,5,1751.69,0.1,7882.6,1970.65,0.25,Wallet,Hypermarket,Budget Shopper
ORD03720,2024-05-18,CUST1059,Lucknow,Uttar Pradesh,North,Personal Care,Personal Care - Toothpaste,Toothpaste,3,2499.04,0.02,7347.18,1469.44,0.2,UPI,Hypermarket,Budget Shopper
ORD01346,2024-05-18,CUST0033,Kanpur,Uttar Pradesh,North,Home Care,Home Care - Toilet Cleaner,Toilet Cleaner,3,1190.66,0.08,3286.22,525.8,0.16,Cash,Supermarket,Regular Shopper
ORD00225,2024-05-18,CUST0779,Vadodara,Gujarat,West,Clothing,Clothing - Shirt,Shirt,4,499.34,0.15,1697.76,424.44,0.25,Cash,Hypermarket,Regular Shopper
ORD04417,2024-05-19,CUST0918,Kolkata,West Bengal,East,Personal Care,Personal Care - Toothpaste,Toothpaste,4,703.34,0.05,2672.69,534.54,0.2,Wallet,Supermarket,Budget Shopper
ORD02073,2024-05-19,CUST0672,Rajkot,Gujarat,West,Beverages,Beverages - Soft Drink,Soft Drink,6,1979.58,0.05,11283.61,1579.71,0.14,Cash,Hypermarket,Regular Shopper
ORD02305,2024-05-19,CUST0039,Warangal,Telangana,South,Clothing,Clothing - Shirt,Shirt,1,690.55,0.05,656.02,164.0,0.25,Wallet,Supermarket,Budget Shopper
ORD02862,2024-05-19,CUST0940,Madurai,Tamil Nadu,South,Home Care,Home Care - Floor Cleaner,Floor Cleaner,4,815.41,0.02,3196.41,511.43,0.16,Cash,Supermarket,Regular Shopper
ORD00859,2024-05-19,CUST0642,Hyderabad,Telangana,South,Grocery,Grocery - Cooking Oil,Cooking Oil,1,1695.22,0.1,1525.7,137.31,0.09,Debit Card,Supermarket,Regular Shopper
ORD02132,2024-05-19,CUST0900,Jodhpur,Rajasthan,West,Grocery,Grocery - Sugar,Sugar,5,1029.31,0.2,4117.24,370.55,0.09,Debit Card,Hypermarket,Regular Shopper
ORD02111,2024-05-20,CUST0629,Hyderabad,Telangana,South,Personal Care,Personal Care - Soap,Soap,5,1366.67,0.05,6491.68,1298.34,0.2,Debit Card,Supermarket,Budget Shopper
ORD04312,2024-05-20,CUST0107,Lucknow,Uttar Pradesh,North,Beverages,Beverages - Juice,Juice,5,1600.32,0.1,7201.44,1008.2,0.14,Wallet,Hypermarket,Budget Shopper
ORD02435,2024-05-20,CUST0149,Warangal,Telangana,South,Clothing,Clothing - Shirt,Shirt,6,292.27,0.08,1613.33,403.33,0.25,Credit Card,Supermarket,Regular Shopper
ORD00606,2024-05-20,CUST0826,Mysuru,Karnataka,South,Personal Care,Personal Care - Body Lotion,Body Lotion,2,1664.56,0.0,3329.12,665.82,0.2,Wallet,Supermarket,Premium Shopper
ORD02727,2024-05-20,CUST0225,New Delhi,Delhi,North,Home Care,Home Care - Detergent,Detergent,3,339.47,0.08,936.94,149.91,0.16,Debit Card,Supermarket,Regular Shopper
ORD04554,2024-05-20,CUST1172,Mysuru,Karnataka,South,Grocery,Grocery - Sugar,Sugar,6,1338.02,0.25,6021.09,541.9,0.09,UPI,Supermarket,Budget Shopper
ORD02012,2024-05-20,CUST0933,New Delhi,Delhi,North,Beverages,Beverages - Tea,Tea,5,1565.77,0.1,7045.96,986.43,0.14,Cash,Supermarket,Regular Shopper
ORD04586,2024-05-20,CUST0547,Chennai,Tamil Nadu,South,Grocery,Grocery - Wheat Flour,Wheat Flour,6,246.37,0.0,1478.22,133.04,0.09,Cash,Supermarket,Budget Shopper
ORD00638,2024-05-20,CUST0680,Warangal,Telangana,South,Clothing,Clothing - Shirt,Shirt,4,2343.77,0.15,7968.82,1992.2,0.25,Credit Card,Supermarket,Regular Shopper
ORD01286,2024-05-20,CUST0173,Nagpur,Maharashtra,West,Grocery,Grocery - Cooking Oil,Cooking Oil,6,2292.36,0.08,12653.83,1138.84,0.09,Credit Card,Supermarket,Premium Shopper
ORD04251,2024-05-21,CUST0869,Lucknow,Uttar Pradesh,North,Personal Care,Personal Care - Face Wash,Face Wash,6,1237.93,0.15,6313.44,1262.69,0.2,Debit Card,Hypermarket,Budget Shopper
ORD03644,2024-05-21,CUST0162,Rajkot,Gujarat,West,Clothing,Clothing - Kids Wear,Kids Wear,6,1675.41,0.05,9549.84,2387.46,0.25,Cash,Hypermarket,Budget Shopper
ORD01794,2024-05-21,CUST0243,Chennai,Tamil Nadu,South,Clothing,Clothing - Shirt,Shirt,7,1872.52,0.1,11796.88,2949.22,0.25,Wallet,Supermarket,Premium Shopper
ORD02865,2024-05-22,CUST0468,Hyderabad,Telangana,South,Beverages,Beverages - Coffee,Coffee,6,1655.8,0.05,9438.06,1321.33,0.14,Cash,Hypermarket,Regular Shopper
ORD04030,2024-05-22,CUST0408,Thane,Maharashtra,West,Grocery,Grocery - Biscuits,Biscuits,7,179.74,0.08,1157.53,104.18,0.09,UPI,Supermarket,Premium Shopper
ORD02883,2024-05-22,CUST0095,Coimbatore,Tamil Nadu,South,Grocery,Grocery - Wheat Flour,Wheat Flour,6,110.89,0.0,665.34,59.88,0.09,Credit Card,Hypermarket,Budget Shopper
ORD04710,2024-05-22,CUST0199,Rajkot,Gujarat,West,Grocery,Grocery - Cooking Oil,Cooking Oil,2,2254.57,0.08,4148.41,373.36,0.09,Debit Card,Hypermarket,Premium Shopper
ORD03932,2024-05-22,CUST0181,Kolkata,West Bengal,East,Grocery,Grocery - Biscuits,Biscuits,6,1165.01,0.05,6640.56,597.65,0.09,UPI,Supermarket,Regular Shopper
ORD02222,2024-05-22,CUST0509,Kolkata,West Bengal,East,Clothing,Clothing - T-Shirt,T-Shirt,2,2345.4,0.0,4690.8,1172.7,0.25,Credit Card,Supermarket,Regular Shopper
ORD03572,2024-05-23,CUST1173,Kanpur,Uttar Pradesh,North,Personal Care,Personal Care - Toothpaste,Toothpaste,4,1992.48,0.1,7172.93,1434.59,0.2,Credit Card,Hypermarket,Budget Shopper
ORD02662,2024-05-23,CUST0545,Bhopal,Madhya Pradesh,West,Grocery,Grocery - Wheat Flour,Wheat Flour,3,216.84,0.02,637.51,57.38,0.09,Cash,Supermarket,Budget Shopper
ORD02235,2024-05-23,CUST0091,Nashik,Maharashtra,West,Home Care,Home Care - Dishwash,Dishwash,6,1279.05,0.2,6139.44,982.31,0.16,Wallet,Hypermarket,Budget Shopper
ORD03374,2024-05-24,CUST1160,Hyderabad,Telangana,South,Personal Care,Personal Care - Shampoo,Shampoo,4,531.3,0.08,1955.18,391.04,0.2,Wallet,Hypermarket,Premium Shopper
ORD03545,2024-05-24,CUST0737,Surat,Gujarat,West,Personal Care,Personal Care - Face Wash,Face Wash,3,534.94,0.02,1572.72,314.54,0.2,UPI,Hypermarket,Budget Shopper
ORD03653,2024-05-24,CUST1055,Chennai,Tamil Nadu,South,Grocery,Grocery - Sugar,Sugar,1,1870.05,0.2,1496.04,134.64,0.09,UPI,Hypermarket,Premium Shopper
ORD03443,2024-05-24,CUST0017,Mangaluru,Karnataka,South,Grocery,Grocery - Biscuits,Biscuits,7,180.76,0.05,1202.05,108.18,0.09,Credit Card,Hypermarket,Budget Shopper
ORD04551,2024-05-25,CUST0053,Hyderabad,Telangana,South,Grocery,Grocery - Rice,Rice,1,625.55,0.2,500.44,45.04,0.09,UPI,Hypermarket,Regular Shopper
ORD00056,2024-05-25,CUST1123,Thane,Maharashtra,West,Grocery,Grocery - Rice,Rice,7,712.58,0.15,4239.85,381.59,0.09,UPI,Hypermarket,Premium Shopper
ORD01802,2024-05-25,CUST0858,Kolkata,West Bengal,East,Grocery,Grocery - Sugar,Sugar,6,732.86,0.15,3737.59,336.38,0.09,Cash,Hypermarket,Budget Shopper
ORD03188,2024-05-25,CUST0737,Hyderabad,Telangana,South,Grocery,Grocery - Rice,Rice,4,296.77,0.02,1163.34,104.7,0.09,Wallet,Hypermarket,Regular Shopper
ORD01104,2024-05-25,CUST0792,Bhopal,Madhya Pradesh,West,Clothing,Clothing - Shirt,Shirt,6,354.76,0.0,2128.56,532.14,0.25,Wallet,Supermarket,Budget Shopper
ORD01495,2024-05-25,CUST0590,Kolkata,West Bengal,East,Personal Care,Personal Care - Shampoo,Shampoo,3,284.99,0.15,726.72,145.34,0.2,Credit Card,Hypermarket,Budget Shopper
ORD00400,2024-05-25,CUST0537,New Delhi,Delhi,North,Personal Care,Personal Care - Body Lotion,Body Lotion,2,1273.73,0.0,2547.46,509.49,0.2,Credit Card,Hypermarket,Regular Shopper
ORD01130,2024-05-25,CUST0823,Madurai,Tamil Nadu,South,Personal Care,Personal Care - Toothpaste,Toothpaste,3,1377.24,0.1,3718.55,743.71,0.2,Debit Card,Hypermarket,Regular Shopper
ORD03719,2024-05-25,CUST0605,Mysuru,Karnataka,South,Grocery,Grocery - Cooking Oil,Cooking Oil,5,256.92,0.08,1181.83,106.36,0.09,Debit Card,Hypermarket,Regular Shopper
ORD03246,2024-05-26,CUST1176,Indore,Madhya Pradesh,West,Grocery,Grocery - Wheat Flour,Wheat Flour,7,2128.66,0.02,14602.61,1314.23,0.09,Wallet,Hypermarket,Regular Shopper
ORD02523,2024-05-26,CUST0609,Kanpur,Uttar Pradesh,North,Grocery,Grocery - Sugar,Sugar,3,1155.15,0.2,2772.36,249.51,0.09,Debit Card,Supermarket,Regular Shopper
ORD03112,2024-05-26,CUST0250,New Delhi,Delhi,North,Grocery,Grocery - Sugar,Sugar,6,1489.3,0.08,8220.94,739.88,0.09,Credit Card,Hypermarket,Budget Shopper
ORD03203,2024-05-26,CUST0614,Warangal,Telangana,South,Home Care,Home Care - Detergent,Detergent,6,412.85,0.15,2105.54,336.89,0.16,Credit Card,Hypermarket,Budget Shopper
ORD01523,2024-05-26,CUST0938,Coimbatore,Tamil Nadu,South,Beverages,Beverages - Soft Drink,Soft Drink,3,407.06,0.08,1123.49,157.29,0.14,Wallet,Hypermarket,Regular Shopper
ORD04409,2024-05-27,CUST0781,Coimbatore,Tamil Nadu,South,Grocery,Grocery - Wheat Flour,Wheat Flour,1,2325.55,0.1,2093.0,188.37,0.09,Wallet,Hypermarket,Regular Shopper
ORD03569,2024-05-27,CUST0002,Udaipur,Rajasthan,West,Clothing,Clothing - Jeans,Jeans,7,385.21,0.05,2561.65,640.41,0.25,Cash,Hypermarket,Budget Shopper
ORD01349,2024-05-27,CUST1174,Mysuru,Karnataka,South,Grocery,Grocery - Rice,Rice,5,1514.26,0.1,6814.17,613.28,0.09,Credit Card,Hypermarket,Regular Shopper
ORD00727,2024-05-27,CUST0333,Kolkata,West Bengal,East,Beverages,Beverages - Soft Drink,Soft Drink,7,1733.36,0.05,11526.84,1613.76,0.14,Wallet,Hypermarket,Budget Shopper
ORD00150,2024-05-27,CUST0972,Lucknow,Uttar Pradesh,North,Personal Care,Personal Care - Toothpaste,Toothpaste,6,661.22,0.02,3887.97,777.59,0.2,UPI,Hypermarket,Regular Shopper
ORD01881,2024-05-27,CUST0481,Hyderabad,Telangana,South,Clothing,Clothing - T-Shirt,T-Shirt,3,307.85,0.0,923.55,230.89,0.25,Credit Card,Supermarket,Budget Shopper
ORD03828,2024-05-27,CUST0547,Ahmedabad,Gujarat,West,Beverages,Beverages - Soft Drink,Soft Drink,1,1515.9,0.2,1212.72,169.78,0.14,Wallet,Supermarket,Regular Shopper
ORD03907,2024-05-28,CUST0478,Indore,Madhya Pradesh,West,Grocery,Grocery - Biscuits,Biscuits,4,1897.61,0.02,7438.63,669.48,0.09,UPI,Hypermarket,Regular Shopper
ORD04506,2024-05-28,CUST1138,Warangal,Telangana,South,Home Care,Home Care - Detergent,Detergent,1,1838.72,0.02,1801.95,288.31,0.16,UPI,Supermarket,Budget Shopper
ORD01085,2024-05-28,CUST1051,Jabalpur,Madhya Pradesh,West,Grocery,Grocery - Sugar,Sugar,7,653.46,0.1,4116.8,370.51,0.09,Debit Card,Hypermarket,Premium Shopper
ORD00327,2024-05-28,CUST0208,Kolkata,West Bengal,East,Personal Care,Personal Care - Toothpaste,Toothpaste,2,747.16,0.1,1344.89,268.98,0.2,Credit Card,Hypermarket,Regular Shopper
ORD04989,2024-05-29,CUST0265,New Delhi,Delhi,North,Grocery,Grocery - Cooking Oil,Cooking Oil,2,1367.63,0.15,2324.97,209.25,0.09,Wallet,Hypermarket,Regular Shopper
ORD01775,2024-05-29,CUST0790,Indore,Madhya Pradesh,West,Electronics,Electronics - Power Bank,Power Bank,5,1013.13,0.05,4812.37,866.23,0.18,UPI,Supermarket,Budget Shopper
ORD00202,2024-05-29,CUST0696,Jabalpur,Madhya Pradesh,West,Home Care,Home Care - Detergent,Detergent,3,771.97,0.02,2269.59,363.13,0.16,Cash,Hypermarket,Premium Shopper
ORD01159,2024-05-29,CUST0399,Noida,Uttar Pradesh,North,Personal Care,Personal Care - Body Lotion,Body Lotion,2,2405.7,0.08,4426.49,885.3,0.2,UPI,Hypermarket,Regular Shopper
ORD03782,2024-05-29,CUST0954,Kolkata,West Bengal,East,Electronics,Electronics - Earphones,Earphones,1,1927.33,0.25,1445.5,260.19,0.18,Credit Card,Hypermarket,Regular Shopper
ORD04782,2024-05-29,CUST0691,Warangal,Telangana,South,Personal Care,Personal Care - Face Wash,Face Wash,7,822.84,0.15,4895.9,979.18,0.2,Credit Card,Hypermarket,Budget Shopper
ORD03618,2024-05-29,CUST0887,Madurai,Tamil Nadu,South,Grocery,Grocery - Cooking Oil,Cooking Oil,1,802.95,0.2,642.36,57.81,0.09,Cash,Hypermarket,Regular Shopper
ORD03917,2024-05-30,CUST0233,Jabalpur,Madhya Pradesh,West,Personal Care,Personal Care - Shampoo,Shampoo,3,1848.45,0.05,5268.08,1053.62,0.2,UPI,Supermarket,Regular Shopper
ORD01359,2024-05-30,CUST0069,Kolkata,West Bengal,East,Clothing,Clothing - Socks,Socks,1,91.02,0.1,81.92,20.48,0.25,Debit Card,Hypermarket,Regular Shopper
ORD03879,2024-05-30,CUST0959,Hyderabad,Telangana,South,Home Care,Home Care - Dishwash,Dishwash,3,817.05,0.1,2206.04,352.97,0.16,Wallet,Hypermarket,Budget Shopper
ORD00457,2024-05-30,CUST0930,Hyderabad,Telangana,South,Grocery,Grocery - Biscuits,Biscuits,3,1846.54,0.1,4985.66,448.71,0.09,Cash,Hypermarket,Budget Shopper
ORD01637,2024-05-30,CUST0438,Thane,Maharashtra,West,Clothing,Clothing - T-Shirt,T-Shirt,2,2239.94,0.05,4255.89,1063.97,0.25,Cash,Supermarket,Premium Shopper
ORD02827,2024-05-30,CUST1138,Lucknow,Uttar Pradesh,North,Grocery,Grocery - Biscuits,Biscuits,7,50.52,0.08,325.35,29.28,0.09,Wallet,Supermarket,Premium Shopper
ORD03114,2024-05-30,CUST0310,Kolkata,West Bengal,East,Clothing,Clothing - T-Shirt,T-Shirt,6,919.68,0.2,4414.46,1103.61,0.25,Cash,Hypermarket,Budget Shopper
ORD00071,2024-05-30,CUST0624,Lucknow,Uttar Pradesh,North,Grocery,Grocery - Biscuits,Biscuits,6,2133.01,0.05,12158.16,1094.23,0.09,UPI,Hypermarket,Budget Shopper
ORD03439,2024-05-30,CUST1114,Kolkata,West Bengal,East,Beverages,Beverages - Tea,Tea,1,1562.36,0.02,1531.11,214.36,0.14,Debit Card,Hypermarket,Regular Shopper
ORD01328,2024-05-31,CUST0109,Pune,Maharashtra,West,Beverages,Beverages - Soft Drink,Soft Drink,5,410.1,0.05,1947.98,272.72,0.14,UPI,Supermarket,Regular Shopper
ORD04006,2024-05-31,CUST0702,New Delhi,Delhi,North,Beverages,Beverages - Soft Drink,Soft Drink,1,1332.37,0.15,1132.51,158.55,0.14,Wallet,Supermarket,Premium Shopper
ORD03868,2024-05-31,CUST0847,Udaipur,Rajasthan,West,Grocery,Grocery - Wheat Flour,Wheat Flour,6,1634.61,0.2,7846.13,706.15,0.09,Wallet,Supermarket,Regular Shopper
ORD03433,2024-05-31,CUST0916,Udaipur,Rajasthan,West,Beverages,Beverages - Tea,Tea,6,1659.64,0.08,9161.21,1282.57,0.14,UPI,Supermarket,Budget Shopper
ORD02400,2024-06-01,CUST0984,Kolkata,West Bengal,East,Home Care,Home Care - Tissue,Tissue,5,471.46,0.1,2121.57,339.45,0.16,Credit Card,Hypermarket,Regular Shopper
ORD00070,2024-06-01,CUST0613,Nashik,Maharashtra,West,Grocery,Grocery - Rice,Rice,2,2253.13,0.05,4280.95,385.29,0.09,Debit Card,Hypermarket,Budget Shopper
ORD02622,2024-06-02,CUST0024,Kolkata,West Bengal,East,Home Care,Home Care - Toilet Cleaner,Toilet Cleaner,7,2299.86,0.1,14489.12,2318.26,0.16,Debit Card,Supermarket,Regular Shopper
ORD04474,2024-06-02,CUST1094,Warangal,Telangana,South,Grocery,Grocery - Biscuits,Biscuits,2,127.51,0.15,216.77,19.51,0.09,Credit Card,Supermarket,Budget Shopper
ORD01765,2024-06-02,CUST0028,New Delhi,Delhi,North,Personal Care,Personal Care - Face Wash,Face Wash,6,1435.9,0.15,7323.09,1464.62,0.2,Credit Card,Hypermarket,Budget Shopper
ORD03130,2024-06-02,CUST0167,Kolkata,West Bengal,East,Grocery,Grocery - Biscuits,Biscuits,2,1373.53,0.15,2335.0,210.15,0.09,Debit Card,Supermarket,Premium Shopper
ORD04699,2024-06-02,CUST0132,Hyderabad,Telangana,South,Grocery,Grocery - Sugar,Sugar,3,564.03,0.1,1522.88,137.06,0.09,Wallet,Hypermarket,Regular Shopper
ORD03810,2024-06-02,CUST0568,Bengaluru,Karnataka,South,Personal Care,Personal Care - Toothpaste,Toothpaste,7,626.6,0.1,3947.58,789.52,0.2,Wallet,Hypermarket,Regular Shopper
ORD02700,2024-06-03,CUST0816,Ahmedabad,Gujarat,West,Beverages,Beverages - Juice,Juice,6,1616.01,0.15,8241.65,1153.83,0.14,Debit Card,Hypermarket,Regular Shopper
ORD04521,2024-06-03,CUST0234,New Delhi,Delhi,North,Personal Care,Personal Care - Face Wash,Face Wash,5,661.61,0.02,3241.89,648.38,0.2,Debit Card,Supermarket,Budget Shopper
ORD00468,2024-06-03,CUST0904,Indore,Madhya Pradesh,West,Electronics,Electronics - Power Bank,Power Bank,4,2104.3,0.08,7743.82,1393.89,0.18,Debit Card,Hypermarket,Budget Shopper
ORD00427,2024-06-03,CUST0981,Thane,Maharashtra,West,Beverages,Beverages - Coffee,Coffee,4,2328.78,0.08,8569.91,1199.79,0.14,Wallet,Hypermarket,Premium Shopper
ORD01874,2024-06-03,CUST1036,Kanpur,Uttar Pradesh,North,Personal Care,Personal Care - Soap,Soap,2,259.36,0.02,508.35,101.67,0.2,Wallet,Supermarket,Budget Shopper
ORD03441,2024-06-04,CUST1200,Udaipur,Rajasthan,West,Clothing,Clothing - Socks,Socks,6,67.05,0.1,362.07,90.52,0.25,Wallet,Supermarket,Budget Shopper
ORD04402,2024-06-04,CUST0951,Kolkata,West Bengal,East,Grocery,Grocery - Wheat Flour,Wheat Flour,4,2466.41,0.15,8385.79,754.72,0.09,Credit Card,Supermarket,Regular Shopper
ORD00910,2024-06-04,CUST0077,Madurai,Tamil Nadu,South,Electronics,Electronics - Extension Board,Extension Board,4,1072.0,0.1,3859.2,694.66,0.18,Cash,Hypermarket,Budget Shopper
ORD00668,2024-06-04,CUST0058,Jodhpur,Rajasthan,West,Grocery,Grocery - Cooking Oil,Cooking Oil,2,1902.04,0.02,3728.0,335.52,0.09,Wallet,Supermarket,Budget Shopper
ORD00439,2024-06-05,CUST0201,Rajkot,Gujarat,West,Beverages,Beverages - Coffee,Coffee,2,240.73,0.15,409.24,57.29,0.14,Cash,Supermarket,Budget Shopper
ORD00540,2024-06-05,CUST0740,Kolkata,West Bengal,East,Beverages,Beverages - Packaged Water,Packaged Water,4,2040.34,0.02,7998.13,1119.74,0.14,Cash,Hypermarket,Regular Shopper
ORD03141,2024-06-05,CUST0652,New Delhi,Delhi,North,Clothing,Clothing - Socks,Socks,1,1371.11,0.02,1343.69,335.92,0.25,Cash,Hypermarket,Budget Shopper
ORD01298,2024-06-05,CUST0185,New Delhi,Delhi,North,Clothing,Clothing - Kids Wear,Kids Wear,1,611.17,0.02,598.95,149.74,0.25,Debit Card,Hypermarket,Regular Shopper
ORD03937,2024-06-05,CUST0070,Hyderabad,Telangana,South,Grocery,Grocery - Wheat Flour,Wheat Flour,5,1416.14,0.05,6726.66,605.4,0.09,UPI,Hypermarket,Premium Shopper
ORD02581,2024-06-06,CUST0869,Noida,Uttar Pradesh,North,Personal Care,Personal Care - Soap,Soap,5,773.59,0.1,3481.16,696.23,0.2,Credit Card,Hypermarket,Budget Shopper
ORD04480,2024-06-06,CUST0639,Jabalpur,Madhya Pradesh,West,Grocery,Grocery - Cooking Oil,Cooking Oil,5,1528.75,0.05,7261.56,653.54,0.09,Debit Card,Supermarket,Budget Shopper
ORD02896,2024-06-06,CUST0178,New Delhi,Delhi,North,Personal Care,Personal Care - Soap,Soap,3,2035.51,0.2,4885.22,977.04,0.2,Debit Card,Hypermarket,Regular Shopper
ORD04995,2024-06-06,CUST1146,Indore,Madhya Pradesh,West,Home Care,Home Care - Toilet Cleaner,Toilet Cleaner,3,2277.94,0.1,6150.44,984.07,0.16,Credit Card,Supermarket,Budget Shopper
ORD01945,2024-06-07,CUST0274,Kanpur,Uttar Pradesh,North,Home Care,Home Care - Detergent,Detergent,7,304.64,0.05,2025.86,324.14,0.16,Debit Card,Supermarket,Regular Shopper
ORD01801,2024-06-07,CUST0085,Nashik,Maharashtra,West,Personal Care,Personal Care - Shampoo,Shampoo,6,541.86,0.2,2600.93,520.19,0.2,Cash,Hypermarket,Budget Shopper
ORD04546,2024-06-07,CUST0550,Mysuru,Karnataka,South,Personal Care,Personal Care - Body Lotion,Body Lotion,5,1585.54,0.2,6342.16,1268.43,0.2,Cash,Supermarket,Budget Shopper
ORD03560,2024-06-07,CUST1183,Warangal,Telangana,South,Personal Care,Personal Care - Soap,Soap,5,1103.38,0.1,4965.21,993.04,0.2,Credit Card,Supermarket,Regular Shopper
ORD02646,2024-06-07,CUST0704,Chennai,Tamil Nadu,South,Beverages,Beverages - Soft Drink,Soft Drink,5,1728.57,0.1,7778.56,1089.0,0.14,Wallet,Supermarket,Budget Shopper
ORD03830,2024-06-07,CUST0904,Bengaluru,Karnataka,South,Beverages,Beverages - Packaged Water,Packaged Water,1,406.53,0.05,386.2,54.07,0.14,Debit Card,Supermarket,Budget Shopper
ORD02547,2024-06-07,CUST0111,Hyderabad,Telangana,South,Clothing,Clothing - Socks,Socks,7,813.66,0.08,5239.97,1309.99,0.25,Debit Card,Hypermarket,Budget Shopper
ORD02221,2024-06-07,CUST0224,Surat,Gujarat,West,Electronics,Electronics - Earphones,Earphones,7,376.49,0.05,2503.66,450.66,0.18,Credit Card,Supermarket,Budget Shopper
ORD03873,2024-06-08,CUST0653,Madurai,Tamil Nadu,South,Clothing,Clothing - Kids Wear,Kids Wear,5,311.39,0.05,1479.1,369.78,0.25,Debit Card,Supermarket,Budget Shopper
ORD01593,2024-06-08,CUST0334,Udaipur,Rajasthan,West,Grocery,Grocery - Rice,Rice,4,222.18,0.15,755.41,67.99,0.09,Debit Card,Supermarket,Budget Shopper
ORD04110,2024-06-08,CUST0441,Jabalpur,Madhya Pradesh,West,Personal Care,Personal Care - Toothpaste,Toothpaste,7,2434.87,0.05,16191.89,3238.38,0.2,Cash,Supermarket,Regular Shopper
ORD02347,2024-06-08,CUST1174,New Delhi,Delhi,North,Home Care,Home Care - Toilet Cleaner,Toilet Cleaner,1,576.43,0.05,547.61,87.62,0.16,Wallet,Supermarket,Budget Shopper
ORD02061,2024-06-08,CUST0521,Nashik,Maharashtra,West,Personal Care,Personal Care - Soap,Soap,1,133.36,0.1,120.02,24.0,0.2,UPI,Supermarket,Regular Shopper
ORD01472,2024-06-08,CUST0135,New Delhi,Delhi,North,Personal Care,Personal Care - Body Lotion,Body Lotion,2,1346.62,0.15,2289.25,457.85,0.2,Cash,Hypermarket,Premium Shopper
ORD04428,2024-06-08,CUST0475,Warangal,Telangana,South,Beverages,Beverages - Soft Drink,Soft Drink,6,1833.67,0.0,11002.02,1540.28,0.14,Wallet,Supermarket,Budget Shopper
ORD01656,2024-06-08,CUST0815,New Delhi,Delhi,North,Beverages,Beverages - Soft Drink,Soft Drink,7,1610.77,0.08,10373.36,1452.27,0.14,UPI,Hypermarket,Premium Shopper
ORD00147,2024-06-09,CUST0940,Kolkata,West Bengal,East,Home Care,Home Care - Dishwash,Dishwash,7,2429.63,0.08,15646.82,2503.49,0.16,Wallet,Hypermarket,Budget Shopper
ORD02353,2024-06-10,CUST0876,Bhopal,Madhya Pradesh,West,Home Care,Home Care - Tissue,Tissue,6,961.84,0.2,4616.83,738.69,0.16,Credit Card,Hypermarket,Regular Shopper
ORD03900,2024-06-10,CUST0790,New Delhi,Delhi,North,Clothing,Clothing - Kids Wear,Kids Wear,4,191.1,0.2,611.52,152.88,0.25,UPI,Supermarket,Budget Shopper
ORD03756,2024-06-10,CUST0626,Kolkata,West Bengal,East,Grocery,Grocery - Rice,Rice,2,1362.59,0.1,2452.66,220.74,0.09,UPI,Hypermarket,Premium Shopper
ORD00645,2024-06-10,CUST0992,Jodhpur,Rajasthan,West,Home Care,Home Care - Floor Cleaner,Floor Cleaner,7,614.88,0.05,4088.95,654.23,0.16,UPI,Supermarket,Premium Shopper
ORD03504,2024-06-11,CUST0425,Bhopal,Madhya Pradesh,West,Grocery,Grocery - Wheat Flour,Wheat Flour,3,1224.15,0.2,2937.96,264.42,0.09,Wallet,Hypermarket,Budget Shopper
ORD00290,2024-06-11,CUST0012,Kolkata,West Bengal,East,Grocery,Grocery - Rice,Rice,5,1437.51,0.1,6468.8,582.19,0.09,Cash,Hypermarket,Regular Shopper
ORD01458,2024-06-11,CUST0447,New Delhi,Delhi,North,Personal Care,Personal Care - Body Lotion,Body Lotion,2,1146.24,0.05,2177.86,435.57,0.2,Debit Card,Hypermarket,Budget Shopper
ORD02660,2024-06-11,CUST0973,Ahmedabad,Gujarat,West,Grocery,Grocery - Cooking Oil,Cooking Oil,3,1027.04,0.08,2834.63,255.12,0.09,UPI,Supermarket,Regular Shopper
ORD02779,2024-06-11,CUST0372,Kolkata,West Bengal,East,Grocery,Grocery - Cooking Oil,Cooking Oil,2,195.12,0.08,359.02,32.31,0.09,Credit Card,Hypermarket,Budget Shopper
ORD00573,2024-06-12,CUST1043,Nagpur,Maharashtra,West,Grocery,Grocery - Sugar,Sugar,2,564.33,0.05,1072.23,96.5,0.09,Debit Card,Hypermarket,Regular Shopper
ORD02514,2024-06-12,CUST0107,Madurai,Tamil Nadu,South,Personal Care,Personal Care - Soap,Soap,2,971.87,0.15,1652.18,330.44,0.2,UPI,Hypermarket,Budget Shopper
ORD00248,2024-06-12,CUST0553,Lucknow,Uttar Pradesh,North,Clothing,Clothing - T-Shirt,T-Shirt,3,320.04,0.15,816.1,204.02,0.25,UPI,Hypermarket,Regular Shopper
ORD02247,2024-06-12,CUST0739,New Delhi,Delhi,North,Clothing,Clothing - T-Shirt,T-Shirt,4,789.35,0.02,3094.25,773.56,0.25,UPI,Hypermarket,Budget Shopper
ORD01300,2024-06-12,CUST0584,Bengaluru,Karnataka,South,Grocery,Grocery - Rice,Rice,6,1852.34,0.08,10224.92,920.24,0.09,Wallet,Hypermarket,Budget Shopper
ORD00471,2024-06-13,CUST1049,Lucknow,Uttar Pradesh,North,Grocery,Grocery - Biscuits,Biscuits,3,2323.01,0.08,6411.51,577.04,0.09,Credit Card,Hypermarket,Budget Shopper
ORD03009,2024-06-13,CUST0141,Thane,Maharashtra,West,Beverages,Beverages - Soft Drink,Soft Drink,7,501.69,0.0,3511.83,491.66,0.14,Debit Card,Supermarket,Premium Shopper
ORD01044,2024-06-13,CUST0275,Mangaluru,Karnataka,South,Personal Care,Personal Care - Body Lotion,Body Lotion,3,1827.4,0.0,5482.2,1096.44,0.2,Debit Card,Supermarket,Regular Shopper
ORD00902,2024-06-13,CUST0565,Jaipur,Rajasthan,West,Grocery,Grocery - Biscuits,Biscuits,6,1293.92,0.08,7142.44,642.82,0.09,Cash,Hypermarket,Premium Shopper
ORD03229,2024-06-14,CUST1067,Mangaluru,Karnataka,South,Grocery,Grocery - Wheat Flour,Wheat Flour,7,1538.59,0.05,10231.62,920.85,0.09,Wallet,Supermarket,Budget Shopper
ORD03435,2024-06-14,CUST0727,Hyderabad,Telangana,South,Personal Care,Personal Care - Face Wash,Face Wash,3,1001.04,0.05,2852.96,570.59,0.2,UPI,Hypermarket,Budget Shopper
ORD00851,2024-06-14,CUST0439,New Delhi,Delhi,North,Grocery,Grocery - Rice,Rice,5,1294.0,0.25,4852.5,436.72,0.09,Credit Card,Supermarket,Premium Shopper
ORD04223,2024-06-14,CUST0363,Coimbatore,Tamil Nadu,South,Grocery,Grocery - Biscuits,Biscuits,5,1080.7,0.1,4863.15,437.68,0.09,Credit Card,Supermarket,Budget Shopper
ORD01863,2024-06-15,CUST0088,Indore,Madhya Pradesh,West,Beverages,Beverages - Tea,Tea,1,2451.9,0.25,1838.93,257.45,0.14,Credit Card,Hypermarket,Regular Shopper
ORD03363,2024-06-15,CUST0214,Bhopal,Madhya Pradesh,West,Grocery,Grocery - Biscuits,Biscuits,4,1775.54,0.1,6391.94,575.27,0.09,Debit Card,Supermarket,Regular Shopper
ORD01635,2024-06-15,CUST0426,Jabalpur,Madhya Pradesh,West,Grocery,Grocery - Cooking Oil,Cooking Oil,7,1536.47,0.2,8604.23,774.38,0.09,Credit Card,Hypermarket,Regular Shopper
ORD00750,2024-06-15,CUST1182,Mangaluru,Karnataka,South,Grocery,Grocery - Sugar,Sugar,1,651.86,0.15,554.08,49.87,0.09,Credit Card,Supermarket,Regular Shopper
ORD00619,2024-06-15,CUST0255,Indore,Madhya Pradesh,West,Personal Care,Personal Care - Soap,Soap,1,2056.41,0.15,1747.95,349.59,0.2,Wallet,Supermarket,Budget Shopper
ORD03996,2024-06-16,CUST0037,Jodhpur,Rajasthan,West,Grocery,Grocery - Rice,Rice,5,223.04,0.15,947.92,85.31,0.09,Credit Card,Supermarket,Regular Shopper
ORD04395,2024-06-16,CUST0387,Hyderabad,Telangana,South,Grocery,Grocery - Biscuits,Biscuits,5,1756.38,0.05,8342.8,750.85,0.09,Wallet,Hypermarket,Premium Shopper
ORD01995,2024-06-16,CUST0783,Indore,Madhya Pradesh,West,Electronics,Electronics - Extension Board,Extension Board,4,1574.36,0.0,6297.44,1133.54,0.18,Wallet,Hypermarket,Budget Shopper
ORD03002,2024-06-16,CUST1154,Bhopal,Madhya Pradesh,West,Beverages,Beverages - Soft Drink,Soft Drink,4,1715.48,0.1,6175.73,864.6,0.14,Credit Card,Hypermarket,Regular Shopper
ORD00286,2024-06-16,CUST0356,Indore,Madhya Pradesh,West,Home Care,Home Care - Detergent,Detergent,3,747.03,0.1,2016.98,322.72,0.16,UPI,Supermarket,Regular Shopper
ORD02172,2024-06-16,CUST1059,Coimbatore,Tamil Nadu,South,Home Care,Home Care - Toilet Cleaner,Toilet Cleaner,7,1224.36,0.05,8141.99,1302.72,0.16,UPI,Supermarket,Regular Shopper
ORD00587,2024-06-17,CUST0474,Warangal,Telangana,South,Beverages,Beverages - Tea,Tea,7,788.07,0.15,4689.02,656.46,0.14,Cash,Supermarket,Premium Shopper
ORD01063,2024-06-17,CUST0078,Mysuru,Karnataka,South,Personal Care,Personal Care - Soap,Soap,4,2371.68,0.0,9486.72,1897.34,0.2,Credit Card,Supermarket,Budget Shopper
ORD01809,2024-06-17,CUST0031,Madurai,Tamil Nadu,South,Personal Care,Personal Care - Soap,Soap,4,895.08,0.1,3222.29,644.46,0.2,Credit Card,Hypermarket,Regular Shopper
ORD02940,2024-06-17,CUST1138,Noida,Uttar Pradesh,North,Electronics,Electronics - Mixer,Mixer,7,1107.08,0.0,7749.56,1394.92,0.18,UPI,Supermarket,Budget Shopper
ORD01284,2024-06-17,CUST1054,Jabalpur,Madhya Pradesh,West,Grocery,Grocery - Wheat Flour,Wheat Flour,6,819.69,0.2,3934.51,354.11,0.09,Debit Card,Hypermarket,Regular Shopper
ORD03339,2024-06-18,CUST0538,Madurai,Tamil Nadu,South,Grocery,Grocery - Sugar,Sugar,5,1577.0,0.05,7490.75,674.17,0.09,UPI,Supermarket,Regular Shopper
ORD04482,2024-06-18,CUST0461,Bengaluru,Karnataka,South,Home Care,Home Care - Toilet Cleaner,Toilet Cleaner,3,1793.82,0.15,4574.24,731.88,0.16,Cash,Hypermarket,Budget Shopper
ORD01873,2024-06-18,CUST0722,Jodhpur,Rajasthan,West,Grocery,Grocery - Rice,Rice,6,1219.44,0.15,6219.14,559.72,0.09,UPI,Supermarket,Regular Shopper
ORD01974,2024-06-18,CUST0387,New Delhi,Delhi,North,Clothing,Clothing - Kids Wear,Kids Wear,5,1769.54,0.08,8139.88,2034.97,0.25,Credit Card,Supermarket,Budget Shopper
ORD02162,2024-06-18,CUST1107,Udaipur,Rajasthan,West,Home Care,Home Care - Floor Cleaner,Floor Cleaner,5,1524.61,0.0,7623.05,1219.69,0.16,Debit Card,Hypermarket,Budget Shopper
ORD04922,2024-06-19,CUST0473,New Delhi,Delhi,North,Home Care,Home Care - Dishwash,Dishwash,3,1841.02,0.05,5246.91,839.51,0.16,Credit Card,Supermarket,Regular Shopper
ORD01739,2024-06-19,CUST0217,New Delhi,Delhi,North,Beverages,Beverages - Soft Drink,Soft Drink,1,152.49,0.2,121.99,17.08,0.14,Credit Card,Hypermarket,Regular Shopper
ORD00134,2024-06-19,CUST0693,Udaipur,Rajasthan,West,Clothing,Clothing - Kids Wear,Kids Wear,3,2305.29,0.05,6570.08,1642.52,0.25,UPI,Supermarket,Budget Shopper
ORD02870,2024-06-20,CUST0526,Chennai,Tamil Nadu,South,Personal Care,Personal Care - Soap,Soap,6,40.6,0.0,243.6,48.72,0.2,Wallet,Hypermarket,Budget Shopper
ORD01379,2024-06-20,CUST0389,Kolkata,West Bengal,East,Clothing,Clothing - Kids Wear,Kids Wear,1,1453.11,0.1,1307.8,326.95,0.25,Cash,Hypermarket,Regular Shopper
ORD02634,2024-06-20,CUST0323,Udaipur,Rajasthan,West,Home Care,Home Care - Dishwash,Dishwash,6,804.78,0.1,4345.81,695.33,0.16,Credit Card,Supermarket,Budget Shopper
ORD00183,2024-06-20,CUST0964,Coimbatore,Tamil Nadu,South,Grocery,Grocery - Wheat Flour,Wheat Flour,5,612.08,0.08,2815.57,253.4,0.09,Cash,Hypermarket,Premium Shopper
ORD03210,2024-06-20,CUST1126,Hyderabad,Telangana,South,Home Care,Home Care - Tissue,Tissue,6,2018.19,0.1,10898.23,1743.72,0.16,Wallet,Supermarket,Regular Shopper
ORD01317,2024-06-20,CUST0082,Mangaluru,Karnataka,South,Grocery,Grocery - Biscuits,Biscuits,5,2416.6,0.02,11841.34,1065.72,0.09,Cash,Supermarket,Regular Shopper
ORD01996,2024-06-20,CUST0130,Udaipur,Rajasthan,West,Electronics,Electronics - Mixer,Mixer,1,341.94,0.1,307.75,55.39,0.18,UPI,Supermarket,Premium Shopper
ORD02043,2024-06-20,CUST0498,Jaipur,Rajasthan,West,Grocery,Grocery - Cooking Oil,Cooking Oil,5,587.07,0.05,2788.58,250.97,0.09,Cash,Supermarket,Regular Shopper
ORD01592,2024-06-20,CUST0120,Kolkata,West Bengal,East,Home Care,Home Care - Detergent,Detergent,4,532.65,0.0,2130.6,340.9,0.16,Credit Card,Hypermarket,Budget Shopper
ORD04908,2024-06-20,CUST0099,Noida,Uttar Pradesh,North,Clothing,Clothing - Shirt,Shirt,5,324.99,0.05,1543.7,385.92,0.25,Wallet,Hypermarket,Budget Shopper
ORD03548,2024-06-20,CUST0809,Thane,Maharashtra,West,Beverages,Beverages - Soft Drink,Soft Drink,2,1731.5,0.15,2943.55,412.1,0.14,Credit Card,Supermarket,Premium Shopper
ORD01118,2024-06-21,CUST0423,Noida,Uttar Pradesh,North,Personal Care,Personal Care - Soap,Soap,7,1161.63,0.15,6911.7,1382.34,0.2,Credit Card,Supermarket,Regular Shopper
ORD04240,2024-06-21,CUST1092,Jodhpur,Rajasthan,West,Clothing,Clothing - Shirt,Shirt,1,1179.1,0.08,1084.77,271.19,0.25,UPI,Supermarket,Budget Shopper
ORD02136,2024-06-21,CUST0742,New Delhi,Delhi,North,Electronics,Electronics - Extension Board,Extension Board,6,238.42,0.2,1144.42,206.0,0.18,Wallet,Supermarket,Budget Shopper
ORD04062,2024-06-21,CUST1176,Noida,Uttar Pradesh,North,Beverages,Beverages - Juice,Juice,6,1291.95,0.08,7131.56,998.42,0.14,UPI,Supermarket,Budget Shopper
ORD03328,2024-06-21,CUST0169,Vadodara,Gujarat,West,Home Care,Home Care - Floor Cleaner,Floor Cleaner,2,2035.1,0.1,3663.18,586.11,0.16,UPI,Supermarket,Budget Shopper
ORD00156,2024-06-21,CUST1169,Kolkata,West Bengal,East,Beverages,Beverages - Juice,Juice,1,2177.51,0.0,2177.51,304.85,0.14,UPI,Supermarket,Premium Shopper
ORD03050,2024-06-22,CUST0368,Warangal,Telangana,South,Personal Care,Personal Care - Body Lotion,Body Lotion,5,1644.41,0.2,6577.64,1315.53,0.2,Cash,Hypermarket,Budget Shopper
ORD02344,2024-06-22,CUST0931,Madurai,Tamil Nadu,South,Grocery,Grocery - Biscuits,Biscuits,1,1000.38,0.08,920.35,82.83,0.09,Cash,Supermarket,Premium Shopper
ORD03011,2024-06-22,CUST0369,Udaipur,Rajasthan,West,Personal Care,Personal Care - Soap,Soap,3,93.63,0.1,252.8,50.56,0.2,Cash,Supermarket,Budget Shopper
ORD02812,2024-06-22,CUST0293,Jodhpur,Rajasthan,West,Clothing,Clothing - T-Shirt,T-Shirt,3,737.06,0.15,1879.5,469.88,0.25,Wallet,Hypermarket,Regular Shopper
ORD01173,2024-06-23,CUST0695,Coimbatore,Tamil Nadu,South,Beverages,Beverages - Juice,Juice,7,518.76,0.08,3340.81,467.71,0.14,Debit Card,Hypermarket,Budget Shopper
ORD03442,2024-06-23,CUST1065,Bengaluru,Karnataka,South,Grocery,Grocery - Sugar,Sugar,5,588.72,0.15,2502.06,225.19,0.09,Wallet,Hypermarket,Budget Shopper
ORD02955,2024-06-23,CUST0165,Mangaluru,Karnataka,South,Clothing,Clothing - Jeans,Jeans,1,710.82,0.05,675.28,168.82,0.25,Debit Card,Hypermarket,Regular Shopper
ORD02110,2024-06-23,CUST0790,Udaipur,Rajasthan,West,Grocery,Grocery - Biscuits,Biscuits,2,338.7,0.08,623.21,56.09,0.09,Wallet,Supermarket,Regular Shopper
ORD04913,2024-06-23,CUST0270,Warangal,Telangana,South,Electronics,Electronics - Extension Board,Extension Board,6,2285.05,0.1,12339.27,2221.07,0.18,Cash,Hypermarket,Budget Shopper
ORD00985,2024-06-23,CUST1048,Thane,Maharashtra,West,Beverages,Beverages - Packaged Water,Packaged Water,1,1935.78,0.05,1838.99,257.46,0.14,Debit Card,Hypermarket,Budget Shopper
ORD02850,2024-06-23,CUST1045,Kolkata,West Bengal,East,Grocery,Grocery - Rice,Rice,1,1218.28,0.08,1120.82,100.87,0.09,Cash,Hypermarket,Regular Shopper
ORD04588,2024-06-23,CUST0836,Kolkata,West Bengal,East,Clothing,Clothing - Shirt,Shirt,5,438.32,0.08,2016.27,504.07,0.25,Wallet,Hypermarket,Budget Shopper
ORD03107,2024-06-24,CUST0560,Jabalpur,Madhya Pradesh,West,Personal Care,Personal Care - Soap,Soap,4,1386.36,0.08,5101.8,1020.36,0.2,UPI,Hypermarket,Regular Shopper
ORD04969,2024-06-24,CUST0645,Vadodara,Gujarat,West,Grocery,Grocery - Rice,Rice,5,338.62,0.2,1354.48,121.9,0.09,Wallet,Supermarket,Premium Shopper
ORD00201,2024-06-24,CUST0770,Noida,Uttar Pradesh,North,Personal Care,Personal Care - Body Lotion,Body Lotion,4,1725.83,0.15,5867.82,1173.56,0.2,Debit Card,Hypermarket,Regular Shopper
ORD01960,2024-06-24,CUST0858,New Delhi,Delhi,North,Beverages,Beverages - Soft Drink,Soft Drink,5,623.43,0.05,2961.29,414.58,0.14,Wallet,Hypermarket,Budget Shopper
ORD00725,2024-06-24,CUST1125,Jabalpur,Madhya Pradesh,West,Beverages,Beverages - Juice,Juice,2,809.27,0.0,1618.54,226.6,0.14,Credit Card,Hypermarket,Regular Shopper
ORD03959,2024-06-24,CUST0357,Jodhpur,Rajasthan,West,Home Care,Home Care - Tissue,Tissue,5,580.42,0.05,2757.0,441.12,0.16,Wallet,Hypermarket,Budget Shopper
ORD03590,2024-06-25,CUST0774,Kolkata,West Bengal,East,Grocery,Grocery - Sugar,Sugar,5,884.68,0.05,4202.23,378.2,0.09,Cash,Supermarket,Budget Shopper
ORD01414,2024-06-25,CUST0962,Jodhpur,Rajasthan,West,Home Care,Home Care - Dishwash,Dishwash,2,100.67,0.08,185.23,29.64,0.16,UPI,Hypermarket,Regular Shopper
ORD04020,2024-06-26,CUST0167,Rajkot,Gujarat,West,Personal Care,Personal Care - Face Wash,Face Wash,2,2361.15,0.08,4344.52,868.9,0.2,Debit Card,Supermarket,Budget Shopper
ORD01843,2024-06-26,CUST0922,Udaipur,Rajasthan,West,Grocery,Grocery - Wheat Flour,Wheat Flour,2,2160.65,0.05,4105.23,369.47,0.09,Cash,Supermarket,Regular Shopper
ORD01479,2024-06-26,CUST0254,Mysuru,Karnataka,South,Clothing,Clothing - Kids Wear,Kids Wear,4,376.73,0.08,1386.37,346.59,0.25,UPI,Hypermarket,Regular Shopper
ORD04441,2024-06-27,CUST0180,Surat,Gujarat,West,Home Care,Home Care - Toilet Cleaner,Toilet Cleaner,1,1669.13,0.2,1335.3,213.65,0.16,Debit Card,Hypermarket,Regular Shopper
ORD02892,2024-06-27,CUST0153,Bhopal,Madhya Pradesh,West,Grocery,Grocery - Biscuits,Biscuits,5,715.47,0.08,3291.16,296.2,0.09,Credit Card,Hypermarket,Budget Shopper
ORD03125,2024-06-27,CUST0183,Mumbai,Maharashtra,West,Clothing,Clothing - Kids Wear,Kids Wear,4,1095.82,0.08,4032.62,1008.15,0.25,Cash,Supermarket,Budget Shopper
ORD00946,2024-06-28,CUST0289,Udaipur,Rajasthan,West,Clothing,Clothing - Kids Wear,Kids Wear,5,1784.91,0.15,7585.87,1896.47,0.25,Debit Card,Hypermarket,Budget Shopper
ORD02064,2024-06-28,CUST0060,Warangal,Telangana,South,Grocery,Grocery - Rice,Rice,4,1934.3,0.15,6576.62,591.9,0.09,Debit Card,Supermarket,Regular Shopper
ORD00863,2024-06-28,CUST0508,Pune,Maharashtra,West,Grocery,Grocery - Cooking Oil,Cooking Oil,7,287.85,0.05,1914.2,172.28,0.09,UPI,Supermarket,Regular Shopper
ORD03239,2024-06-28,CUST0270,Warangal,Telangana,South,Personal Care,Personal Care - Soap,Soap,5,1324.44,0.05,6291.09,1258.22,0.2,Wallet,Supermarket,Regular Shopper
ORD01182,2024-06-28,CUST0352,Chennai,Tamil Nadu,South,Clothing,Clothing - T-Shirt,T-Shirt,7,2169.97,0.1,13670.81,3417.7,0.25,Cash,Hypermarket,Premium Shopper
ORD02867,2024-06-28,CUST0287,Indore,Madhya Pradesh,West,Personal Care,Personal Care - Face Wash,Face Wash,6,2462.67,0.02,14480.5,2896.1,0.2,UPI,Supermarket,Regular Shopper
ORD02418,2024-06-29,CUST0025,Noida,Uttar Pradesh,North,Personal Care,Personal Care - Face Wash,Face Wash,2,1402.85,0.15,2384.84,476.97,0.2,Wallet,Hypermarket,Regular Shopper
ORD03351,2024-06-29,CUST0190,Kolkata,West Bengal,East,Clothing,Clothing - Kids Wear,Kids Wear,4,290.19,0.1,1044.68,261.17,0.25,Debit Card,Hypermarket,Budget Shopper
ORD04996,2024-06-29,CUST0639,Pune,Maharashtra,West,Personal Care,Personal Care - Shampoo,Shampoo,3,1849.42,0.08,5104.4,1020.88,0.2,UPI,Supermarket,Regular Shopper
ORD04561,2024-06-30,CUST0044,Noida,Uttar Pradesh,North,Grocery,Grocery - Sugar,Sugar,5,2482.65,0.05,11792.59,1061.33,0.09,UPI,Supermarket,Budget Shopper
ORD03733,2024-06-30,CUST0989,Mysuru,Karnataka,South,Grocery,Grocery - Wheat Flour,Wheat Flour,1,1466.08,0.1,1319.47,118.75,0.09,Wallet,Supermarket,Regular Shopper
ORD00721,2024-06-30,CUST0540,New Delhi,Delhi,North,Electronics,Electronics - Earphones,Earphones,5,2160.14,0.1,9720.63,1749.71,0.18,Credit Card,Hypermarket,Budget Shopper
ORD00611,2024-06-30,CUST0056,Warangal,Telangana,South,Home Care,Home Care - Detergent,Detergent,6,787.19,0.05,4486.98,717.92,0.16,UPI,Supermarket,Budget Shopper
ORD01437,2024-06-30,CUST0685,Surat,Gujarat,West,Clothing,Clothing - T-Shirt,T-Shirt,5,1834.59,0.2,7338.36,1834.59,0.25,Wallet,Supermarket,Regular Shopper
ORD04981,2024-07-01,CUST0462,Udaipur,Rajasthan,West,Home Care,Home Care - Floor Cleaner,Floor Cleaner,3,855.74,0.15,2182.14,349.14,0.16,Cash,Hypermarket,Regular Shopper
ORD04321,2024-07-01,CUST0824,Ahmedabad,Gujarat,West,Clothing,Clothing - T-Shirt,T-Shirt,1,401.12,0.15,340.95,85.24,0.25,UPI,Hypermarket,Budget Shopper
ORD02298,2024-07-01,CUST0960,Jabalpur,Madhya Pradesh,West,Home Care,Home Care - Tissue,Tissue,1,644.56,0.2,515.65,82.5,0.16,Cash,Supermarket,Regular Shopper
ORD00708,2024-07-01,CUST0302,Bhopal,Madhya Pradesh,West,Clothing,Clothing - T-Shirt,T-Shirt,6,743.17,0.1,4013.12,1003.28,0.25,Credit Card,Supermarket,Regular Shopper
ORD04649,2024-07-01,CUST0583,Bengaluru,Karnataka,South,Grocery,Grocery - Rice,Rice,2,44.98,0.15,76.47,6.88,0.09,Credit Card,Hypermarket,Regular Shopper
ORD00143,2024-07-02,CUST0662,Mysuru,Karnataka,South,Grocery,Grocery - Cooking Oil,Cooking Oil,1,2490.98,0.08,2291.7,206.25,0.09,Cash,Supermarket,Budget Shopper
ORD02861,2024-07-03,CUST0051,Mumbai,Maharashtra,West,Clothing,Clothing - Socks,Socks,3,221.67,0.05,631.76,157.94,0.25,UPI,Hypermarket,Regular Shopper
ORD02314,2024-07-03,CUST0285,Kolkata,West Bengal,East,Clothing,Clothing - Shirt,Shirt,3,1476.44,0.05,4207.85,1051.96,0.25,Cash,Hypermarket,Budget Shopper
ORD00996,2024-07-03,CUST0484,New Delhi,Delhi,North,Grocery,Grocery - Sugar,Sugar,6,2070.29,0.02,12173.31,1095.6,0.09,Credit Card,Hypermarket,Regular Shopper
ORD04563,2024-07-03,CUST0320,Kanpur,Uttar Pradesh,North,Electronics,Electronics - Extension Board,Extension Board,5,2198.95,0.05,10445.01,1880.1,0.18,Debit Card,Hypermarket,Regular Shopper
ORD00481,2024-07-03,CUST0249,Kolkata,West Bengal,East,Grocery,Grocery - Cooking Oil,Cooking Oil,3,264.62,0.1,714.47,64.3,0.09,Debit Card,Hypermarket,Regular Shopper
ORD02762,2024-07-04,CUST0640,New Delhi,Delhi,North,Grocery,Grocery - Rice,Rice,1,653.22,0.02,640.16,57.61,0.09,Credit Card,Supermarket,Budget Shopper
ORD04407,2024-07-04,CUST0845,Bhopal,Madhya Pradesh,West,Beverages,Beverages - Soft Drink,Soft Drink,7,1951.56,0.15,11611.78,1625.65,0.14,Credit Card,Supermarket,Budget Shopper
ORD03961,2024-07-04,CUST0079,Rajkot,Gujarat,West,Clothing,Clothing - Socks,Socks,6,1119.62,0.2,5374.18,1343.54,0.25,Debit Card,Supermarket,Regular Shopper
ORD04735,2024-07-05,CUST0967,Thane,Maharashtra,West,Grocery,Grocery - Wheat Flour,Wheat Flour,1,998.89,0.05,948.95,85.41,0.09,Cash,Supermarket,Regular Shopper
ORD02253,2024-07-05,CUST0952,Nagpur,Maharashtra,West,Home Care,Home Care - Tissue,Tissue,4,383.45,0.15,1303.73,208.6,0.16,Wallet,Supermarket,Budget Shopper
ORD02932,2024-07-05,CUST1093,Jodhpur,Rajasthan,West,Beverages,Beverages - Soft Drink,Soft Drink,7,2318.95,0.1,14609.38,2045.31,0.14,Wallet,Hypermarket,Budget Shopper
ORD03355,2024-07-06,CUST0515,Coimbatore,Tamil Nadu,South,Electronics,Electronics - Mixer,Mixer,1,1701.83,0.08,1565.68,281.82,0.18,Debit Card,Supermarket,Premium Shopper
ORD03626,2024-07-06,CUST0017,Chennai,Tamil Nadu,South,Personal Care,Personal Care - Body Lotion,Body Lotion,4,150.25,0.08,552.92,110.58,0.2,Cash,Supermarket,Regular Shopper
ORD01721,2024-07-06,CUST1085,Pune,Maharashtra,West,Electronics,Electronics - LED Bulb,LED Bulb,3,1733.74,0.2,4160.98,748.98,0.18,Cash,Supermarket,Budget Shopper
ORD03615,2024-07-06,CUST1127,Lucknow,Uttar Pradesh,North,Grocery,Grocery - Wheat Flour,Wheat Flour,4,1659.63,0.1,5974.67,537.72,0.09,Debit Card,Supermarket,Regular Shopper
ORD02286,2024-07-06,CUST0537,Bhopal,Madhya Pradesh,West,Home Care,Home Care - Toilet Cleaner,Toilet Cleaner,4,702.46,0.0,2809.84,449.57,0.16,UPI,Hypermarket,Regular Shopper
ORD01047,2024-07-06,CUST1143,Chennai,Tamil Nadu,South,Grocery,Grocery - Rice,Rice,3,1841.47,0.05,5248.19,472.34,0.09,Wallet,Supermarket,Budget Shopper
ORD02480,2024-07-06,CUST1130,Kolkata,West Bengal,East,Beverages,Beverages - Soft Drink,Soft Drink,3,321.69,0.1,868.56,121.6,0.14,Debit Card,Hypermarket,Premium Shopper
ORD01140,2024-07-06,CUST0790,Kolkata,West Bengal,East,Grocery,Grocery - Wheat Flour,Wheat Flour,1,1196.91,0.25,897.68,80.79,0.09,Wallet,Hypermarket,Premium Shopper
ORD03991,2024-07-06,CUST0724,Warangal,Telangana,South,Beverages,Beverages - Coffee,Coffee,6,1941.35,0.0,11648.1,1630.73,0.14,Credit Card,Supermarket,Budget Shopper
ORD04675,2024-07-07,CUST0928,Kolkata,West Bengal,East,Electronics,Electronics - Power Bank,Power Bank,1,1240.04,0.1,1116.04,200.89,0.18,Debit Card,Supermarket,Regular Shopper
ORD02371,2024-07-07,CUST0013,Indore,Madhya Pradesh,West,Beverages,Beverages - Tea,Tea,7,1046.7,0.08,6740.75,943.7,0.14,Wallet,Hypermarket,Budget Shopper
ORD04082,2024-07-07,CUST0852,Madurai,Tamil Nadu,South,Beverages,Beverages - Tea,Tea,2,2338.02,0.05,4442.24,621.91,0.14,UPI,Supermarket,Budget Shopper
ORD02649,2024-07-07,CUST0606,Hyderabad,Telangana,South,Grocery,Grocery - Biscuits,Biscuits,5,1154.33,0.1,5194.48,467.5,0.09,Wallet,Hypermarket,Premium Shopper
ORD02175,2024-07-08,CUST0608,Udaipur,Rajasthan,West,Clothing,Clothing - Socks,Socks,5,44.5,0.15,189.12,47.28,0.25,Debit Card,Supermarket,Regular Shopper
ORD01731,2024-07-08,CUST0495,Ahmedabad,Gujarat,West,Beverages,Beverages - Coffee,Coffee,5,1007.99,0.0,5039.95,705.59,0.14,Credit Card,Supermarket,Regular Shopper
ORD04468,2024-07-08,CUST0157,Mangaluru,Karnataka,South,Grocery,Grocery - Biscuits,Biscuits,4,949.57,0.08,3494.42,314.5,0.09,Wallet,Hypermarket,Budget Shopper
ORD04545,2024-07-08,CUST1172,New Delhi,Delhi,North,Grocery,Grocery - Sugar,Sugar,2,2079.45,0.1,3743.01,336.87,0.09,UPI,Supermarket,Regular Shopper
ORD04493,2024-07-08,CUST1072,Warangal,Telangana,South,Grocery,Grocery - Sugar,Sugar,1,1445.65,0.05,1373.37,123.6,0.09,Cash,Hypermarket,Budget Shopper
ORD02085,2024-07-08,CUST0319,Lucknow,Uttar Pradesh,North,Grocery,Grocery - Wheat Flour,Wheat Flour,7,119.44,0.05,794.28,71.49,0.09,Wallet,Hypermarket,Budget Shopper
ORD04294,2024-07-09,CUST1080,Bengaluru,Karnataka,South,Personal Care,Personal Care - Body Lotion,Body Lotion,3,312.85,0.1,844.7,168.94,0.2,Credit Card,Hypermarket,Regular Shopper
ORD02909,2024-07-09,CUST0989,Hyderabad,Telangana,South,Personal Care,Personal Care - Shampoo,Shampoo,3,1520.15,0.02,4469.24,893.85,0.2,Cash,Supermarket,Regular Shopper
ORD02751,2024-07-09,CUST0473,Chennai,Tamil Nadu,South,Clothing,Clothing - Kids Wear,Kids Wear,2,589.99,0.08,1085.58,271.4,0.25,Credit Card,Supermarket,Budget Shopper
ORD02951,2024-07-09,CUST1156,Thane,Maharashtra,West,Grocery,Grocery - Biscuits,Biscuits,7,1322.69,0.1,8332.95,749.97,0.09,Cash,Hypermarket,Budget Shopper
ORD00039,2024-07-09,CUST1067,Madurai,Tamil Nadu,South,Clothing,Clothing - Jeans,Jeans,4,713.94,0.02,2798.64,699.66,0.25,Credit Card,Hypermarket,Budget Shopper
ORD04393,2024-07-10,CUST0647,Hyderabad,Telangana,South,Clothing,Clothing - Socks,Socks,2,2239.7,0.25,3359.55,839.89,0.25,Wallet,Supermarket,Budget Shopper
ORD01898,2024-07-10,CUST1099,Coimbatore,Tamil Nadu,South,Grocery,Grocery - Biscuits,Biscuits,5,430.41,0.1,1936.85,174.32,0.09,Debit Card,Supermarket,Regular Shopper
ORD02890,2024-07-10,CUST0024,Mangaluru,Karnataka,South,Clothing,Clothing - T-Shirt,T-Shirt,5,1998.68,0.08,9193.93,2298.48,0.25,UPI,Supermarket,Regular Shopper
ORD01116,2024-07-10,CUST1060,Nashik,Maharashtra,West,Beverages,Beverages - Coffee,Coffee,2,1756.58,0.02,3442.9,482.01,0.14,Cash,Hypermarket,Regular Shopper
ORD02911,2024-07-10,CUST0714,Lucknow,Uttar Pradesh,North,Personal Care,Personal Care - Shampoo,Shampoo,5,1692.15,0.05,8037.71,1607.54,0.2,Wallet,Hypermarket,Budget Shopper
ORD04670,2024-07-10,CUST0770,Jabalpur,Madhya Pradesh,West,Clothing,Clothing - Socks,Socks,3,2190.05,0.08,6044.54,1511.14,0.25,Credit Card,Supermarket,Budget Shopper
ORD02401,2024-07-11,CUST0303,Kolkata,West Bengal,East,Beverages,Beverages - Juice,Juice,2,989.12,0.05,1879.33,263.11,0.14,UPI,Supermarket,Regular Shopper
ORD02513,2024-07-11,CUST1029,Jodhpur,Rajasthan,West,Grocery,Grocery - Wheat Flour,Wheat Flour,5,1421.16,0.0,7105.8,639.52,0.09,Credit Card,Hypermarket,Premium Shopper
ORD03311,2024-07-11,CUST0304,Bhopal,Madhya Pradesh,West,Grocery,Grocery - Biscuits,Biscuits,6,2242.17,0.05,12780.37,1150.23,0.09,Cash,Supermarket,Budget Shopper
ORD01980,2024-07-11,CUST0078,Jaipur,Rajasthan,West,Beverages,Beverages - Coffee,Coffee,5,257.06,0.05,1221.03,170.94,0.14,Wallet,Hypermarket,Regular Shopper
ORD00296,2024-07-11,CUST0277,Vadodara,Gujarat,West,Beverages,Beverages - Juice,Juice,6,227.55,0.2,1092.24,152.91,0.14,Credit Card,Supermarket,Regular Shopper
ORD04315,2024-07-12,CUST0217,Mangaluru,Karnataka,South,Beverages,Beverages - Soft Drink,Soft Drink,2,2323.33,0.08,4274.93,598.49,0.14,Debit Card,Supermarket,Regular Shopper
ORD03194,2024-07-12,CUST0145,Madurai,Tamil Nadu,South,Grocery,Grocery - Cooking Oil,Cooking Oil,5,2355.3,0.0,11776.5,1059.89,0.09,Wallet,Hypermarket,Regular Shopper
ORD03440,2024-07-12,CUST0557,Jodhpur,Rajasthan,West,Home Care,Home Care - Detergent,Detergent,6,2399.16,0.1,12955.46,2072.87,0.16,Cash,Hypermarket,Budget Shopper
ORD04291,2024-07-13,CUST0258,Madurai,Tamil Nadu,South,Beverages,Beverages - Packaged Water,Packaged Water,6,1060.98,0.15,5411.0,757.54,0.14,Debit Card,Supermarket,Premium Shopper
ORD00729,2024-07-13,CUST1044,Ahmedabad,Gujarat,West,Grocery,Grocery - Rice,Rice,5,1213.78,0.0,6068.9,546.2,0.09,Cash,Supermarket,Premium Shopper
ORD02091,2024-07-14,CUST0331,Warangal,Telangana,South,Home Care,Home Care - Tissue,Tissue,3,1940.67,0.15,4948.71,791.79,0.16,Cash,Supermarket,Premium Shopper
ORD04544,2024-07-14,CUST0828,New Delhi,Delhi,North,Grocery,Grocery - Rice,Rice,5,1744.52,0.2,6978.08,628.03,0.09,Cash,Hypermarket,Budget Shopper
ORD02027,2024-07-14,CUST0310,Mysuru,Karnataka,South,Grocery,Grocery - Sugar,Sugar,4,2357.68,0.2,7544.58,679.01,0.09,UPI,Supermarket,Regular Shopper
ORD01518,2024-07-14,CUST0276,Hyderabad,Telangana,South,Grocery,Grocery - Sugar,Sugar,7,84.79,0.0,593.53,53.42,0.09,Credit Card,Supermarket,Regular Shopper
ORD03691,2024-07-15,CUST0664,Mysuru,Karnataka,South,Clothing,Clothing - Shirt,Shirt,7,959.31,0.02,6580.87,1645.22,0.25,Credit Card,Hypermarket,Premium Shopper
ORD00945,2024-07-15,CUST0615,Pune,Maharashtra,West,Personal Care,Personal Care - Toothpaste,Toothpaste,4,1398.32,0.08,5145.82,1029.16,0.2,Wallet,Hypermarket,Budget Shopper
ORD03574,2024-07-15,CUST0914,Lucknow,Uttar Pradesh,North,Grocery,Grocery - Biscuits,Biscuits,4,1742.19,0.1,6271.88,564.47,0.09,Cash,Supermarket,Regular Shopper
ORD02957,2024-07-15,CUST0521,Jodhpur,Rajasthan,West,Electronics,Electronics - Extension Board,Extension Board,4,2255.53,0.05,8571.01,1542.78,0.18,Credit Card,Hypermarket,Budget Shopper
ORD02952,2024-07-15,CUST0332,Surat,Gujarat,West,Grocery,Grocery - Cooking Oil,Cooking Oil,7,590.84,0.15,3515.5,316.4,0.09,UPI,Supermarket,Budget Shopper
ORD03558,2024-07-15,CUST0792,Chennai,Tamil Nadu,South,Electronics,Electronics - Power Bank,Power Bank,1,1816.56,0.15,1544.08,277.93,0.18,Wallet,Hypermarket,Regular Shopper
ORD00793,2024-07-15,CUST0841,Kolkata,West Bengal,East,Home Care,Home Care - Detergent,Detergent,4,1579.92,0.1,5687.71,910.03,0.16,Wallet,Hypermarket,Budget Shopper
ORD02001,2024-07-16,CUST0097,Jaipur,Rajasthan,West,Clothing,Clothing - Shirt,Shirt,3,1761.25,0.08,4861.05,1215.26,0.25,Wallet,Supermarket,Premium Shopper
ORD01726,2024-07-16,CUST0475,New Delhi,Delhi,North,Clothing,Clothing - Jeans,Jeans,4,430.01,0.1,1548.04,387.01,0.25,Debit Card,Supermarket,Regular Shopper
ORD00369,2024-07-16,CUST0901,Udaipur,Rajasthan,West,Electronics,Electronics - Mixer,Mixer,2,1129.93,0.1,2033.87,366.1,0.18,UPI,Supermarket,Regular Shopper
ORD01181,2024-07-17,CUST1194,Warangal,Telangana,South,Clothing,Clothing - Shirt,Shirt,5,677.69,0.1,3049.61,762.4,0.25,Credit Card,Hypermarket,Regular Shopper
ORD03832,2024-07-17,CUST0819,Hyderabad,Telangana,South,Grocery,Grocery - Wheat Flour,Wheat Flour,7,930.71,0.15,5537.72,498.39,0.09,Debit Card,Supermarket,Budget Shopper
ORD04949,2024-07-17,CUST0695,Lucknow,Uttar Pradesh,North,Beverages,Beverages - Coffee,Coffee,5,947.21,0.02,4641.33,649.79,0.14,UPI,Supermarket,Budget Shopper
ORD01871,2024-07-17,CUST0718,Kanpur,Uttar Pradesh,North,Grocery,Grocery - Cooking Oil,Cooking Oil,6,857.65,0.1,4631.31,416.82,0.09,UPI,Hypermarket,Regular Shopper
ORD01988,2024-07-17,CUST0823,Ahmedabad,Gujarat,West,Clothing,Clothing - T-Shirt,T-Shirt,6,2079.51,0.08,11478.9,2869.73,0.25,Cash,Supermarket,Regular Shopper
ORD01456,2024-07-17,CUST0316,Nashik,Maharashtra,West,Electronics,Electronics - Extension Board,Extension Board,1,122.56,0.02,120.11,21.62,0.18,Credit Card,Supermarket,Regular Shopper
ORD00015,2024-07-17,CUST0442,New Delhi,Delhi,North,Home Care,Home Care - Detergent,Detergent,7,647.32,0.08,4168.74,667.0,0.16,UPI,Hypermarket,Budget Shopper
ORD01004,2024-07-18,CUST1180,New Delhi,Delhi,North,Clothing,Clothing - T-Shirt,T-Shirt,4,1978.77,0.1,7123.57,1780.89,0.25,Credit Card,Hypermarket,Budget Shopper
ORD03942,2024-07-18,CUST0476,Nashik,Maharashtra,West,Electronics,Electronics - Mixer,Mixer,1,181.45,0.15,154.23,27.76,0.18,Debit Card,Hypermarket,Budget Shopper
ORD01208,2024-07-18,CUST0662,Surat,Gujarat,West,Personal Care,Personal Care - Toothpaste,Toothpaste,5,822.13,0.1,3699.58,739.92,0.2,Wallet,Supermarket,Budget Shopper
ORD02129,2024-07-18,CUST1086,Kanpur,Uttar Pradesh,North,Grocery,Grocery - Biscuits,Biscuits,3,708.22,0.05,2018.43,181.66,0.09,Debit Card,Hypermarket,Budget Shopper
ORD03799,2024-07-18,CUST0746,Chennai,Tamil Nadu,South,Home Care,Home Care - Floor Cleaner,Floor Cleaner,4,954.02,0.05,3625.28,580.04,0.16,Cash,Hypermarket,Regular Shopper
ORD04485,2024-07-18,CUST0989,Kolkata,West Bengal,East,Grocery,Grocery - Biscuits,Biscuits,6,2316.88,0.1,12511.15,1126.0,0.09,UPI,Supermarket,Regular Shopper
ORD00717,2024-07-18,CUST0340,Surat,Gujarat,West,Clothing,Clothing - T-Shirt,T-Shirt,4,641.57,0.2,2053.02,513.26,0.25,Cash,Hypermarket,Budget Shopper
ORD00016,2024-07-19,CUST0220,Nagpur,Maharashtra,West,Home Care,Home Care - Dishwash,Dishwash,1,121.3,0.1,109.17,17.47,0.16,Credit Card,Hypermarket,Regular Shopper
ORD03540,2024-07-19,CUST0868,Madurai,Tamil Nadu,South,Electronics,Electronics - LED Bulb,LED Bulb,2,1577.28,0.08,2902.2,522.4,0.18,Wallet,Hypermarket,Budget Shopper
ORD03846,2024-07-19,CUST0779,Kolkata,West Bengal,East,Grocery,Grocery - Cooking Oil,Cooking Oil,6,1295.67,0.08,7152.1,643.69,0.09,Cash,Hypermarket,Premium Shopper
ORD04338,2024-07-19,CUST1172,Vadodara,Gujarat,West,Electronics,Electronics - LED Bulb,LED Bulb,3,411.87,0.15,1050.27,189.05,0.18,UPI,Supermarket,Regular Shopper
ORD03573,2024-07-19,CUST0782,Jaipur,Rajasthan,West,Home Care,Home Care - Detergent,Detergent,1,2425.08,0.08,2231.07,356.97,0.16,UPI,Supermarket,Regular Shopper
ORD02244,2024-07-19,CUST0830,Jaipur,Rajasthan,West,Clothing,Clothing - Socks,Socks,6,1829.95,0.1,9881.73,2470.43,0.25,UPI,Supermarket,Regular Shopper
ORD02597,2024-07-19,CUST0965,Kolkata,West Bengal,East,Beverages,Beverages - Packaged Water,Packaged Water,7,821.44,0.08,5290.07,740.61,0.14,Wallet,Hypermarket,Budget Shopper
ORD00980,2024-07-20,CUST0760,Kolkata,West Bengal,East,Personal Care,Personal Care - Soap,Soap,1,2378.46,0.08,2188.18,437.64,0.2,Cash,Hypermarket,Regular Shopper
ORD01534,2024-07-20,CUST0404,Jodhpur,Rajasthan,West,Electronics,Electronics - LED Bulb,LED Bulb,3,392.19,0.1,1058.91,190.6,0.18,Cash,Supermarket,Regular Shopper
ORD04538,2024-07-20,CUST0482,Mysuru,Karnataka,South,Grocery,Grocery - Rice,Rice,6,1009.94,0.08,5574.87,501.74,0.09,Wallet,Supermarket,Premium Shopper
ORD00465,2024-07-20,CUST1109,Kolkata,West Bengal,East,Clothing,Clothing - T-Shirt,T-Shirt,7,648.6,0.08,4176.98,1044.24,0.25,Cash,Supermarket,Budget Shopper
ORD02588,2024-07-21,CUST0959,Kolkata,West Bengal,East,Electronics,Electronics - Power Bank,Power Bank,3,1380.34,0.1,3726.92,670.85,0.18,Credit Card,Hypermarket,Budget Shopper
ORD02010,2024-07-21,CUST0731,Mysuru,Karnataka,South,Personal Care,Personal Care - Soap,Soap,5,1851.52,0.02,9072.45,1814.49,0.2,Cash,Supermarket,Budget Shopper
ORD03098,2024-07-21,CUST1087,New Delhi,Delhi,North,Clothing,Clothing - T-Shirt,T-Shirt,2,222.28,0.02,435.67,108.92,0.25,Wallet,Supermarket,Budget Shopper
ORD03785,2024-07-21,CUST0622,Jodhpur,Rajasthan,West,Personal Care,Personal Care - Toothpaste,Toothpaste,3,306.95,0.15,782.72,156.54,0.2,Debit Card,Hypermarket,Regular Shopper
ORD04209,2024-07-21,CUST0239,Mangaluru,Karnataka,South,Grocery,Grocery - Sugar,Sugar,3,154.94,0.08,427.63,38.49,0.09,UPI,Hypermarket,Regular Shopper
ORD00954,2024-07-21,CUST0607,New Delhi,Delhi,North,Grocery,Grocery - Wheat Flour,Wheat Flour,7,1254.86,0.1,7905.62,711.51,0.09,UPI,Supermarket,Regular Shopper
ORD03024,2024-07-21,CUST0072,Kolkata,West Bengal,East,Grocery,Grocery - Sugar,Sugar,4,1312.11,0.1,4723.6,425.12,0.09,Debit Card,Supermarket,Premium Shopper
ORD04594,2024-07-21,CUST1091,Jodhpur,Rajasthan,West,Clothing,Clothing - Jeans,Jeans,1,675.74,0.1,608.17,152.04,0.25,Wallet,Supermarket,Regular Shopper
ORD04132,2024-07-21,CUST1121,Bengaluru,Karnataka,South,Personal Care,Personal Care - Shampoo,Shampoo,4,1800.63,0.02,7058.47,1411.69,0.2,Wallet,Hypermarket,Premium Shopper
ORD02976,2024-07-21,CUST0091,Jodhpur,Rajasthan,West,Home Care,Home Care - Tissue,Tissue,7,447.27,0.2,2504.71,400.75,0.16,Credit Card,Hypermarket,Premium Shopper
ORD02067,2024-07-22,CUST0763,Noida,Uttar Pradesh,North,Grocery,Grocery - Biscuits,Biscuits,2,870.37,0.1,1566.67,141.0,0.09,Wallet,Supermarket,Regular Shopper
ORD01062,2024-07-22,CUST0762,Bengaluru,Karnataka,South,Electronics,Electronics - Power Bank,Power Bank,6,40.59,0.0,243.54,43.84,0.18,UPI,Supermarket,Budget Shopper
ORD00763,2024-07-22,CUST0278,Jabalpur,Madhya Pradesh,West,Beverages,Beverages - Soft Drink,Soft Drink,3,838.29,0.15,2137.64,299.27,0.14,Credit Card,Supermarket,Regular Shopper
ORD00749,2024-07-22,CUST0731,Vadodara,Gujarat,West,Home Care,Home Care - Detergent,Detergent,1,499.46,0.08,459.5,73.52,0.16,Debit Card,Hypermarket,Budget Shopper
ORD00215,2024-07-22,CUST0188,Noida,Uttar Pradesh,North,Grocery,Grocery - Sugar,Sugar,1,1888.38,0.2,1510.7,135.96,0.09,Cash,Supermarket,Budget Shopper
ORD03716,2024-07-22,CUST0946,Jaipur,Rajasthan,West,Home Care,Home Care - Dishwash,Dishwash,5,401.91,0.08,1848.79,295.81,0.16,Wallet,Hypermarket,Regular Shopper
ORD02592,2024-07-23,CUST0146,New Delhi,Delhi,North,Beverages,Beverages - Coffee,Coffee,1,922.64,0.2,738.11,103.34,0.14,Debit Card,Supermarket,Premium Shopper
ORD00411,2024-07-23,CUST0982,Madurai,Tamil Nadu,South,Grocery,Grocery - Biscuits,Biscuits,1,1722.31,0.1,1550.08,139.51,0.09,Wallet,Supermarket,Budget Shopper
ORD01807,2024-07-23,CUST0697,Vadodara,Gujarat,West,Electronics,Electronics - Mixer,Mixer,1,996.84,0.05,947.0,170.46,0.18,Cash,Hypermarket,Regular Shopper
ORD04437,2024-07-23,CUST0881,Surat,Gujarat,West,Electronics,Electronics - Extension Board,Extension Board,3,1104.98,0.05,3149.19,566.85,0.18,Debit Card,Supermarket,Budget Shopper
ORD04432,2024-07-23,CUST0507,Udaipur,Rajasthan,West,Home Care,Home Care - Dishwash,Dishwash,4,614.07,0.15,2087.84,334.05,0.16,Debit Card,Hypermarket,Regular Shopper
ORD00027,2024-07-23,CUST0566,Jaipur,Rajasthan,West,Beverages,Beverages - Juice,Juice,6,2327.84,0.02,13687.7,1916.28,0.14,Credit Card,Hypermarket,Regular Shopper
ORD02626,2024-07-23,CUST0140,Bhopal,Madhya Pradesh,West,Home Care,Home Care - Tissue,Tissue,5,507.0,0.0,2535.0,405.6,0.16,Credit Card,Hypermarket,Budget Shopper
ORD00555,2024-07-23,CUST0368,Ahmedabad,Gujarat,West,Personal Care,Personal Care - Body Lotion,Body Lotion,2,933.97,0.08,1718.5,343.7,0.2,Wallet,Hypermarket,Budget Shopper
ORD04187,2024-07-23,CUST0724,Bengaluru,Karnataka,South,Grocery,Grocery - Rice,Rice,6,613.27,0.0,3679.62,331.17,0.09,Credit Card,Hypermarket,Budget Shopper
ORD04380,2024-07-24,CUST0917,Nagpur,Maharashtra,West,Clothing,Clothing - Socks,Socks,7,65.02,0.15,386.87,96.72,0.25,Debit Card,Hypermarket,Budget Shopper
ORD04109,2024-07-24,CUST0633,Bengaluru,Karnataka,South,Personal Care,Personal Care - Soap,Soap,4,815.48,0.08,3000.97,600.19,0.2,Cash,Hypermarket,Regular Shopper
ORD04425,2024-07-24,CUST0837,Thane,Maharashtra,West,Grocery,Grocery - Rice,Rice,1,1394.18,0.0,1394.18,125.48,0.09,UPI,Supermarket,Premium Shopper
ORD02139,2024-07-24,CUST0388,Rajkot,Gujarat,West,Home Care,Home Care - Toilet Cleaner,Toilet Cleaner,5,1084.55,0.2,4338.2,694.11,0.16,UPI,Hypermarket,Regular Shopper
ORD03335,2024-07-24,CUST0962,Bengaluru,Karnataka,South,Grocery,Grocery - Biscuits,Biscuits,4,462.16,0.1,1663.78,149.74,0.09,UPI,Hypermarket,Budget Shopper
ORD04936,2024-07-24,CUST0230,Pune,Maharashtra,West,Beverages,Beverages - Tea,Tea,4,110.0,0.15,374.0,52.36,0.14,Credit Card,Supermarket,Regular Shopper
ORD03422,2024-07-25,CUST1035,Jaipur,Rajasthan,West,Grocery,Grocery - Sugar,Sugar,3,709.68,0.05,2022.59,182.03,0.09,UPI,Hypermarket,Budget Shopper
ORD04470,2024-07-25,CUST0948,Mysuru,Karnataka,South,Grocery,Grocery - Biscuits,Biscuits,4,1527.26,0.15,5192.68,467.34,0.09,UPI,Supermarket,Budget Shopper
ORD01764,2024-07-25,CUST0563,Warangal,Telangana,South,Grocery,Grocery - Cooking Oil,Cooking Oil,5,1965.35,0.08,9040.61,813.65,0.09,Cash,Supermarket,Premium Shopper
ORD02487,2024-07-25,CUST0586,Warangal,Telangana,South,Electronics,Electronics - LED Bulb,LED Bulb,3,1204.42,0.15,3071.27,552.83,0.18,Debit Card,Hypermarket,Budget Shopper
ORD03113,2024-07-25,CUST0985,Pune,Maharashtra,West,Electronics,Electronics - LED Bulb,LED Bulb,3,483.7,0.1,1305.99,235.08,0.18,UPI,Hypermarket,Budget Shopper
ORD02308,2024-07-25,CUST1181,Vadodara,Gujarat,West,Electronics,Electronics - Extension Board,Extension Board,1,1933.23,0.0,1933.23,347.98,0.18,UPI,Supermarket,Regular Shopper
ORD03861,2024-07-25,CUST0768,Jaipur,Rajasthan,West,Beverages,Beverages - Tea,Tea,2,1030.28,0.05,1957.53,274.05,0.14,Credit Card,Hypermarket,Budget Shopper
ORD00077,2024-07-25,CUST0918,Rajkot,Gujarat,West,Beverages,Beverages - Soft Drink,Soft Drink,3,2110.9,0.15,5382.8,753.59,0.14,Cash,Supermarket,Regular Shopper
ORD00212,2024-07-26,CUST0500,Kolkata,West Bengal,East,Personal Care,Personal Care - Shampoo,Shampoo,3,2449.93,0.0,7349.79,1469.96,0.2,UPI,Supermarket,Regular Shopper
ORD00274,2024-07-26,CUST0045,Mangaluru,Karnataka,South,Home Care,Home Care - Tissue,Tissue,6,288.32,0.05,1643.42,262.95,0.16,UPI,Hypermarket,Regular Shopper
ORD01395,2024-07-26,CUST1050,Bhopal,Madhya Pradesh,West,Home Care,Home Care - Tissue,Tissue,3,1042.04,0.05,2969.81,475.17,0.16,Credit Card,Hypermarket,Regular Shopper
ORD00699,2024-07-26,CUST0165,Jodhpur,Rajasthan,West,Home Care,Home Care - Dishwash,Dishwash,7,700.75,0.25,3678.94,588.63,0.16,UPI,Hypermarket,Regular Shopper
ORD02761,2024-07-26,CUST0475,Indore,Madhya Pradesh,West,Personal Care,Personal Care - Soap,Soap,6,1348.71,0.0,8092.26,1618.45,0.2,Cash,Supermarket,Regular Shopper
ORD01751,2024-07-27,CUST0447,Coimbatore,Tamil Nadu,South,Grocery,Grocery - Sugar,Sugar,7,2464.34,0.05,16387.86,1474.91,0.09,Cash,Supermarket,Regular Shopper
ORD01828,2024-07-27,CUST0481,Indore,Madhya Pradesh,West,Beverages,Beverages - Coffee,Coffee,5,831.1,0.1,3739.95,523.59,0.14,Cash,Hypermarket,Regular Shopper
ORD01574,2024-07-27,CUST0454,Hyderabad,Telangana,South,Beverages,Beverages - Coffee,Coffee,5,1604.44,0.08,7380.42,1033.26,0.14,Wallet,Supermarket,Regular Shopper
ORD04453,2024-07-27,CUST0168,Chennai,Tamil Nadu,South,Grocery,Grocery - Rice,Rice,5,487.32,0.2,1949.28,175.44,0.09,Wallet,Supermarket,Regular Shopper
ORD00567,2024-07-28,CUST1195,Noida,Uttar Pradesh,North,Personal Care,Personal Care - Body Lotion,Body Lotion,2,754.03,0.0,1508.06,301.61,0.2,UPI,Supermarket,Budget Shopper
ORD00530,2024-07-28,CUST0724,Jaipur,Rajasthan,West,Home Care,Home Care - Tissue,Tissue,4,301.07,0.1,1083.85,173.42,0.16,Debit Card,Supermarket,Budget Shopper
ORD04967,2024-07-28,CUST0072,Bhopal,Madhya Pradesh,West,Grocery,Grocery - Rice,Rice,3,867.11,0.15,2211.13,199.0,0.09,Credit Card,Hypermarket,Budget Shopper
ORD03044,2024-07-28,CUST0948,Kanpur,Uttar Pradesh,North,Grocery,Grocery - Rice,Rice,5,538.64,0.15,2289.22,206.03,0.09,Debit Card,Supermarket,Budget Shopper
ORD04576,2024-07-28,CUST0872,New Delhi,Delhi,North,Clothing,Clothing - T-Shirt,T-Shirt,7,1367.0,0.0,9569.0,2392.25,0.25,Cash,Hypermarket,Budget Shopper
ORD02818,2024-07-28,CUST1067,Kolkata,West Bengal,East,Home Care,Home Care - Floor Cleaner,Floor Cleaner,3,1283.66,0.0,3850.98,616.16,0.16,Wallet,Hypermarket,Regular Shopper
ORD03791,2024-07-28,CUST0676,Lucknow,Uttar Pradesh,North,Home Care,Home Care - Tissue,Tissue,5,681.52,0.02,3339.45,534.31,0.16,UPI,Hypermarket,Regular Shopper
ORD02625,2024-07-28,CUST0093,Rajkot,Gujarat,West,Clothing,Clothing - Socks,Socks,5,2240.15,0.08,10304.69,2576.17,0.25,Credit Card,Supermarket,Regular Shopper
ORD02884,2024-07-29,CUST0345,Coimbatore,Tamil Nadu,South,Grocery,Grocery - Cooking Oil,Cooking Oil,7,660.07,0.05,4389.47,395.05,0.09,Wallet,Hypermarket,Regular Shopper
ORD01224,2024-07-29,CUST0037,Mumbai,Maharashtra,West,Home Care,Home Care - Dishwash,Dishwash,3,768.79,0.05,2191.05,350.57,0.16,Debit Card,Hypermarket,Regular Shopper
ORD03909,2024-07-29,CUST0934,Pune,Maharashtra,West,Grocery,Grocery - Cooking Oil,Cooking Oil,4,1714.5,0.05,6515.1,586.36,0.09,Wallet,Hypermarket,Premium Shopper
ORD04747,2024-07-29,CUST1099,Madurai,Tamil Nadu,South,Clothing,Clothing - T-Shirt,T-Shirt,2,1106.79,0.1,1992.22,498.06,0.25,Wallet,Hypermarket,Regular Shopper
ORD02946,2024-07-29,CUST0713,Kanpur,Uttar Pradesh,North,Personal Care,Personal Care - Face Wash,Face Wash,1,1980.53,0.2,1584.42,316.88,0.2,UPI,Supermarket,Regular Shopper
ORD02792,2024-07-30,CUST0083,Nashik,Maharashtra,West,Electronics,Electronics - Mixer,Mixer,1,992.29,0.05,942.68,169.68,0.18,UPI,Hypermarket,Regular Shopper
ORD04022,2024-07-30,CUST1045,Noida,Uttar Pradesh,North,Electronics,Electronics - Power Bank,Power Bank,2,2004.75,0.05,3809.02,685.62,0.18,Debit Card,Supermarket,Regular Shopper
ORD00280,2024-07-30,CUST0633,Chennai,Tamil Nadu,South,Grocery,Grocery - Sugar,Sugar,1,359.63,0.15,305.69,27.51,0.09,Cash,Supermarket,Regular Shopper
ORD03349,2024-07-31,CUST1136,New Delhi,Delhi,North,Beverages,Beverages - Soft Drink,Soft Drink,7,1521.97,0.15,9055.72,1267.8,0.14,Cash,Supermarket,Budget Shopper
ORD04507,2024-07-31,CUST0680,Kolkata,West Bengal,East,Beverages,Beverages - Soft Drink,Soft Drink,4,2179.54,0.2,6974.53,976.43,0.14,Wallet,Hypermarket,Regular Shopper
ORD02316,2024-07-31,CUST0022,Hyderabad,Telangana,South,Home Care,Home Care - Dishwash,Dishwash,1,1572.52,0.08,1446.72,231.48,0.16,Credit Card,Hypermarket,Premium Shopper
ORD02446,2024-07-31,CUST0882,Nagpur,Maharashtra,West,Grocery,Grocery - Biscuits,Biscuits,6,1783.06,0.02,10484.39,943.6,0.09,Credit Card,Supermarket,Budget Shopper
ORD04966,2024-08-01,CUST0254,Kanpur,Uttar Pradesh,North,Grocery,Grocery - Rice,Rice,7,2253.41,0.08,14511.96,1306.08,0.09,Credit Card,Supermarket,Budget Shopper
ORD00933,2024-08-01,CUST1114,Vadodara,Gujarat,West,Beverages,Beverages - Soft Drink,Soft Drink,4,195.37,0.08,718.96,100.65,0.14,UPI,Supermarket,Budget Shopper
ORD02543,2024-08-01,CUST0295,Indore,Madhya Pradesh,West,Grocery,Grocery - Cooking Oil,Cooking Oil,5,549.83,0.05,2611.69,235.05,0.09,Cash,Supermarket,Premium Shopper
ORD01854,2024-08-01,CUST0822,Mumbai,Maharashtra,West,Personal Care,Personal Care - Toothpaste,Toothpaste,5,396.81,0.0,1984.05,396.81,0.2,Debit Card,Hypermarket,Budget Shopper
ORD03097,2024-08-01,CUST1144,Hyderabad,Telangana,South,Personal Care,Personal Care - Face Wash,Face Wash,6,884.66,0.25,3980.97,796.19,0.2,Credit Card,Supermarket,Regular Shopper
ORD03428,2024-08-01,CUST1118,Warangal,Telangana,South,Clothing,Clothing - Shirt,Shirt,6,1559.81,0.05,8890.92,2222.73,0.25,Wallet,Supermarket,Budget Shopper
ORD02310,2024-08-02,CUST0486,Warangal,Telangana,South,Beverages,Beverages - Soft Drink,Soft Drink,7,1354.33,0.15,8058.26,1128.16,0.14,Credit Card,Hypermarket,Budget Shopper
ORD02256,2024-08-02,CUST0514,Udaipur,Rajasthan,West,Home Care,Home Care - Toilet Cleaner,Toilet Cleaner,5,1043.79,0.0,5218.95,835.03,0.16,Credit Card,Supermarket,Regular Shopper
ORD01520,2024-08-02,CUST0114,Udaipur,Rajasthan,West,Clothing,Clothing - Kids Wear,Kids Wear,3,695.49,0.2,1669.18,417.3,0.25,UPI,Supermarket,Budget Shopper
ORD00535,2024-08-03,CUST0378,Udaipur,Rajasthan,West,Home Care,Home Care - Floor Cleaner,Floor Cleaner,5,1778.25,0.02,8713.42,1394.15,0.16,Debit Card,Hypermarket,Budget Shopper
ORD04412,2024-08-03,CUST0806,New Delhi,Delhi,North,Electronics,Electronics - LED Bulb,LED Bulb,1,1608.6,0.15,1367.31,246.12,0.18,Wallet,Supermarket,Premium Shopper
ORD01199,2024-08-03,CUST0430,Coimbatore,Tamil Nadu,South,Clothing,Clothing - Jeans,Jeans,3,2292.06,0.05,6532.37,1633.09,0.25,Wallet,Hypermarket,Premium Shopper
ORD01745,2024-08-03,CUST0469,New Delhi,Delhi,North,Personal Care,Personal Care - Face Wash,Face Wash,5,1482.5,0.15,6300.62,1260.12,0.2,Credit Card,Supermarket,Regular Shopper
ORD03390,2024-08-03,CUST0153,New Delhi,Delhi,North,Personal Care,Personal Care - Body Lotion,Body Lotion,6,949.6,0.1,5127.84,1025.57,0.2,Debit Card,Supermarket,Regular Shopper
ORD01663,2024-08-04,CUST0086,Vadodara,Gujarat,West,Grocery,Grocery - Sugar,Sugar,4,255.2,0.15,867.68,78.09,0.09,Cash,Hypermarket,Budget Shopper
ORD02190,2024-08-04,CUST1174,Kolkata,West Bengal,East,Personal Care,Personal Care - Shampoo,Shampoo,6,2323.58,0.15,11850.26,2370.05,0.2,Wallet,Supermarket,Regular Shopper
ORD02448,2024-08-04,CUST0057,Ahmedabad,Gujarat,West,Grocery,Grocery - Sugar,Sugar,4,909.74,0.08,3347.84,301.31,0.09,Cash,Supermarket,Premium Shopper
ORD02718,2024-08-04,CUST0398,Jaipur,Rajasthan,West,Grocery,Grocery - Wheat Flour,Wheat Flour,4,2322.84,0.05,8826.79,794.41,0.09,Debit Card,Supermarket,Regular Shopper
ORD00214,2024-08-04,CUST0356,Hyderabad,Telangana,South,Personal Care,Personal Care - Body Lotion,Body Lotion,6,1592.68,0.1,8600.47,1720.09,0.2,Credit Card,Hypermarket,Budget Shopper
ORD00461,2024-08-04,CUST0390,Pune,Maharashtra,West,Electronics,Electronics - LED Bulb,LED Bulb,6,1524.2,0.08,8413.58,1514.44,0.18,Credit Card,Hypermarket,Premium Shopper
ORD00216,2024-08-04,CUST0205,Udaipur,Rajasthan,West,Grocery,Grocery - Wheat Flour,Wheat Flour,5,200.8,0.15,853.4,76.81,0.09,Debit Card,Supermarket,Regular Shopper
ORD04112,2024-08-04,CUST0170,Kolkata,West Bengal,East,Grocery,Grocery - Biscuits,Biscuits,4,872.59,0.05,3315.84,298.43,0.09,Cash,Hypermarket,Regular Shopper
ORD03736,2024-08-06,CUST0051,Thane,Maharashtra,West,Personal Care,Personal Care - Toothpaste,Toothpaste,3,143.92,0.08,397.22,79.44,0.2,Wallet,Hypermarket,Regular Shopper
ORD02159,2024-08-06,CUST0438,Vadodara,Gujarat,West,Grocery,Grocery - Cooking Oil,Cooking Oil,3,816.85,0.08,2254.51,202.91,0.09,Cash,Hypermarket,Premium Shopper
ORD00168,2024-08-06,CUST0682,New Delhi,Delhi,North,Beverages,Beverages - Packaged Water,Packaged Water,1,1934.06,0.05,1837.36,257.23,0.14,Wallet,Supermarket,Budget Shopper
ORD01343,2024-08-06,CUST1024,Bhopal,Madhya Pradesh,West,Home Care,Home Care - Floor Cleaner,Floor Cleaner,7,339.51,0.02,2329.04,372.65,0.16,Debit Card,Hypermarket,Budget Shopper
ORD02705,2024-08-07,CUST0667,Lucknow,Uttar Pradesh,North,Grocery,Grocery - Wheat Flour,Wheat Flour,1,589.58,0.05,560.1,50.41,0.09,Wallet,Supermarket,Regular Shopper
ORD00759,2024-08-07,CUST0956,Jabalpur,Madhya Pradesh,West,Grocery,Grocery - Cooking Oil,Cooking Oil,4,2311.13,0.08,8504.96,765.45,0.09,Cash,Supermarket,Regular Shopper
ORD04413,2024-08-08,CUST0336,Kanpur,Uttar Pradesh,North,Electronics,Electronics - Mixer,Mixer,2,1698.36,0.15,2887.21,519.7,0.18,Credit Card,Hypermarket,Premium Shopper
ORD04658,2024-08-08,CUST0561,Kolkata,West Bengal,East,Clothing,Clothing - Shirt,Shirt,6,2240.8,0.15,11428.08,2857.02,0.25,Debit Card,Supermarket,Budget Shopper
ORD02572,2024-08-08,CUST0255,Jaipur,Rajasthan,West,Home Care,Home Care - Floor Cleaner,Floor Cleaner,6,1249.6,0.05,7122.72,1139.64,0.16,UPI,Hypermarket,Regular Shopper
ORD03291,2024-08-09,CUST0016,Pune,Maharashtra,West,Electronics,Electronics - LED Bulb,LED Bulb,7,2443.02,0.2,13680.91,2462.56,0.18,Cash,Hypermarket,Regular Shopper
ORD01513,2024-08-09,CUST0425,Surat,Gujarat,West,Personal Care,Personal Care - Toothpaste,Toothpaste,3,1321.25,0.0,3963.75,792.75,0.2,Credit Card,Supermarket,Budget Shopper
ORD02707,2024-08-09,CUST0764,Nagpur,Maharashtra,West,Home Care,Home Care - Tissue,Tissue,3,678.64,0.15,1730.53,276.88,0.16,Debit Card,Hypermarket,Regular Shopper
ORD04353,2024-08-09,CUST0428,Jabalpur,Madhya Pradesh,West,Home Care,Home Care - Detergent,Detergent,2,1553.03,0.1,2795.45,447.27,0.16,Cash,Supermarket,Budget Shopper
ORD02333,2024-08-09,CUST0820,Kolkata,West Bengal,East,Grocery,Grocery - Sugar,Sugar,2,1301.45,0.1,2342.61,210.83,0.09,Cash,Supermarket,Premium Shopper
ORD04256,2024-08-10,CUST0556,Jaipur,Rajasthan,West,Grocery,Grocery - Wheat Flour,Wheat Flour,7,1384.24,0.0,9689.68,872.07,0.09,Wallet,Supermarket,Premium Shopper
ORD04944,2024-08-10,CUST0728,Jodhpur,Rajasthan,West,Grocery,Grocery - Sugar,Sugar,4,2435.98,0.1,8769.53,789.26,0.09,Wallet,Hypermarket,Budget Shopper
ORD01948,2024-08-10,CUST0977,Lucknow,Uttar Pradesh,North,Home Care,Home Care - Toilet Cleaner,Toilet Cleaner,2,735.33,0.1,1323.59,211.77,0.16,Credit Card,Supermarket,Budget Shopper
ORD02060,2024-08-10,CUST0399,Noida,Uttar Pradesh,North,Electronics,Electronics - Mixer,Mixer,5,1825.3,0.1,8213.85,1478.49,0.18,UPI,Supermarket,Budget Shopper
ORD03958,2024-08-10,CUST1180,Udaipur,Rajasthan,West,Grocery,Grocery - Biscuits,Biscuits,5,321.76,0.08,1480.1,133.21,0.09,Credit Card,Hypermarket,Budget Shopper
ORD00941,2024-08-11,CUST0677,Kolkata,West Bengal,East,Personal Care,Personal Care - Body Lotion,Body Lotion,1,682.13,0.02,668.49,133.7,0.2,Wallet,Hypermarket,Budget Shopper
ORD01021,2024-08-11,CUST0860,Udaipur,Rajasthan,West,Beverages,Beverages - Juice,Juice,4,2231.43,0.02,8747.21,1224.61,0.14,UPI,Hypermarket,Regular Shopper
ORD00704,2024-08-11,CUST0730,Nagpur,Maharashtra,West,Home Care,Home Care - Tissue,Tissue,6,1984.66,0.05,11312.56,1810.01,0.16,Debit Card,Hypermarket,Regular Shopper
ORD04689,2024-08-11,CUST0387,Kolkata,West Bengal,East,Home Care,Home Care - Floor Cleaner,Floor Cleaner,1,2143.28,0.08,1971.82,315.49,0.16,Wallet,Hypermarket,Premium Shopper
ORD01436,2024-08-11,CUST0975,Kolkata,West Bengal,East,Grocery,Grocery - Rice,Rice,5,718.82,0.08,3306.57,297.59,0.09,UPI,Hypermarket,Budget Shopper
ORD00899,2024-08-11,CUST0530,New Delhi,Delhi,North,Personal Care,Personal Care - Toothpaste,Toothpaste,3,459.87,0.0,1379.61,275.92,0.2,UPI,Supermarket,Regular Shopper
ORD01285,2024-08-11,CUST0607,Kolkata,West Bengal,East,Personal Care,Personal Care - Shampoo,Shampoo,6,2401.19,0.15,12246.07,2449.21,0.2,Credit Card,Supermarket,Premium Shopper
ORD00385,2024-08-11,CUST0979,New Delhi,Delhi,North,Grocery,Grocery - Rice,Rice,2,1465.11,0.15,2490.69,224.16,0.09,Cash,Supermarket,Regular Shopper
ORD03740,2024-08-11,CUST0352,Mangaluru,Karnataka,South,Grocery,Grocery - Rice,Rice,5,2361.96,0.25,8857.35,797.16,0.09,Cash,Hypermarket,Premium Shopper
ORD01524,2024-08-11,CUST0826,Indore,Madhya Pradesh,West,Home Care,Home Care - Toilet Cleaner,Toilet Cleaner,7,1892.96,0.08,12190.66,1950.51,0.16,Cash,Supermarket,Premium Shopper
ORD01508,2024-08-12,CUST0898,New Delhi,Delhi,North,Home Care,Home Care - Toilet Cleaner,Toilet Cleaner,2,950.03,0.05,1805.06,288.81,0.16,Credit Card,Hypermarket,Regular Shopper
ORD04197,2024-08-12,CUST0100,Kanpur,Uttar Pradesh,North,Home Care,Home Care - Floor Cleaner,Floor Cleaner,4,998.36,0.0,3993.44,638.95,0.16,Cash,Supermarket,Budget Shopper
ORD00531,2024-08-12,CUST0781,Nashik,Maharashtra,West,Electronics,Electronics - Earphones,Earphones,2,660.35,0.1,1188.63,213.95,0.18,Wallet,Supermarket,Budget Shopper
ORD04297,2024-08-12,CUST0117,New Delhi,Delhi,North,Electronics,Electronics - Extension Board,Extension Board,7,847.26,0.02,5812.2,1046.2,0.18,Cash,Supermarket,Regular Shopper
ORD01491,2024-08-12,CUST0274,Madurai,Tamil Nadu,South,Electronics,Electronics - Earphones,Earphones,7,96.34,0.08,620.43,111.68,0.18,Cash,Hypermarket,Premium Shopper
ORD04524,2024-08-12,CUST0104,Kanpur,Uttar Pradesh,North,Clothing,Clothing - Kids Wear,Kids Wear,6,533.58,0.05,3041.41,760.35,0.25,Debit Card,Supermarket,Budget Shopper
ORD02869,2024-08-12,CUST1178,Noida,Uttar Pradesh,North,Beverages,Beverages - Juice,Juice,7,556.17,0.1,3503.87,490.54,0.14,UPI,Hypermarket,Budget Shopper
ORD03978,2024-08-13,CUST0884,Hyderabad,Telangana,South,Electronics,Electronics - Mixer,Mixer,1,502.04,0.0,502.04,90.37,0.18,UPI,Hypermarket,Premium Shopper
ORD04702,2024-08-13,CUST0363,Nagpur,Maharashtra,West,Grocery,Grocery - Biscuits,Biscuits,3,2206.4,0.2,5295.36,476.58,0.09,Debit Card,Supermarket,Premium Shopper
ORD02993,2024-08-13,CUST0323,Warangal,Telangana,South,Electronics,Electronics - Earphones,Earphones,3,1222.06,0.15,3116.25,560.92,0.18,Cash,Hypermarket,Budget Shopper
ORD03244,2024-08-13,CUST0774,Rajkot,Gujarat,West,Electronics,Electronics - Extension Board,Extension Board,2,2159.22,0.15,3670.67,660.72,0.18,Debit Card,Supermarket,Regular Shopper
ORD01650,2024-08-13,CUST1045,Jabalpur,Madhya Pradesh,West,Grocery,Grocery - Wheat Flour,Wheat Flour,3,796.14,0.05,2269.0,204.21,0.09,Cash,Supermarket,Regular Shopper
ORD04868,2024-08-13,CUST0245,Jodhpur,Rajasthan,West,Beverages,Beverages - Packaged Water,Packaged Water,6,601.24,0.08,3318.84,464.64,0.14,UPI,Supermarket,Regular Shopper
ORD02654,2024-08-13,CUST0936,Bhopal,Madhya Pradesh,West,Grocery,Grocery - Rice,Rice,2,604.17,0.05,1147.92,103.31,0.09,UPI,Hypermarket,Regular Shopper
ORD00814,2024-08-14,CUST0443,Nashik,Maharashtra,West,Grocery,Grocery - Biscuits,Biscuits,2,2241.11,0.2,3585.78,322.72,0.09,Wallet,Supermarket,Budget Shopper
ORD04794,2024-08-14,CUST0805,Udaipur,Rajasthan,West,Home Care,Home Care - Toilet Cleaner,Toilet Cleaner,1,1880.31,0.1,1692.28,270.76,0.16,UPI,Hypermarket,Budget Shopper
ORD00832,2024-08-14,CUST0628,Lucknow,Uttar Pradesh,North,Home Care,Home Care - Dishwash,Dishwash,5,1550.06,0.08,7130.28,1140.84,0.16,Cash,Hypermarket,Regular Shopper
ORD01818,2024-08-14,CUST0078,Lucknow,Uttar Pradesh,North,Personal Care,Personal Care - Toothpaste,Toothpaste,4,1986.07,0.2,6355.42,1271.08,0.2,UPI,Supermarket,Budget Shopper
ORD00897,2024-08-14,CUST0948,Jabalpur,Madhya Pradesh,West,Grocery,Grocery - Rice,Rice,5,1155.29,0.1,5198.8,467.89,0.09,Cash,Supermarket,Premium Shopper
ORD01688,2024-08-14,CUST0638,Hyderabad,Telangana,South,Home Care,Home Care - Floor Cleaner,Floor Cleaner,1,1748.42,0.05,1661.0,265.76,0.16,UPI,Supermarket,Regular Shopper
ORD01260,2024-08-14,CUST0665,Jabalpur,Madhya Pradesh,West,Personal Care,Personal Care - Toothpaste,Toothpaste,2,1668.95,0.0,3337.9,667.58,0.2,Cash,Hypermarket,Regular Shopper
ORD01626,2024-08-14,CUST1090,Mangaluru,Karnataka,South,Personal Care,Personal Care - Shampoo,Shampoo,5,1082.28,0.15,4599.69,919.94,0.2,UPI,Hypermarket,Budget Shopper
ORD04236,2024-08-15,CUST0460,Kolkata,West Bengal,East,Home Care,Home Care - Dishwash,Dishwash,5,1239.24,0.25,4647.15,743.54,0.16,Debit Card,Hypermarket,Regular Shopper
ORD01468,2024-08-15,CUST0163,Lucknow,Uttar Pradesh,North,Beverages,Beverages - Tea,Tea,5,1821.06,0.08,8376.88,1172.76,0.14,Debit Card,Hypermarket,Budget Shopper
ORD03838,2024-08-15,CUST0990,Udaipur,Rajasthan,West,Grocery,Grocery - Wheat Flour,Wheat Flour,1,2226.49,0.08,2048.37,184.35,0.09,UPI,Supermarket,Budget Shopper
ORD01001,2024-08-15,CUST1142,Ahmedabad,Gujarat,West,Personal Care,Personal Care - Toothpaste,Toothpaste,3,2444.33,0.05,6966.34,1393.27,0.2,UPI,Hypermarket,Regular Shopper
ORD02882,2024-08-16,CUST1087,Madurai,Tamil Nadu,South,Home Care,Home Care - Toilet Cleaner,Toilet Cleaner,5,1853.87,0.08,8527.8,1364.45,0.16,Debit Card,Supermarket,Budget Shopper
ORD02726,2024-08-16,CUST1127,Bengaluru,Karnataka,South,Electronics,Electronics - Power Bank,Power Bank,4,2011.55,0.05,7643.89,1375.9,0.18,UPI,Supermarket,Budget Shopper
ORD04987,2024-08-16,CUST0092,Hyderabad,Telangana,South,Beverages,Beverages - Packaged Water,Packaged Water,4,559.75,0.1,2015.1,282.11,0.14,Wallet,Hypermarket,Budget Shopper
ORD03346,2024-08-17,CUST0944,Jaipur,Rajasthan,West,Home Care,Home Care - Dishwash,Dishwash,6,778.23,0.08,4295.83,687.33,0.16,Debit Card,Supermarket,Regular Shopper
ORD00322,2024-08-17,CUST1015,Jodhpur,Rajasthan,West,Home Care,Home Care - Floor Cleaner,Floor Cleaner,4,1584.86,0.1,5705.5,912.88,0.16,Cash,Hypermarket,Regular Shopper
ORD01477,2024-08-17,CUST0912,New Delhi,Delhi,North,Electronics,Electronics - LED Bulb,LED Bulb,7,469.05,0.05,3119.18,561.45,0.18,Cash,Supermarket,Regular Shopper
ORD04050,2024-08-18,CUST0337,Coimbatore,Tamil Nadu,South,Grocery,Grocery - Biscuits,Biscuits,5,1917.49,0.02,9395.7,845.61,0.09,Credit Card,Supermarket,Premium Shopper
ORD03127,2024-08-18,CUST0879,Hyderabad,Telangana,South,Personal Care,Personal Care - Body Lotion,Body Lotion,6,2154.92,0.0,12929.52,2585.9,0.2,UPI,Supermarket,Budget Shopper
ORD04046,2024-08-18,CUST0219,Udaipur,Rajasthan,West,Personal Care,Personal Care - Shampoo,Shampoo,7,1370.93,0.05,9116.68,1823.34,0.2,Cash,Supermarket,Premium Shopper
ORD00295,2024-08-18,CUST0005,Noida,Uttar Pradesh,North,Grocery,Grocery - Rice,Rice,3,1592.07,0.0,4776.21,429.86,0.09,UPI,Supermarket,Budget Shopper
ORD03927,2024-08-18,CUST0062,Warangal,Telangana,South,Clothing,Clothing - Kids Wear,Kids Wear,7,437.86,0.2,2452.02,613.01,0.25,Cash,Hypermarket,Budget Shopper
ORD03563,2024-08-19,CUST1091,Lucknow,Uttar Pradesh,North,Grocery,Grocery - Sugar,Sugar,7,2155.13,0.02,14784.19,1330.58,0.09,UPI,Supermarket,Budget Shopper
ORD01780,2024-08-19,CUST1055,Noida,Uttar Pradesh,North,Home Care,Home Care - Detergent,Detergent,3,2044.33,0.02,6010.33,961.65,0.16,Debit Card,Supermarket,Regular Shopper
ORD01861,2024-08-20,CUST0375,Bhopal,Madhya Pradesh,West,Grocery,Grocery - Sugar,Sugar,1,170.27,0.08,156.65,14.1,0.09,Wallet,Hypermarket,Budget Shopper
ORD01734,2024-08-20,CUST0012,Warangal,Telangana,South,Personal Care,Personal Care - Shampoo,Shampoo,2,1176.52,0.08,2164.8,432.96,0.2,Cash,Hypermarket,Regular Shopper
ORD03934,2024-08-20,CUST0982,Warangal,Telangana,South,Personal Care,Personal Care - Body Lotion,Body Lotion,6,1174.91,0.25,5287.1,1057.42,0.2,Wallet,Supermarket,Regular Shopper
ORD01392,2024-08-20,CUST0651,Kolkata,West Bengal,East,Home Care,Home Care - Toilet Cleaner,Toilet Cleaner,2,1104.13,0.05,2097.85,335.66,0.16,Credit Card,Hypermarket,Budget Shopper
ORD01795,2024-08-20,CUST0273,Bengaluru,Karnataka,South,Personal Care,Personal Care - Body Lotion,Body Lotion,2,2016.78,0.08,3710.88,742.18,0.2,Credit Card,Supermarket,Regular Shopper
ORD04014,2024-08-21,CUST0971,Hyderabad,Telangana,South,Personal Care,Personal Care - Toothpaste,Toothpaste,3,531.21,0.1,1434.27,286.85,0.2,Credit Card,Supermarket,Budget Shopper
ORD00637,2024-08-21,CUST0806,Lucknow,Uttar Pradesh,North,Grocery,Grocery - Wheat Flour,Wheat Flour,1,369.7,0.08,340.12,30.61,0.09,Credit Card,Hypermarket,Budget Shopper
ORD01210,2024-08-21,CUST1173,Noida,Uttar Pradesh,North,Electronics,Electronics - Mixer,Mixer,7,306.07,0.05,2035.37,366.37,0.18,Credit Card,Hypermarket,Premium Shopper
ORD01405,2024-08-21,CUST0889,Warangal,Telangana,South,Personal Care,Personal Care - Soap,Soap,7,1695.02,0.15,10085.37,2017.07,0.2,Cash,Hypermarket,Budget Shopper
ORD04519,2024-08-22,CUST0691,Udaipur,Rajasthan,West,Electronics,Electronics - Earphones,Earphones,2,1100.54,0.08,2024.99,364.5,0.18,UPI,Hypermarket,Regular Shopper
ORD03111,2024-08-22,CUST0232,Jabalpur,Madhya Pradesh,West,Grocery,Grocery - Biscuits,Biscuits,7,2191.94,0.1,13809.22,1242.83,0.09,Debit Card,Supermarket,Premium Shopper
ORD01292,2024-08-22,CUST0116,Udaipur,Rajasthan,West,Personal Care,Personal Care - Face Wash,Face Wash,1,1668.4,0.1,1501.56,300.31,0.2,Credit Card,Hypermarket,Regular Shopper
ORD00890,2024-08-22,CUST0092,Coimbatore,Tamil Nadu,South,Personal Care,Personal Care - Face Wash,Face Wash,5,505.83,0.15,2149.78,429.96,0.2,Credit Card,Hypermarket,Premium Shopper
ORD00799,2024-08-22,CUST0294,Coimbatore,Tamil Nadu,South,Personal Care,Personal Care - Toothpaste,Toothpaste,5,1263.21,0.25,4737.04,947.41,0.2,Cash,Hypermarket,Budget Shopper
ORD04063,2024-08-22,CUST0983,Kanpur,Uttar Pradesh,North,Grocery,Grocery - Sugar,Sugar,6,1232.63,0.05,7025.99,632.34,0.09,Credit Card,Supermarket,Regular Shopper
ORD01864,2024-08-23,CUST0899,Mysuru,Karnataka,South,Home Care,Home Care - Tissue,Tissue,2,311.67,0.1,561.01,89.76,0.16,Wallet,Hypermarket,Budget Shopper
ORD03843,2024-08-23,CUST1090,Warangal,Telangana,South,Clothing,Clothing - Jeans,Jeans,2,857.83,0.1,1544.09,386.02,0.25,Wallet,Hypermarket,Regular Shopper
ORD03790,2024-08-23,CUST0013,Mysuru,Karnataka,South,Personal Care,Personal Care - Shampoo,Shampoo,1,1612.48,0.08,1483.48,296.7,0.2,Debit Card,Hypermarket,Budget Shopper
ORD02463,2024-08-23,CUST0937,Udaipur,Rajasthan,West,Grocery,Grocery - Rice,Rice,4,335.85,0.05,1276.23,114.86,0.09,Wallet,Hypermarket,Regular Shopper
ORD04080,2024-08-23,CUST0485,Chennai,Tamil Nadu,South,Home Care,Home Care - Dishwash,Dishwash,5,901.19,0.02,4415.83,706.53,0.16,Wallet,Supermarket,Regular Shopper
ORD01543,2024-08-24,CUST0174,Noida,Uttar Pradesh,North,Beverages,Beverages - Juice,Juice,5,976.22,0.0,4881.1,683.35,0.14,Wallet,Hypermarket,Regular Shopper
ORD02042,2024-08-24,CUST0126,Mangaluru,Karnataka,South,Grocery,Grocery - Wheat Flour,Wheat Flour,4,2302.25,0.02,9024.82,812.23,0.09,Credit Card,Supermarket,Regular Shopper
ORD00247,2024-08-24,CUST0865,New Delhi,Delhi,North,Grocery,Grocery - Sugar,Sugar,5,1178.62,0.1,5303.79,477.34,0.09,Credit Card,Hypermarket,Budget Shopper
ORD04377,2024-08-24,CUST0069,Udaipur,Rajasthan,West,Clothing,Clothing - T-Shirt,T-Shirt,7,860.91,0.08,5544.26,1386.07,0.25,Credit Card,Supermarket,Premium Shopper
ORD00040,2024-08-24,CUST0970,Mangaluru,Karnataka,South,Grocery,Grocery - Biscuits,Biscuits,3,877.94,0.05,2502.13,225.19,0.09,Cash,Supermarket,Regular Shopper
ORD04975,2024-08-24,CUST0410,New Delhi,Delhi,North,Electronics,Electronics - Earphones,Earphones,1,261.37,0.15,222.16,39.99,0.18,UPI,Hypermarket,Budget Shopper
ORD00683,2024-08-25,CUST1076,Madurai,Tamil Nadu,South,Personal Care,Personal Care - Shampoo,Shampoo,1,1599.04,0.25,1199.28,239.86,0.2,Debit Card,Supermarket,Budget Shopper
ORD03580,2024-08-25,CUST0605,Indore,Madhya Pradesh,West,Electronics,Electronics - Extension Board,Extension Board,3,558.27,0.2,1339.85,241.17,0.18,Cash,Supermarket,Budget Shopper
ORD01440,2024-08-26,CUST0674,Surat,Gujarat,West,Personal Care,Personal Care - Face Wash,Face Wash,3,1336.72,0.1,3609.14,721.83,0.2,Cash,Hypermarket,Budget Shopper
ORD04614,2024-08-26,CUST1146,Jaipur,Rajasthan,West,Grocery,Grocery - Biscuits,Biscuits,3,1996.86,0.2,4792.46,431.32,0.09,Credit Card,Hypermarket,Regular Shopper
ORD03931,2024-08-26,CUST0748,Hyderabad,Telangana,South,Home Care,Home Care - Dishwash,Dishwash,3,1817.23,0.15,4633.94,741.43,0.16,Cash,Supermarket,Regular Shopper
ORD04162,2024-08-26,CUST0226,Kolkata,West Bengal,East,Beverages,Beverages - Coffee,Coffee,6,343.96,0.05,1960.57,274.48,0.14,Cash,Hypermarket,Premium Shopper
ORD01262,2024-08-26,CUST1024,Jodhpur,Rajasthan,West,Beverages,Beverages - Soft Drink,Soft Drink,5,1791.99,0.15,7615.96,1066.23,0.14,UPI,Supermarket,Regular Shopper
ORD04805,2024-08-26,CUST0881,Jabalpur,Madhya Pradesh,West,Beverages,Beverages - Packaged Water,Packaged Water,4,2423.08,0.05,9207.7,1289.08,0.14,UPI,Hypermarket,Regular Shopper
ORD01987,2024-08-26,CUST0214,Thane,Maharashtra,West,Home Care,Home Care - Tissue,Tissue,1,1767.2,0.1,1590.48,254.48,0.16,Wallet,Hypermarket,Regular Shopper
ORD01507,2024-08-26,CUST0901,Hyderabad,Telangana,South,Grocery,Grocery - Rice,Rice,1,2030.73,0.08,1868.27,168.14,0.09,Cash,Supermarket,Regular Shopper
ORD02413,2024-08-26,CUST0917,Bengaluru,Karnataka,South,Personal Care,Personal Care - Body Lotion,Body Lotion,6,1235.96,0.02,7267.44,1453.49,0.2,Debit Card,Hypermarket,Budget Shopper
ORD01892,2024-08-26,CUST0496,Kolkata,West Bengal,East,Home Care,Home Care - Tissue,Tissue,3,1491.21,0.02,4384.16,701.47,0.16,Debit Card,Hypermarket,Premium Shopper
ORD04827,2024-08-27,CUST0054,Warangal,Telangana,South,Grocery,Grocery - Wheat Flour,Wheat Flour,5,1631.71,0.1,7342.7,660.84,0.09,Wallet,Supermarket,Premium Shopper
ORD01164,2024-08-27,CUST1042,Bhopal,Madhya Pradesh,West,Electronics,Electronics - Power Bank,Power Bank,6,1407.37,0.1,7599.8,1367.96,0.18,Debit Card,Supermarket,Regular Shopper
ORD00755,2024-08-28,CUST0630,Kanpur,Uttar Pradesh,North,Personal Care,Personal Care - Shampoo,Shampoo,1,334.58,0.08,307.81,61.56,0.2,UPI,Supermarket,Premium Shopper
ORD01600,2024-08-28,CUST0164,Kolkata,West Bengal,East,Beverages,Beverages - Coffee,Coffee,7,408.94,0.1,2576.32,360.68,0.14,Wallet,Supermarket,Regular Shopper
ORD04894,2024-08-28,CUST0642,Coimbatore,Tamil Nadu,South,Clothing,Clothing - T-Shirt,T-Shirt,5,1025.95,0.15,4360.29,1090.07,0.25,Cash,Hypermarket,Premium Shopper
ORD01710,2024-08-28,CUST0930,Noida,Uttar Pradesh,North,Home Care,Home Care - Dishwash,Dishwash,4,584.86,0.08,2152.28,344.36,0.16,UPI,Supermarket,Budget Shopper
ORD00753,2024-08-28,CUST0402,Lucknow,Uttar Pradesh,North,Personal Care,Personal Care - Face Wash,Face Wash,5,1143.64,0.15,4860.47,972.09,0.2,UPI,Supermarket,Regular Shopper
ORD02628,2024-08-29,CUST1012,New Delhi,Delhi,North,Personal Care,Personal Care - Face Wash,Face Wash,5,329.99,0.0,1649.95,329.99,0.2,UPI,Hypermarket,Budget Shopper
ORD03608,2024-08-29,CUST0837,Noida,Uttar Pradesh,North,Beverages,Beverages - Tea,Tea,1,2190.92,0.02,2147.1,300.59,0.14,Cash,Hypermarket,Regular Shopper
ORD04105,2024-08-29,CUST1180,Mysuru,Karnataka,South,Personal Care,Personal Care - Toothpaste,Toothpaste,1,1655.11,0.05,1572.35,314.47,0.2,Wallet,Hypermarket,Regular Shopper
ORD04012,2024-08-30,CUST0885,Ahmedabad,Gujarat,West,Personal Care,Personal Care - Face Wash,Face Wash,2,1986.09,0.05,3773.57,754.71,0.2,UPI,Supermarket,Regular Shopper
ORD02018,2024-08-30,CUST0702,Jaipur,Rajasthan,West,Grocery,Grocery - Sugar,Sugar,1,2417.13,0.15,2054.56,184.91,0.09,Credit Card,Hypermarket,Regular Shopper
ORD03646,2024-08-30,CUST0196,Noida,Uttar Pradesh,North,Home Care,Home Care - Detergent,Detergent,6,350.11,0.0,2100.66,336.11,0.16,Debit Card,Hypermarket,Premium Shopper
ORD03840,2024-08-30,CUST0648,Kolkata,West Bengal,East,Home Care,Home Care - Tissue,Tissue,6,2066.2,0.25,9297.9,1487.66,0.16,UPI,Hypermarket,Budget Shopper
ORD00363,2024-08-30,CUST0405,Thane,Maharashtra,West,Grocery,Grocery - Biscuits,Biscuits,5,638.76,0.1,2874.42,258.7,0.09,Credit Card,Supermarket,Budget Shopper
ORD00145,2024-08-30,CUST0947,Warangal,Telangana,South,Grocery,Grocery - Rice,Rice,2,1486.62,0.1,2675.92,240.83,0.09,Cash,Supermarket,Regular Shopper
ORD04727,2024-08-31,CUST0725,Nashik,Maharashtra,West,Clothing,Clothing - Jeans,Jeans,1,2216.8,0.02,2172.46,543.12,0.25,Cash,Hypermarket,Budget Shopper
ORD01596,2024-08-31,CUST1167,Ahmedabad,Gujarat,West,Beverages,Beverages - Coffee,Coffee,4,1960.7,0.1,7058.52,988.19,0.14,Wallet,Supermarket,Regular Shopper
ORD01076,2024-08-31,CUST0581,Kolkata,West Bengal,East,Beverages,Beverages - Tea,Tea,5,1934.18,0.02,9477.48,1326.85,0.14,Wallet,Hypermarket,Budget Shopper
ORD03814,2024-08-31,CUST1052,Vadodara,Gujarat,West,Electronics,Electronics - Power Bank,Power Bank,1,154.54,0.05,146.81,26.43,0.18,UPI,Hypermarket,Budget Shopper
ORD01853,2024-08-31,CUST0038,Mysuru,Karnataka,South,Clothing,Clothing - Shirt,Shirt,5,1011.84,0.1,4553.28,1138.32,0.25,Cash,Supermarket,Regular Shopper
ORD04667,2024-09-01,CUST1120,Surat,Gujarat,West,Beverages,Beverages - Coffee,Coffee,6,785.52,0.1,4241.81,593.85,0.14,Cash,Hypermarket,Regular Shopper
ORD02450,2024-09-02,CUST0119,Warangal,Telangana,South,Personal Care,Personal Care - Body Lotion,Body Lotion,4,207.61,0.02,813.83,162.77,0.2,Cash,Supermarket,Budget Shopper
ORD02770,2024-09-02,CUST0422,Indore,Madhya Pradesh,West,Electronics,Electronics - Mixer,Mixer,3,2277.51,0.02,6695.88,1205.26,0.18,Credit Card,Hypermarket,Budget Shopper
ORD02582,2024-09-02,CUST0169,Kolkata,West Bengal,East,Personal Care,Personal Care - Face Wash,Face Wash,5,449.0,0.05,2132.75,426.55,0.2,UPI,Hypermarket,Budget Shopper
ORD04705,2024-09-02,CUST0349,Coimbatore,Tamil Nadu,South,Personal Care,Personal Care - Toothpaste,Toothpaste,1,849.03,0.1,764.13,152.83,0.2,Wallet,Supermarket,Regular Shopper
ORD03373,2024-09-02,CUST0043,Kolkata,West Bengal,East,Electronics,Electronics - Power Bank,Power Bank,6,1040.5,0.02,6118.14,1101.27,0.18,Cash,Supermarket,Budget Shopper
ORD03356,2024-09-02,CUST0641,Nagpur,Maharashtra,West,Electronics,Electronics - Earphones,Earphones,7,766.57,0.02,5258.67,946.56,0.18,UPI,Supermarket,Regular Shopper
ORD02128,2024-09-02,CUST1015,Pune,Maharashtra,West,Home Care,Home Care - Floor Cleaner,Floor Cleaner,6,421.53,0.0,2529.18,404.67,0.16,Credit Card,Hypermarket,Regular Shopper
ORD01216,2024-09-02,CUST0847,Hyderabad,Telangana,South,Grocery,Grocery - Cooking Oil,Cooking Oil,1,1833.37,0.08,1686.7,151.8,0.09,UPI,Hypermarket,Budget Shopper
ORD03248,2024-09-02,CUST0336,Kanpur,Uttar Pradesh,North,Grocery,Grocery - Cooking Oil,Cooking Oil,3,2242.41,0.0,6727.23,605.45,0.09,UPI,Hypermarket,Premium Shopper
ORD00661,2024-09-03,CUST0396,Surat,Gujarat,West,Personal Care,Personal Care - Toothpaste,Toothpaste,2,1446.33,0.05,2748.03,549.61,0.2,Wallet,Hypermarket,Regular Shopper
ORD00492,2024-09-03,CUST0870,Udaipur,Rajasthan,West,Clothing,Clothing - T-Shirt,T-Shirt,3,966.62,0.15,2464.88,616.22,0.25,Debit Card,Supermarket,Budget Shopper
ORD00963,2024-09-03,CUST0492,Thane,Maharashtra,West,Personal Care,Personal Care - Shampoo,Shampoo,5,1627.68,0.1,7324.56,1464.91,0.2,Cash,Hypermarket,Regular Shopper
ORD00820,2024-09-03,CUST0886,Chennai,Tamil Nadu,South,Home Care,Home Care - Detergent,Detergent,4,1229.46,0.1,4426.06,708.17,0.16,Credit Card,Hypermarket,Premium Shopper
ORD02077,2024-09-03,CUST0949,Jaipur,Rajasthan,West,Personal Care,Personal Care - Body Lotion,Body Lotion,3,1173.6,0.05,3344.76,668.95,0.2,UPI,Supermarket,Budget Shopper
ORD04844,2024-09-03,CUST0851,Warangal,Telangana,South,Electronics,Electronics - Power Bank,Power Bank,1,2086.79,0.08,1919.85,345.57,0.18,Wallet,Supermarket,Budget Shopper
ORD01402,2024-09-03,CUST1166,New Delhi,Delhi,North,Personal Care,Personal Care - Soap,Soap,7,1650.84,0.05,10978.09,2195.62,0.2,Credit Card,Hypermarket,Budget Shopper
ORD00613,2024-09-03,CUST1045,Rajkot,Gujarat,West,Home Care,Home Care - Dishwash,Dishwash,7,1719.37,0.0,12035.59,1925.69,0.16,Wallet,Supermarket,Budget Shopper
ORD04629,2024-09-03,CUST0497,Kolkata,West Bengal,East,Electronics,Electronics - Earphones,Earphones,3,273.12,0.08,753.81,135.69,0.18,UPI,Supermarket,Budget Shopper
ORD03249,2024-09-04,CUST0171,Mangaluru,Karnataka,South,Beverages,Beverages - Packaged Water,Packaged Water,4,1159.27,0.08,4266.11,597.26,0.14,Cash,Hypermarket,Budget Shopper
ORD04597,2024-09-04,CUST0717,Kolkata,West Bengal,East,Electronics,Electronics - LED Bulb,LED Bulb,1,127.88,0.02,125.32,22.56,0.18,Debit Card,Hypermarket,Budget Shopper
ORD01722,2024-09-04,CUST1196,Mysuru,Karnataka,South,Home Care,Home Care - Floor Cleaner,Floor Cleaner,3,473.12,0.1,1277.42,204.39,0.16,UPI,Hypermarket,Premium Shopper
ORD04510,2024-09-04,CUST0147,Madurai,Tamil Nadu,South,Electronics,Electronics - Power Bank,Power Bank,5,2379.62,0.05,11303.19,2034.57,0.18,Debit Card,Hypermarket,Regular Shopper
ORD04252,2024-09-04,CUST1072,Udaipur,Rajasthan,West,Grocery,Grocery - Wheat Flour,Wheat Flour,2,673.82,0.1,1212.88,109.16,0.09,Cash,Hypermarket,Budget Shopper
ORD01836,2024-09-05,CUST0358,Jabalpur,Madhya Pradesh,West,Home Care,Home Care - Detergent,Detergent,3,2383.87,0.08,6579.48,1052.72,0.16,Debit Card,Supermarket,Regular Shopper
ORD01786,2024-09-05,CUST0023,Surat,Gujarat,West,Clothing,Clothing - Kids Wear,Kids Wear,2,2393.32,0.02,4690.91,1172.73,0.25,UPI,Supermarket,Regular Shopper
ORD03090,2024-09-05,CUST0566,Mumbai,Maharashtra,West,Personal Care,Personal Care - Face Wash,Face Wash,4,307.43,0.05,1168.23,233.65,0.2,Credit Card,Hypermarket,Budget Shopper
ORD03664,2024-09-05,CUST0930,Coimbatore,Tamil Nadu,South,Personal Care,Personal Care - Toothpaste,Toothpaste,4,1577.74,0.08,5806.08,1161.22,0.2,Wallet,Hypermarket,Budget Shopper
ORD03058,2024-09-06,CUST1188,Noida,Uttar Pradesh,North,Home Care,Home Care - Tissue,Tissue,6,506.12,0.08,2793.78,447.0,0.16,Credit Card,Supermarket,Regular Shopper
ORD03060,2024-09-06,CUST0655,Surat,Gujarat,West,Personal Care,Personal Care - Toothpaste,Toothpaste,1,2130.24,0.02,2087.64,417.53,0.2,Credit Card,Hypermarket,Regular Shopper
ORD04863,2024-09-06,CUST0582,Jabalpur,Madhya Pradesh,West,Clothing,Clothing - Kids Wear,Kids Wear,7,1887.23,0.05,12550.08,3137.52,0.25,Wallet,Supermarket,Regular Shopper
ORD04724,2024-09-06,CUST0738,Warangal,Telangana,South,Grocery,Grocery - Rice,Rice,4,982.44,0.05,3733.27,335.99,0.09,Debit Card,Supermarket,Premium Shopper
ORD03387,2024-09-06,CUST0704,New Delhi,Delhi,North,Personal Care,Personal Care - Toothpaste,Toothpaste,4,1923.02,0.05,7307.48,1461.5,0.2,Debit Card,Hypermarket,Regular Shopper
ORD03227,2024-09-06,CUST1145,Pune,Maharashtra,West,Personal Care,Personal Care - Soap,Soap,5,167.35,0.05,794.91,158.98,0.2,Credit Card,Supermarket,Budget Shopper
ORD03086,2024-09-06,CUST0764,Madurai,Tamil Nadu,South,Clothing,Clothing - Jeans,Jeans,1,1026.63,0.15,872.64,218.16,0.25,Debit Card,Hypermarket,Budget Shopper
ORD00001,2024-09-06,CUST1045,Jaipur,Rajasthan,West,Grocery,Grocery - Biscuits,Biscuits,7,1136.75,0.0,7957.25,716.15,0.09,Wallet,Supermarket,Budget Shopper
ORD01860,2024-09-06,CUST0388,Kolkata,West Bengal,East,Beverages,Beverages - Juice,Juice,2,2095.56,0.15,3562.45,498.74,0.14,Wallet,Supermarket,Regular Shopper
ORD02713,2024-09-06,CUST0477,Kolkata,West Bengal,East,Personal Care,Personal Care - Body Lotion,Body Lotion,2,2385.52,0.08,4389.36,877.87,0.2,Cash,Supermarket,Premium Shopper
ORD00308,2024-09-06,CUST0112,New Delhi,Delhi,North,Grocery,Grocery - Cooking Oil,Cooking Oil,6,120.71,0.0,724.26,65.18,0.09,Cash,Supermarket,Premium Shopper
ORD01093,2024-09-07,CUST1123,Madurai,Tamil Nadu,South,Grocery,Grocery - Cooking Oil,Cooking Oil,2,791.36,0.08,1456.1,131.05,0.09,Cash,Hypermarket,Regular Shopper
ORD01211,2024-09-07,CUST1105,Vadodara,Gujarat,West,Home Care,Home Care - Tissue,Tissue,2,1523.16,0.0,3046.32,487.41,0.16,Wallet,Hypermarket,Premium Shopper
ORD00791,2024-09-07,CUST0566,Mangaluru,Karnataka,South,Grocery,Grocery - Biscuits,Biscuits,5,1953.74,0.1,8791.83,791.26,0.09,Credit Card,Supermarket,Budget Shopper
ORD03992,2024-09-07,CUST0898,Hyderabad,Telangana,South,Beverages,Beverages - Tea,Tea,3,1184.06,0.25,2664.14,372.98,0.14,UPI,Hypermarket,Budget Shopper
ORD00444,2024-09-07,CUST0855,Ahmedabad,Gujarat,West,Grocery,Grocery - Sugar,Sugar,6,749.1,0.02,4404.71,396.42,0.09,UPI,Hypermarket,Regular Shopper
ORD03307,2024-09-07,CUST1078,New Delhi,Delhi,North,Clothing,Clothing - Socks,Socks,2,2263.16,0.08,4164.21,1041.05,0.25,Cash,Supermarket,Budget Shopper
ORD03750,2024-09-07,CUST1070,Kolkata,West Bengal,East,Grocery,Grocery - Sugar,Sugar,6,751.44,0.02,4418.47,397.66,0.09,UPI,Hypermarket,Premium Shopper
ORD02858,2024-09-07,CUST0223,Chennai,Tamil Nadu,South,Beverages,Beverages - Juice,Juice,2,1372.6,0.08,2525.58,353.58,0.14,UPI,Supermarket,Regular Shopper
ORD03471,2024-09-07,CUST1027,Bengaluru,Karnataka,South,Grocery,Grocery - Cooking Oil,Cooking Oil,5,2266.92,0.08,10427.83,938.5,0.09,UPI,Supermarket,Premium Shopper
ORD00487,2024-09-08,CUST1119,Kolkata,West Bengal,East,Home Care,Home Care - Tissue,Tissue,7,2204.19,0.05,14657.86,2345.26,0.16,UPI,Supermarket,Budget Shopper
ORD03656,2024-09-09,CUST0324,Madurai,Tamil Nadu,South,Grocery,Grocery - Biscuits,Biscuits,5,957.48,0.05,4548.03,409.32,0.09,Wallet,Hypermarket,Regular Shopper
ORD00332,2024-09-09,CUST0046,Kolkata,West Bengal,East,Beverages,Beverages - Packaged Water,Packaged Water,6,1858.94,0.25,8365.23,1171.13,0.14,UPI,Supermarket,Budget Shopper
ORD02656,2024-09-09,CUST0291,Kolkata,West Bengal,East,Electronics,Electronics - Earphones,Earphones,7,301.49,0.08,1941.6,349.49,0.18,Credit Card,Hypermarket,Budget Shopper
ORD03741,2024-09-09,CUST0955,Udaipur,Rajasthan,West,Grocery,Grocery - Wheat Flour,Wheat Flour,5,78.4,0.05,372.4,33.52,0.09,Cash,Hypermarket,Regular Shopper
ORD01920,2024-09-09,CUST0445,Warangal,Telangana,South,Home Care,Home Care - Floor Cleaner,Floor Cleaner,6,1560.33,0.15,7957.68,1273.23,0.16,Debit Card,Hypermarket,Regular Shopper
ORD04358,2024-09-09,CUST0845,Indore,Madhya Pradesh,West,Clothing,Clothing - Kids Wear,Kids Wear,2,1890.93,0.05,3592.77,898.19,0.25,Cash,Hypermarket,Regular Shopper
ORD04124,2024-09-09,CUST0710,Jabalpur,Madhya Pradesh,West,Home Care,Home Care - Dishwash,Dishwash,4,2119.71,0.05,8054.9,1288.78,0.16,UPI,Hypermarket,Premium Shopper
ORD03104,2024-09-09,CUST0495,Udaipur,Rajasthan,West,Clothing,Clothing - Kids Wear,Kids Wear,3,1262.35,0.05,3597.7,899.43,0.25,Debit Card,Supermarket,Budget Shopper
ORD04085,2024-09-10,CUST1161,Bengaluru,Karnataka,South,Grocery,Grocery - Biscuits,Biscuits,1,2145.34,0.05,2038.07,183.43,0.09,Credit Card,Hypermarket,Regular Shopper
ORD03417,2024-09-10,CUST0619,Jodhpur,Rajasthan,West,Grocery,Grocery - Sugar,Sugar,2,102.75,0.08,189.06,17.02,0.09,Cash,Supermarket,Regular Shopper
ORD04661,2024-09-10,CUST0817,New Delhi,Delhi,North,Electronics,Electronics - Power Bank,Power Bank,2,1471.34,0.15,2501.28,450.23,0.18,Wallet,Hypermarket,Regular Shopper
ORD04182,2024-09-10,CUST0839,Indore,Madhya Pradesh,West,Grocery,Grocery - Rice,Rice,1,758.79,0.08,698.09,62.83,0.09,Cash,Supermarket,Regular Shopper
ORD02008,2024-09-10,CUST0068,Mumbai,Maharashtra,West,Clothing,Clothing - Socks,Socks,5,807.97,0.15,3433.87,858.47,0.25,Debit Card,Supermarket,Premium Shopper
ORD04325,2024-09-11,CUST0008,Thane,Maharashtra,West,Beverages,Beverages - Soft Drink,Soft Drink,6,468.75,0.08,2587.5,362.25,0.14,Cash,Supermarket,Budget Shopper
ORD02644,2024-09-11,CUST0940,Hyderabad,Telangana,South,Personal Care,Personal Care - Body Lotion,Body Lotion,5,1484.52,0.05,7051.47,1410.29,0.2,Credit Card,Hypermarket,Regular Shopper
ORD01711,2024-09-11,CUST0710,Bhopal,Madhya Pradesh,West,Personal Care,Personal Care - Soap,Soap,5,1763.8,0.05,8378.05,1675.61,0.2,Wallet,Supermarket,Budget Shopper
ORD00552,2024-09-11,CUST0011,Hyderabad,Telangana,South,Beverages,Beverages - Coffee,Coffee,5,1556.89,0.25,5838.34,817.37,0.14,Wallet,Supermarket,Budget Shopper
ORD03897,2024-09-11,CUST0154,Nagpur,Maharashtra,West,Electronics,Electronics - LED Bulb,LED Bulb,3,1644.0,0.1,4438.8,798.98,0.18,Credit Card,Supermarket,Budget Shopper
ORD01466,2024-09-12,CUST0670,Indore,Madhya Pradesh,West,Personal Care,Personal Care - Toothpaste,Toothpaste,3,806.28,0.05,2297.9,459.58,0.2,Debit Card,Hypermarket,Premium Shopper
ORD02594,2024-09-12,CUST0205,Udaipur,Rajasthan,West,Home Care,Home Care - Toilet Cleaner,Toilet Cleaner,2,1844.09,0.1,3319.36,531.1,0.16,Wallet,Supermarket,Premium Shopper
ORD03871,2024-09-12,CUST1061,Hyderabad,Telangana,South,Beverages,Beverages - Tea,Tea,3,1410.73,0.25,3174.14,444.38,0.14,Debit Card,Hypermarket,Regular Shopper
ORD00285,2024-09-12,CUST1124,Lucknow,Uttar Pradesh,North,Clothing,Clothing - T-Shirt,T-Shirt,5,1894.9,0.05,9000.78,2250.19,0.25,Cash,Supermarket,Regular Shopper
ORD00448,2024-09-12,CUST0212,Mangaluru,Karnataka,South,Home Care,Home Care - Toilet Cleaner,Toilet Cleaner,7,671.59,0.15,3995.96,639.35,0.16,Debit Card,Supermarket,Budget Shopper
ORD01180,2024-09-12,CUST0723,Lucknow,Uttar Pradesh,North,Clothing,Clothing - Shirt,Shirt,4,1068.28,0.15,3632.15,908.04,0.25,Cash,Supermarket,Regular Shopper
ORD03144,2024-09-12,CUST1018,Warangal,Telangana,South,Personal Care,Personal Care - Shampoo,Shampoo,5,678.16,0.0,3390.8,678.16,0.2,Debit Card,Hypermarket,Regular Shopper
ORD04769,2024-09-12,CUST0521,Ahmedabad,Gujarat,West,Personal Care,Personal Care - Face Wash,Face Wash,3,1771.04,0.15,4516.15,903.23,0.2,UPI,Supermarket,Budget Shopper
ORD04165,2024-09-12,CUST0565,Vadodara,Gujarat,West,Personal Care,Personal Care - Soap,Soap,2,173.33,0.05,329.33,65.87,0.2,Wallet,Hypermarket,Premium Shopper
ORD02822,2024-09-13,CUST0877,Udaipur,Rajasthan,West,Electronics,Electronics - Extension Board,Extension Board,2,298.58,0.08,549.39,98.89,0.18,Cash,Supermarket,Regular Shopper
ORD02000,2024-09-13,CUST0186,Udaipur,Rajasthan,West,Home Care,Home Care - Detergent,Detergent,4,1709.36,0.1,6153.7,984.59,0.16,Credit Card,Hypermarket,Budget Shopper
ORD02416,2024-09-14,CUST1187,Coimbatore,Tamil Nadu,South,Clothing,Clothing - Jeans,Jeans,1,1905.11,0.2,1524.09,381.02,0.25,Debit Card,Supermarket,Regular Shopper
ORD00850,2024-09-14,CUST0757,Hyderabad,Telangana,South,Clothing,Clothing - Shirt,Shirt,4,273.8,0.15,930.92,232.73,0.25,Wallet,Hypermarket,Regular Shopper
ORD00080,2024-09-14,CUST1039,Jabalpur,Madhya Pradesh,West,Home Care,Home Care - Dishwash,Dishwash,4,1565.38,0.15,5322.29,851.57,0.16,Debit Card,Supermarket,Premium Shopper
ORD00756,2024-09-14,CUST1176,Kolkata,West Bengal,East,Beverages,Beverages - Packaged Water,Packaged Water,3,1518.35,0.08,4190.65,586.69,0.14,Credit Card,Hypermarket,Premium Shopper
ORD02512,2024-09-14,CUST1044,Nagpur,Maharashtra,West,Grocery,Grocery - Biscuits,Biscuits,1,1797.34,0.05,1707.47,153.67,0.09,Wallet,Supermarket,Budget Shopper
ORD00938,2024-09-14,CUST0725,Ahmedabad,Gujarat,West,Grocery,Grocery - Biscuits,Biscuits,7,1514.43,0.05,10070.96,906.39,0.09,Credit Card,Hypermarket,Regular Shopper
ORD03255,2024-09-15,CUST1108,Mysuru,Karnataka,South,Grocery,Grocery - Sugar,Sugar,5,1852.6,0.05,8799.85,791.99,0.09,Wallet,Supermarket,Regular Shopper
ORD00059,2024-09-15,CUST0401,Nashik,Maharashtra,West,Personal Care,Personal Care - Toothpaste,Toothpaste,7,1220.91,0.15,7264.41,1452.88,0.2,Wallet,Supermarket,Regular Shopper
ORD00345,2024-09-15,CUST0495,Jaipur,Rajasthan,West,Home Care,Home Care - Toilet Cleaner,Toilet Cleaner,1,329.18,0.15,279.8,44.77,0.16,Wallet,Supermarket,Regular Shopper
ORD04602,2024-09-16,CUST1098,Nagpur,Maharashtra,West,Beverages,Beverages - Juice,Juice,6,1897.08,0.0,11382.48,1593.55,0.14,UPI,Supermarket,Regular Shopper
ORD03685,2024-09-16,CUST0010,Coimbatore,Tamil Nadu,South,Beverages,Beverages - Soft Drink,Soft Drink,3,1022.1,0.05,2912.98,407.82,0.14,Debit Card,Supermarket,Premium Shopper
ORD03919,2024-09-16,CUST0468,New Delhi,Delhi,North,Grocery,Grocery - Biscuits,Biscuits,3,549.39,0.15,1400.94,126.08,0.09,Credit Card,Supermarket,Budget Shopper
ORD01464,2024-09-16,CUST1180,Kolkata,West Bengal,East,Clothing,Clothing - T-Shirt,T-Shirt,6,1917.03,0.1,10351.96,2587.99,0.25,Credit Card,Hypermarket,Regular Shopper
ORD02492,2024-09-16,CUST0259,Surat,Gujarat,West,Electronics,Electronics - Earphones,Earphones,3,789.78,0.1,2132.41,383.83,0.18,UPI,Supermarket,Budget Shopper
ORD04245,2024-09-16,CUST0686,New Delhi,Delhi,North,Grocery,Grocery - Wheat Flour,Wheat Flour,6,1773.23,0.05,10107.41,909.67,0.09,Credit Card,Supermarket,Premium Shopper
ORD01475,2024-09-17,CUST0269,Vadodara,Gujarat,West,Clothing,Clothing - Kids Wear,Kids Wear,6,685.77,0.2,3291.7,822.93,0.25,Credit Card,Supermarket,Premium Shopper
ORD01095,2024-09-17,CUST0541,Indore,Madhya Pradesh,West,Beverages,Beverages - Soft Drink,Soft Drink,2,757.28,0.1,1363.1,190.83,0.14,Wallet,Hypermarket,Premium Shopper
ORD02828,2024-09-17,CUST0730,Warangal,Telangana,South,Beverages,Beverages - Packaged Water,Packaged Water,4,898.0,0.08,3304.64,462.65,0.14,Cash,Supermarket,Regular Shopper
ORD02007,2024-09-17,CUST0737,New Delhi,Delhi,North,Home Care,Home Care - Tissue,Tissue,1,856.66,0.2,685.33,109.65,0.16,Wallet,Hypermarket,Regular Shopper
ORD03122,2024-09-17,CUST1032,Kanpur,Uttar Pradesh,North,Grocery,Grocery - Sugar,Sugar,4,2228.45,0.02,8735.52,786.2,0.09,Cash,Hypermarket,Budget Shopper
ORD00889,2024-09-17,CUST0646,New Delhi,Delhi,North,Electronics,Electronics - Power Bank,Power Bank,5,2000.25,0.08,9201.15,1656.21,0.18,Credit Card,Supermarket,Budget Shopper
ORD04381,2024-09-18,CUST0065,Vadodara,Gujarat,West,Clothing,Clothing - Jeans,Jeans,7,2429.0,0.05,16152.85,4038.21,0.25,UPI,Hypermarket,Regular Shopper
ORD00607,2024-09-19,CUST0117,Hyderabad,Telangana,South,Grocery,Grocery - Cooking Oil,Cooking Oil,1,2386.68,0.02,2338.95,210.51,0.09,Debit Card,Supermarket,Budget Shopper
ORD02460,2024-09-19,CUST0137,Bengaluru,Karnataka,South,Grocery,Grocery - Cooking Oil,Cooking Oil,3,1985.31,0.25,4466.95,402.03,0.09,Debit Card,Hypermarket,Budget Shopper
ORD04857,2024-09-19,CUST0582,Nashik,Maharashtra,West,Beverages,Beverages - Juice,Juice,1,294.06,0.15,249.95,34.99,0.14,Credit Card,Supermarket,Regular Shopper
ORD04071,2024-09-19,CUST0611,Hyderabad,Telangana,South,Grocery,Grocery - Cooking Oil,Cooking Oil,4,1244.57,0.05,4729.37,425.64,0.09,Credit Card,Supermarket,Premium Shopper
ORD00812,2024-09-19,CUST1043,Noida,Uttar Pradesh,North,Home Care,Home Care - Dishwash,Dishwash,6,1374.06,0.1,7419.92,1187.19,0.16,Cash,Hypermarket,Premium Shopper
ORD03762,2024-09-19,CUST0671,Kolkata,West Bengal,East,Grocery,Grocery - Rice,Rice,1,1410.27,0.0,1410.27,126.92,0.09,Wallet,Supermarket,Regular Shopper
ORD03016,2024-09-19,CUST0835,Mysuru,Karnataka,South,Grocery,Grocery - Wheat Flour,Wheat Flour,6,222.46,0.1,1201.28,108.12,0.09,Credit Card,Supermarket,Budget Shopper
ORD04824,2024-09-19,CUST0063,Chennai,Tamil Nadu,South,Beverages,Beverages - Tea,Tea,6,2397.56,0.05,13666.09,1913.25,0.14,Wallet,Hypermarket,Regular Shopper
ORD01991,2024-09-20,CUST0309,Vadodara,Gujarat,West,Home Care,Home Care - Dishwash,Dishwash,3,1256.51,0.2,3015.62,482.5,0.16,Credit Card,Hypermarket,Regular Shopper
ORD04196,2024-09-20,CUST0992,Jabalpur,Madhya Pradesh,West,Grocery,Grocery - Biscuits,Biscuits,6,532.34,0.08,2938.52,264.47,0.09,UPI,Supermarket,Premium Shopper
ORD00352,2024-09-21,CUST0947,Noida,Uttar Pradesh,North,Clothing,Clothing - Shirt,Shirt,6,1987.23,0.08,10969.51,2742.38,0.25,Debit Card,Supermarket,Budget Shopper
ORD03789,2024-09-21,CUST0378,Madurai,Tamil Nadu,South,Grocery,Grocery - Cooking Oil,Cooking Oil,5,41.01,0.1,184.54,16.61,0.09,Wallet,Supermarket,Regular Shopper
ORD03253,2024-09-22,CUST1078,Warangal,Telangana,South,Grocery,Grocery - Wheat Flour,Wheat Flour,1,68.17,0.02,66.81,6.01,0.09,Cash,Hypermarket,Regular Shopper
ORD00877,2024-09-22,CUST0823,Warangal,Telangana,South,Clothing,Clothing - Shirt,Shirt,6,1609.71,0.25,7243.7,1810.93,0.25,UPI,Hypermarket,Budget Shopper
ORD04099,2024-09-22,CUST0525,Surat,Gujarat,West,Home Care,Home Care - Dishwash,Dishwash,5,638.96,0.0,3194.8,511.17,0.16,Credit Card,Hypermarket,Premium Shopper
ORD04086,2024-09-22,CUST0535,Vadodara,Gujarat,West,Clothing,Clothing - Shirt,Shirt,6,417.49,0.08,2304.54,576.14,0.25,Wallet,Hypermarket,Premium Shopper
ORD03807,2024-09-24,CUST0440,Udaipur,Rajasthan,West,Grocery,Grocery - Cooking Oil,Cooking Oil,4,1425.47,0.08,5245.73,472.12,0.09,Credit Card,Hypermarket,Regular Shopper
ORD03650,2024-09-24,CUST1165,Udaipur,Rajasthan,West,Home Care,Home Care - Toilet Cleaner,Toilet Cleaner,2,2007.33,0.1,3613.19,578.11,0.16,Cash,Hypermarket,Budget Shopper
ORD02659,2024-09-24,CUST0487,Jodhpur,Rajasthan,West,Beverages,Beverages - Tea,Tea,4,2061.88,0.25,6185.64,865.99,0.14,Cash,Supermarket,Regular Shopper
ORD01391,2024-09-24,CUST0553,Mysuru,Karnataka,South,Grocery,Grocery - Biscuits,Biscuits,7,1918.34,0.08,12354.11,1111.87,0.09,Cash,Supermarket,Regular Shopper
ORD04390,2024-09-24,CUST0153,Nashik,Maharashtra,West,Beverages,Beverages - Coffee,Coffee,3,440.61,0.05,1255.74,175.8,0.14,Cash,Supermarket,Premium Shopper
ORD00490,2024-09-25,CUST1037,Jaipur,Rajasthan,West,Grocery,Grocery - Rice,Rice,2,1454.65,0.1,2618.37,235.65,0.09,Debit Card,Supermarket,Budget Shopper
ORD04481,2024-09-26,CUST0742,Coimbatore,Tamil Nadu,South,Beverages,Beverages - Packaged Water,Packaged Water,4,1786.42,0.08,6574.03,920.36,0.14,UPI,Hypermarket,Premium Shopper
ORD03753,2024-09-26,CUST1061,Kanpur,Uttar Pradesh,North,Personal Care,Personal Care - Toothpaste,Toothpaste,6,1147.76,0.05,6542.23,1308.45,0.2,UPI,Hypermarket,Premium Shopper
ORD00553,2024-09-26,CUST0663,Nagpur,Maharashtra,West,Clothing,Clothing - Socks,Socks,5,540.7,0.25,2027.62,506.9,0.25,Wallet,Supermarket,Budget Shopper
ORD04910,2024-09-27,CUST0502,Kanpur,Uttar Pradesh,North,Clothing,Clothing - Jeans,Jeans,6,448.27,0.15,2286.18,571.55,0.25,Wallet,Supermarket,Budget Shopper
ORD01831,2024-09-27,CUST1090,Lucknow,Uttar Pradesh,North,Personal Care,Personal Care - Body Lotion,Body Lotion,5,2085.37,0.1,9384.16,1876.83,0.2,Debit Card,Supermarket,Budget Shopper
ORD01115,2024-09-27,CUST0023,Pune,Maharashtra,West,Beverages,Beverages - Juice,Juice,2,1492.85,0.02,2925.99,409.64,0.14,UPI,Hypermarket,Regular Shopper
ORD02709,2024-09-27,CUST0943,New Delhi,Delhi,North,Home Care,Home Care - Tissue,Tissue,1,582.6,0.1,524.34,83.89,0.16,UPI,Supermarket,Budget Shopper
ORD03622,2024-09-27,CUST0497,Jaipur,Rajasthan,West,Grocery,Grocery - Cooking Oil,Cooking Oil,5,1792.32,0.08,8244.67,742.02,0.09,Cash,Hypermarket,Budget Shopper
ORD01697,2024-09-28,CUST0408,Mysuru,Karnataka,South,Electronics,Electronics - Mixer,Mixer,3,151.88,0.0,455.64,82.02,0.18,Debit Card,Supermarket,Budget Shopper
ORD02090,2024-09-28,CUST1041,Vadodara,Gujarat,West,Grocery,Grocery - Sugar,Sugar,2,2361.38,0.2,3778.21,340.04,0.09,Cash,Hypermarket,Budget Shopper
ORD04255,2024-09-28,CUST0023,Kolkata,West Bengal,East,Grocery,Grocery - Rice,Rice,6,836.59,0.05,4768.56,429.17,0.09,Cash,Supermarket,Budget Shopper
ORD02335,2024-09-29,CUST0471,Jabalpur,Madhya Pradesh,West,Grocery,Grocery - Wheat Flour,Wheat Flour,3,1953.74,0.0,5861.22,527.51,0.09,Credit Card,Supermarket,Regular Shopper
ORD00346,2024-09-29,CUST0721,Surat,Gujarat,West,Grocery,Grocery - Rice,Rice,2,447.74,0.2,716.38,64.47,0.09,Credit Card,Supermarket,Regular Shopper
ORD00865,2024-09-29,CUST0516,Chennai,Tamil Nadu,South,Beverages,Beverages - Coffee,Coffee,5,1015.95,0.25,3809.81,533.37,0.14,UPI,Supermarket,Regular Shopper
ORD02194,2024-09-29,CUST0618,Chennai,Tamil Nadu,South,Home Care,Home Care - Toilet Cleaner,Toilet Cleaner,1,1532.44,0.05,1455.82,232.93,0.16,Cash,Supermarket,Premium Shopper
ORD03511,2024-09-29,CUST0165,Bengaluru,Karnataka,South,Home Care,Home Care - Dishwash,Dishwash,6,325.7,0.05,1856.49,297.04,0.16,Credit Card,Supermarket,Regular Shopper
ORD01488,2024-09-29,CUST0401,Nagpur,Maharashtra,West,Personal Care,Personal Care - Face Wash,Face Wash,5,972.64,0.08,4474.14,894.83,0.2,Debit Card,Supermarket,Budget Shopper
ORD03163,2024-09-30,CUST0891,Udaipur,Rajasthan,West,Personal Care,Personal Care - Body Lotion,Body Lotion,2,419.21,0.05,796.5,159.3,0.2,Credit Card,Supermarket,Premium Shopper
ORD02670,2024-09-30,CUST0684,Rajkot,Gujarat,West,Personal Care,Personal Care - Body Lotion,Body Lotion,5,2303.84,0.1,10367.28,2073.46,0.2,UPI,Supermarket,Regular Shopper
ORD04426,2024-09-30,CUST1019,Madurai,Tamil Nadu,South,Personal Care,Personal Care - Body Lotion,Body Lotion,3,717.98,0.2,1723.15,344.63,0.2,UPI,Supermarket,Budget Shopper
ORD00217,2024-09-30,CUST1094,Lucknow,Uttar Pradesh,North,Personal Care,Personal Care - Shampoo,Shampoo,3,622.49,0.25,1400.6,280.12,0.2,Wallet,Supermarket,Regular Shopper
ORD04319,2024-09-30,CUST0373,Kolkata,West Bengal,East,Grocery,Grocery - Biscuits,Biscuits,4,987.11,0.02,3869.47,348.25,0.09,Debit Card,Hypermarket,Premium Shopper
ORD04955,2024-09-30,CUST0198,Mysuru,Karnataka,South,Clothing,Clothing - Jeans,Jeans,5,2354.61,0.08,10831.21,2707.8,0.25,Wallet,Supermarket,Budget Shopper
ORD03594,2024-09-30,CUST0011,Warangal,Telangana,South,Electronics,Electronics - Power Bank,Power Bank,6,812.25,0.0,4873.5,877.23,0.18,Cash,Hypermarket,Premium Shopper
ORD00229,2024-10-01,CUST0247,Rajkot,Gujarat,West,Electronics,Electronics - LED Bulb,LED Bulb,1,71.01,0.02,69.59,12.53,0.1801,Cash,Hypermarket,Regular Shopper
ORD01839,2024-10-01,CUST0377,Mangaluru,Karnataka,South,Beverages,Beverages - Juice,Juice,3,1219.56,0.1,3292.81,460.99,0.14,Cash,Hypermarket,Budget Shopper
ORD02372,2024-10-01,CUST0458,Thane,Maharashtra,West,Clothing,Clothing - Kids Wear,Kids Wear,1,156.84,0.05,149.0,37.25,0.25,Cash,Hypermarket,Premium Shopper
ORD02653,2024-10-01,CUST0389,Kolkata,West Bengal,East,Personal Care,Personal Care - Body Lotion,Body Lotion,5,1288.72,0.15,5477.06,1095.41,0.2,UPI,Supermarket,Regular Shopper
ORD00881,2024-10-01,CUST0266,Mumbai,Maharashtra,West,Grocery,Grocery - Wheat Flour,Wheat Flour,5,468.07,0.2,1872.28,168.51,0.09,Cash,Hypermarket,Budget Shopper
ORD01858,2024-10-01,CUST0357,Bengaluru,Karnataka,South,Personal Care,Personal Care - Soap,Soap,3,1588.74,0.1,4289.6,857.92,0.2,Credit Card,Hypermarket,Regular Shopper
ORD02702,2024-10-01,CUST0661,Mysuru,Karnataka,South,Grocery,Grocery - Rice,Rice,7,546.2,0.1,3441.06,309.7,0.09,Cash,Supermarket,Budget Shopper
ORD04537,2024-10-01,CUST0045,Bhopal,Madhya Pradesh,West,Clothing,Clothing - Socks,Socks,3,1989.67,0.0,5969.01,1492.25,0.25,Wallet,Supermarket,Budget Shopper
ORD04018,2024-10-01,CUST0026,Mangaluru,Karnataka,South,Grocery,Grocery - Biscuits,Biscuits,3,869.32,0.08,2399.32,215.94,0.09,Credit Card,Supermarket,Regular Shopper
ORD02568,2024-10-02,CUST0179,Warangal,Telangana,South,Electronics,Electronics - Extension Board,Extension Board,5,832.91,0.08,3831.39,689.65,0.18,Credit Card,Supermarket,Regular Shopper
ORD02330,2024-10-02,CUST1086,Lucknow,Uttar Pradesh,North,Personal Care,Personal Care - Toothpaste,Toothpaste,3,339.17,0.08,936.11,187.22,0.2,Debit Card,Hypermarket,Regular Shopper
ORD00575,2024-10-02,CUST0209,Mysuru,Karnataka,South,Beverages,Beverages - Tea,Tea,4,893.52,0.05,3395.38,475.35,0.14,Cash,Supermarket,Budget Shopper
ORD03057,2024-10-02,CUST0673,Indore,Madhya Pradesh,West,Grocery,Grocery - Cooking Oil,Cooking Oil,1,302.52,0.1,272.27,24.5,0.09,Wallet,Hypermarket,Budget Shopper
ORD00019,2024-10-02,CUST0872,Hyderabad,Telangana,South,Home Care,Home Care - Dishwash,Dishwash,1,1702.2,0.02,1668.16,266.91,0.16,Credit Card,Hypermarket,Budget Shopper
ORD00713,2024-10-02,CUST1106,Madurai,Tamil Nadu,South,Electronics,Electronics - Mixer,Mixer,1,360.58,0.1,324.52,58.41,0.18,Cash,Hypermarket,Budget Shopper
ORD04690,2024-10-02,CUST0982,Udaipur,Rajasthan,West,Grocery,Grocery - Cooking Oil,Cooking Oil,4,2389.48,0.15,8124.23,731.18,0.09,Debit Card,Hypermarket,Regular Shopper
ORD01785,2024-10-03,CUST0827,Mysuru,Karnataka,South,Home Care,Home Care - Dishwash,Dishwash,7,2256.06,0.08,14529.03,2324.64,0.16,Cash,Supermarket,Regular Shopper
ORD03706,2024-10-03,CUST0439,Udaipur,Rajasthan,West,Home Care,Home Care - Dishwash,Dishwash,3,1277.59,0.0,3832.77,613.24,0.16,Wallet,Hypermarket,Budget Shopper
ORD03738,2024-10-03,CUST0367,Hyderabad,Telangana,South,Home Care,Home Care - Tissue,Tissue,5,2459.4,0.0,12297.0,1967.52,0.16,Debit Card,Supermarket,Premium Shopper
ORD02118,2024-10-04,CUST0567,Noida,Uttar Pradesh,North,Grocery,Grocery - Cooking Oil,Cooking Oil,5,1874.36,0.05,8903.21,801.29,0.09,Debit Card,Hypermarket,Budget Shopper
ORD00797,2024-10-04,CUST0513,Coimbatore,Tamil Nadu,South,Grocery,Grocery - Sugar,Sugar,3,1320.32,0.05,3762.91,338.66,0.09,UPI,Supermarket,Budget Shopper
ORD04465,2024-10-04,CUST0004,New Delhi,Delhi,North,Grocery,Grocery - Cooking Oil,Cooking Oil,1,333.94,0.02,327.26,29.45,0.09,Debit Card,Supermarket,Premium Shopper
ORD04464,2024-10-04,CUST0329,Bhopal,Madhya Pradesh,West,Beverages,Beverages - Juice,Juice,2,566.79,0.08,1042.89,146.0,0.14,Wallet,Supermarket,Regular Shopper
ORD01797,2024-10-04,CUST0619,New Delhi,Delhi,North,Beverages,Beverages - Coffee,Coffee,7,1111.08,0.02,7622.01,1067.08,0.14,Credit Card,Supermarket,Budget Shopper
ORD02467,2024-10-04,CUST0076,Chennai,Tamil Nadu,South,Clothing,Clothing - Socks,Socks,1,1459.71,0.05,1386.72,346.68,0.25,Credit Card,Supermarket,Premium Shopper
ORD00783,2024-10-04,CUST0434,Mumbai,Maharashtra,West,Grocery,Grocery - Sugar,Sugar,2,1796.2,0.15,3053.54,274.82,0.09,Credit Card,Hypermarket,Premium Shopper
ORD00690,2024-10-04,CUST0701,Bhopal,Madhya Pradesh,West,Personal Care,Personal Care - Shampoo,Shampoo,4,606.77,0.05,2305.73,461.15,0.2,Cash,Supermarket,Regular Shopper
ORD02023,2024-10-05,CUST0191,Mumbai,Maharashtra,West,Grocery,Grocery - Rice,Rice,6,2047.18,0.05,11668.93,1050.2,0.09,Credit Card,Supermarket,Regular Shopper
ORD04815,2024-10-05,CUST0521,Nagpur,Maharashtra,West,Home Care,Home Care - Tissue,Tissue,2,1307.58,0.15,2222.89,355.66,0.16,Debit Card,Hypermarket,Budget Shopper
ORD03206,2024-10-05,CUST0266,Vadodara,Gujarat,West,Grocery,Grocery - Wheat Flour,Wheat Flour,1,2392.61,0.08,2201.2,198.11,0.09,Debit Card,Supermarket,Budget Shopper
ORD02260,2024-10-05,CUST0402,Jabalpur,Madhya Pradesh,West,Grocery,Grocery - Cooking Oil,Cooking Oil,6,444.28,0.2,2132.54,191.93,0.09,Credit Card,Supermarket,Budget Shopper
ORD01179,2024-10-05,CUST0991,Kolkata,West Bengal,East,Grocery,Grocery - Wheat Flour,Wheat Flour,4,2270.91,0.1,8175.28,735.78,0.09,Wallet,Supermarket,Regular Shopper
ORD04984,2024-10-05,CUST0591,Pune,Maharashtra,West,Home Care,Home Care - Tissue,Tissue,7,100.66,0.0,704.62,112.74,0.16,Wallet,Supermarket,Regular Shopper
ORD00628,2024-10-06,CUST1096,Udaipur,Rajasthan,West,Personal Care,Personal Care - Face Wash,Face Wash,5,1122.84,0.15,4772.07,954.41,0.2,Credit Card,Hypermarket,Budget Shopper
ORD00188,2024-10-06,CUST0598,Bhopal,Madhya Pradesh,West,Grocery,Grocery - Biscuits,Biscuits,2,67.14,0.02,131.59,11.84,0.09,Wallet,Supermarket,Regular Shopper
ORD02990,2024-10-06,CUST0130,Vadodara,Gujarat,West,Clothing,Clothing - Kids Wear,Kids Wear,4,2033.19,0.05,7726.12,1931.53,0.25,Debit Card,Supermarket,Budget Shopper
ORD02593,2024-10-06,CUST1066,Warangal,Telangana,South,Clothing,Clothing - Shirt,Shirt,3,1686.38,0.2,4047.31,1011.83,0.25,UPI,Supermarket,Budget Shopper
ORD00292,2024-10-06,CUST0631,Jodhpur,Rajasthan,West,Personal Care,Personal Care - Shampoo,Shampoo,4,1345.61,0.08,4951.84,990.37,0.2,Cash,Supermarket,Budget Shopper
ORD01463,2024-10-06,CUST0269,Pune,Maharashtra,West,Clothing,Clothing - Jeans,Jeans,2,741.02,0.1,1333.84,333.46,0.25,Wallet,Supermarket,Budget Shopper
ORD01723,2024-10-06,CUST1006,Hyderabad,Telangana,South,Grocery,Grocery - Cooking Oil,Cooking Oil,7,2477.18,0.15,14739.22,1326.53,0.09,Wallet,Supermarket,Premium Shopper
ORD03974,2024-10-07,CUST0981,Noida,Uttar Pradesh,North,Beverages,Beverages - Tea,Tea,5,1039.45,0.05,4937.39,691.23,0.14,Credit Card,Supermarket,Premium Shopper
ORD03571,2024-10-07,CUST0658,Kolkata,West Bengal,East,Beverages,Beverages - Soft Drink,Soft Drink,2,931.84,0.05,1770.5,247.87,0.14,Cash,Hypermarket,Premium Shopper
ORD04874,2024-10-07,CUST0376,Coimbatore,Tamil Nadu,South,Home Care,Home Care - Tissue,Tissue,1,1073.65,0.05,1019.97,163.2,0.16,UPI,Supermarket,Regular Shopper
ORD03586,2024-10-07,CUST0992,New Delhi,Delhi,North,Clothing,Clothing - Socks,Socks,4,140.14,0.05,532.53,133.13,0.25,Wallet,Hypermarket,Budget Shopper
ORD04167,2024-10-07,CUST1015,Chennai,Tamil Nadu,South,Home Care,Home Care - Toilet Cleaner,Toilet Cleaner,5,2481.33,0.02,12158.52,1945.36,0.16,Wallet,Supermarket,Budget Shopper
ORD01503,2024-10-08,CUST0033,New Delhi,Delhi,North,Grocery,Grocery - Biscuits,Biscuits,5,589.81,0.1,2654.14,238.87,0.09,Wallet,Supermarket,Regular Shopper
ORD04681,2024-10-08,CUST1045,Coimbatore,Tamil Nadu,South,Grocery,Grocery - Wheat Flour,Wheat Flour,4,670.64,0.02,2628.91,236.6,0.09,UPI,Supermarket,Budget Shopper
ORD02307,2024-10-08,CUST0791,New Delhi,Delhi,North,Grocery,Grocery - Cooking Oil,Cooking Oil,5,1575.52,0.15,6695.96,602.64,0.09,Wallet,Supermarket,Budget Shopper
ORD03222,2024-10-08,CUST1191,Thane,Maharashtra,West,Grocery,Grocery - Biscuits,Biscuits,1,1135.53,0.05,1078.75,97.09,0.09,Cash,Supermarket,Regular Shopper
ORD03046,2024-10-08,CUST0586,Mysuru,Karnataka,South,Home Care,Home Care - Toilet Cleaner,Toilet Cleaner,6,2481.8,0.05,14146.26,2263.4,0.16,UPI,Hypermarket,Budget Shopper
ORD01074,2024-10-09,CUST0987,Indore,Madhya Pradesh,West,Grocery,Grocery - Wheat Flour,Wheat Flour,4,2343.41,0.0,9373.64,843.63,0.09,Credit Card,Hypermarket,Budget Shopper
ORD03411,2024-10-09,CUST0686,Thane,Maharashtra,West,Clothing,Clothing - Kids Wear,Kids Wear,4,601.75,0.1,2166.3,541.58,0.25,Cash,Supermarket,Regular Shopper
ORD02163,2024-10-09,CUST0444,Udaipur,Rajasthan,West,Home Care,Home Care - Dishwash,Dishwash,2,2161.36,0.0,4322.72,691.64,0.16,Cash,Supermarket,Regular Shopper
ORD03480,2024-10-10,CUST0631,Hyderabad,Telangana,South,Grocery,Grocery - Biscuits,Biscuits,1,1457.74,0.0,1457.74,131.2,0.09,Credit Card,Supermarket,Premium Shopper
ORD01203,2024-10-10,CUST0133,Bhopal,Madhya Pradesh,West,Home Care,Home Care - Floor Cleaner,Floor Cleaner,3,460.69,0.1,1243.86,199.02,0.16,Wallet,Hypermarket,Budget Shopper
ORD01050,2024-10-10,CUST1017,Madurai,Tamil Nadu,South,Grocery,Grocery - Rice,Rice,2,1916.98,0.0,3833.96,345.06,0.09,UPI,Supermarket,Regular Shopper
ORD04643,2024-10-10,CUST1065,Thane,Maharashtra,West,Home Care,Home Care - Toilet Cleaner,Toilet Cleaner,3,206.35,0.2,495.24,79.24,0.16,Wallet,Hypermarket,Premium Shopper
ORD04898,2024-10-10,CUST0499,Chennai,Tamil Nadu,South,Grocery,Grocery - Wheat Flour,Wheat Flour,3,254.39,0.0,763.17,68.69,0.09,UPI,Supermarket,Premium Shopper
ORD03634,2024-10-10,CUST0309,Kolkata,West Bengal,East,Beverages,Beverages - Packaged Water,Packaged Water,1,2304.92,0.15,1959.18,274.29,0.14,UPI,Supermarket,Budget Shopper
ORD02437,2024-10-10,CUST0173,Warangal,Telangana,South,Personal Care,Personal Care - Face Wash,Face Wash,5,2290.14,0.2,9160.56,1832.11,0.2,Wallet,Hypermarket,Budget Shopper
ORD00651,2024-10-10,CUST1090,New Delhi,Delhi,North,Grocery,Grocery - Rice,Rice,5,1784.87,0.05,8478.13,763.03,0.09,Cash,Supermarket,Budget Shopper
ORD00222,2024-10-11,CUST0571,New Delhi,Delhi,North,Clothing,Clothing - Kids Wear,Kids Wear,3,2446.03,0.15,6237.38,1559.35,0.25,Wallet,Supermarket,Regular Shopper
ORD01758,2024-10-12,CUST0104,Warangal,Telangana,South,Personal Care,Personal Care - Face Wash,Face Wash,3,2175.52,0.05,6200.23,1240.05,0.2,Credit Card,Supermarket,Regular Shopper
ORD02443,2024-10-12,CUST0053,Udaipur,Rajasthan,West,Home Care,Home Care - Dishwash,Dishwash,4,816.47,0.02,3200.56,512.09,0.16,Cash,Supermarket,Regular Shopper
ORD02142,2024-10-12,CUST0872,Mangaluru,Karnataka,South,Grocery,Grocery - Rice,Rice,2,2431.57,0.0,4863.14,437.68,0.09,UPI,Supermarket,Regular Shopper
ORD04811,2024-10-12,CUST0260,Hyderabad,Telangana,South,Personal Care,Personal Care - Face Wash,Face Wash,6,828.89,0.15,4227.34,845.47,0.2,Credit Card,Hypermarket,Budget Shopper
ORD01129,2024-10-13,CUST1190,Mysuru,Karnataka,South,Personal Care,Personal Care - Body Lotion,Body Lotion,4,1546.72,0.02,6063.14,1212.63,0.2,UPI,Hypermarket,Budget Shopper
ORD01970,2024-10-13,CUST1142,Lucknow,Uttar Pradesh,North,Electronics,Electronics - Extension Board,Extension Board,6,1783.79,0.15,9097.33,1637.52,0.18,Credit Card,Supermarket,Regular Shopper
ORD03393,2024-10-13,CUST0102,Bengaluru,Karnataka,South,Home Care,Home Care - Tissue,Tissue,7,1350.02,0.1,8505.13,1360.82,0.16,UPI,Hypermarket,Regular Shopper
ORD02451,2024-10-13,CUST0394,Chennai,Tamil Nadu,South,Home Care,Home Care - Dishwash,Dishwash,5,1406.56,0.08,6470.18,1035.23,0.16,Credit Card,Hypermarket,Premium Shopper
ORD03896,2024-10-13,CUST0265,Bhopal,Madhya Pradesh,West,Personal Care,Personal Care - Body Lotion,Body Lotion,5,1054.04,0.15,4479.67,895.93,0.2,Cash,Hypermarket,Budget Shopper
ORD02813,2024-10-14,CUST0237,Ahmedabad,Gujarat,West,Electronics,Electronics - Earphones,Earphones,2,765.66,0.08,1408.81,253.59,0.18,UPI,Supermarket,Budget Shopper
ORD02277,2024-10-14,CUST0369,Mangaluru,Karnataka,South,Grocery,Grocery - Cooking Oil,Cooking Oil,4,851.56,0.1,3065.62,275.91,0.09,Debit Card,Supermarket,Budget Shopper
ORD03202,2024-10-14,CUST0006,Bengaluru,Karnataka,South,Grocery,Grocery - Rice,Rice,4,578.69,0.08,2129.58,191.66,0.09,Wallet,Hypermarket,Budget Shopper
ORD04092,2024-10-14,CUST0101,Surat,Gujarat,West,Clothing,Clothing - Jeans,Jeans,6,216.58,0.05,1234.51,308.63,0.25,UPI,Supermarket,Budget Shopper
ORD00955,2024-10-14,CUST0898,Jaipur,Rajasthan,West,Electronics,Electronics - Earphones,Earphones,4,872.78,0.15,2967.45,534.14,0.18,Debit Card,Supermarket,Regular Shopper
ORD00676,2024-10-14,CUST1145,Coimbatore,Tamil Nadu,South,Home Care,Home Care - Floor Cleaner,Floor Cleaner,1,1382.54,0.08,1271.94,203.51,0.16,Credit Card,Hypermarket,Premium Shopper
ORD03528,2024-10-14,CUST0420,Noida,Uttar Pradesh,North,Personal Care,Personal Care - Shampoo,Shampoo,1,1632.87,0.05,1551.23,310.25,0.2,Cash,Hypermarket,Premium Shopper
ORD04382,2024-10-14,CUST0206,Coimbatore,Tamil Nadu,South,Home Care,Home Care - Detergent,Detergent,3,2340.18,0.08,6458.9,1033.42,0.16,Debit Card,Hypermarket,Regular Shopper
ORD01409,2024-10-15,CUST0038,Chennai,Tamil Nadu,South,Grocery,Grocery - Rice,Rice,3,2398.91,0.05,6836.89,615.32,0.09,Cash,Hypermarket,Regular Shopper
ORD01909,2024-10-15,CUST0538,Udaipur,Rajasthan,West,Personal Care,Personal Care - Body Lotion,Body Lotion,6,1094.47,0.05,6238.48,1247.7,0.2,UPI,Supermarket,Budget Shopper
ORD04392,2024-10-15,CUST1064,Bengaluru,Karnataka,South,Personal Care,Personal Care - Soap,Soap,5,972.03,0.05,4617.14,923.43,0.2,UPI,Hypermarket,Regular Shopper
ORD00074,2024-10-15,CUST0090,Hyderabad,Telangana,South,Personal Care,Personal Care - Shampoo,Shampoo,5,750.03,0.08,3450.14,690.03,0.2,Cash,Hypermarket,Regular Shopper
ORD03051,2024-10-16,CUST0305,Udaipur,Rajasthan,West,Grocery,Grocery - Biscuits,Biscuits,6,1571.77,0.08,8676.17,780.86,0.09,Debit Card,Hypermarket,Budget Shopper
ORD00556,2024-10-16,CUST0377,Lucknow,Uttar Pradesh,North,Electronics,Electronics - LED Bulb,LED Bulb,5,1856.82,0.08,8541.37,1537.45,0.18,Debit Card,Supermarket,Budget Shopper
ORD02017,2024-10-16,CUST0810,New Delhi,Delhi,North,Grocery,Grocery - Rice,Rice,3,1505.39,0.0,4516.17,406.46,0.09,Debit Card,Hypermarket,Budget Shopper
ORD04666,2024-10-16,CUST0357,Jodhpur,Rajasthan,West,Home Care,Home Care - Toilet Cleaner,Toilet Cleaner,7,549.28,0.08,3537.36,565.98,0.16,Debit Card,Hypermarket,Premium Shopper
ORD04725,2024-10-17,CUST0203,Udaipur,Rajasthan,West,Home Care,Home Care - Toilet Cleaner,Toilet Cleaner,7,194.3,0.08,1251.29,200.21,0.16,Wallet,Supermarket,Budget Shopper
ORD03301,2024-10-17,CUST1071,Warangal,Telangana,South,Clothing,Clothing - T-Shirt,T-Shirt,3,2424.15,0.2,5817.96,1454.49,0.25,Wallet,Supermarket,Budget Shopper
ORD01535,2024-10-17,CUST0996,Surat,Gujarat,West,Personal Care,Personal Care - Body Lotion,Body Lotion,7,357.58,0.15,2127.6,425.52,0.2,Debit Card,Hypermarket,Budget Shopper
ORD00176,2024-10-17,CUST0515,Jaipur,Rajasthan,West,Beverages,Beverages - Coffee,Coffee,7,981.01,0.08,6317.7,884.48,0.14,Wallet,Supermarket,Premium Shopper
ORD01783,2024-10-17,CUST1100,Lucknow,Uttar Pradesh,North,Personal Care,Personal Care - Face Wash,Face Wash,1,385.82,0.0,385.82,77.16,0.2,Wallet,Supermarket,Premium Shopper
ORD01687,2024-10-17,CUST0569,Hyderabad,Telangana,South,Grocery,Grocery - Rice,Rice,1,2071.6,0.1,1864.44,167.8,0.09,Debit Card,Supermarket,Budget Shopper
ORD01768,2024-10-17,CUST0295,Bengaluru,Karnataka,South,Grocery,Grocery - Wheat Flour,Wheat Flour,3,783.04,0.15,1996.75,179.71,0.09,Wallet,Supermarket,Budget Shopper
ORD00929,2024-10-17,CUST0474,Surat,Gujarat,West,Personal Care,Personal Care - Face Wash,Face Wash,2,2385.18,0.08,4388.73,877.75,0.2,Debit Card,Hypermarket,Premium Shopper
ORD01364,2024-10-18,CUST1159,Madurai,Tamil Nadu,South,Home Care,Home Care - Detergent,Detergent,3,437.51,0.1,1181.28,189.0,0.16,Debit Card,Hypermarket,Budget Shopper
ORD03652,2024-10-18,CUST0100,Kolkata,West Bengal,East,Personal Care,Personal Care - Toothpaste,Toothpaste,5,2042.51,0.02,10008.3,2001.66,0.2,Credit Card,Hypermarket,Regular Shopper
ORD01579,2024-10-18,CUST1199,Kolkata,West Bengal,East,Home Care,Home Care - Tissue,Tissue,6,2215.12,0.1,11961.65,1913.86,0.16,Wallet,Hypermarket,Budget Shopper
ORD04396,2024-10-18,CUST0314,Warangal,Telangana,South,Grocery,Grocery - Biscuits,Biscuits,7,221.63,0.08,1427.3,128.46,0.09,Wallet,Hypermarket,Budget Shopper
ORD04956,2024-10-18,CUST0452,Hyderabad,Telangana,South,Grocery,Grocery - Wheat Flour,Wheat Flour,6,2238.71,0.05,12760.65,1148.46,0.09,UPI,Hypermarket,Premium Shopper
ORD03028,2024-10-18,CUST1179,Warangal,Telangana,South,Beverages,Beverages - Coffee,Coffee,4,542.33,0.25,1626.99,227.78,0.14,UPI,Supermarket,Budget Shopper
ORD00701,2024-10-18,CUST0821,Thane,Maharashtra,West,Beverages,Beverages - Juice,Juice,1,835.87,0.08,769.0,107.66,0.14,Wallet,Supermarket,Budget Shopper
ORD00625,2024-10-19,CUST0986,Nashik,Maharashtra,West,Home Care,Home Care - Dishwash,Dishwash,4,395.01,0.0,1580.04,252.81,0.16,Wallet,Hypermarket,Budget Shopper
ORD01608,2024-10-19,CUST0610,New Delhi,Delhi,North,Clothing,Clothing - T-Shirt,T-Shirt,4,294.85,0.2,943.52,235.88,0.25,Credit Card,Supermarket,Regular Shopper
ORD04384,2024-10-19,CUST0082,Jaipur,Rajasthan,West,Electronics,Electronics - Extension Board,Extension Board,5,301.29,0.05,1431.13,257.6,0.18,Wallet,Hypermarket,Regular Shopper
ORD00478,2024-10-19,CUST0491,Udaipur,Rajasthan,West,Home Care,Home Care - Tissue,Tissue,1,1455.96,0.1,1310.36,209.66,0.16,Debit Card,Hypermarket,Budget Shopper
ORD04467,2024-10-19,CUST0502,Udaipur,Rajasthan,West,Personal Care,Personal Care - Shampoo,Shampoo,2,1271.88,0.08,2340.26,468.05,0.2,UPI,Supermarket,Budget Shopper
ORD02035,2024-10-19,CUST1008,Vadodara,Gujarat,West,Grocery,Grocery - Cooking Oil,Cooking Oil,5,442.34,0.2,1769.36,159.24,0.09,Cash,Supermarket,Budget Shopper
ORD01259,2024-10-19,CUST0848,Mumbai,Maharashtra,West,Beverages,Beverages - Soft Drink,Soft Drink,7,858.31,0.2,4806.54,672.92,0.14,UPI,Supermarket,Regular Shopper
ORD00037,2024-10-20,CUST0762,Indore,Madhya Pradesh,West,Clothing,Clothing - Kids Wear,Kids Wear,1,1277.72,0.08,1175.5,293.88,0.25,Wallet,Supermarket,Regular Shopper
ORD04239,2024-10-20,CUST0991,Hyderabad,Telangana,South,Clothing,Clothing - Jeans,Jeans,6,1075.13,0.05,6128.24,1532.06,0.25,UPI,Supermarket,Regular Shopper
ORD04831,2024-10-20,CUST0335,Nagpur,Maharashtra,West,Home Care,Home Care - Detergent,Detergent,1,1574.62,0.0,1574.62,251.94,0.16,Wallet,Supermarket,Premium Shopper
ORD01084,2024-10-20,CUST0941,Mysuru,Karnataka,South,Grocery,Grocery - Rice,Rice,7,740.75,0.08,4770.43,429.34,0.09,Credit Card,Hypermarket,Regular Shopper
ORD01509,2024-10-20,CUST0683,Jaipur,Rajasthan,West,Beverages,Beverages - Juice,Juice,4,311.83,0.08,1147.53,160.65,0.14,Wallet,Supermarket,Budget Shopper
ORD01924,2024-10-20,CUST0152,New Delhi,Delhi,North,Clothing,Clothing - Jeans,Jeans,1,1820.62,0.08,1674.97,418.74,0.25,Debit Card,Supermarket,Budget Shopper
ORD01830,2024-10-20,CUST0944,Chennai,Tamil Nadu,South,Grocery,Grocery - Biscuits,Biscuits,1,2407.17,0.08,2214.6,199.31,0.09,UPI,Hypermarket,Regular Shopper
ORD00429,2024-10-21,CUST0285,Chennai,Tamil Nadu,South,Clothing,Clothing - Kids Wear,Kids Wear,7,1845.41,0.08,11884.44,2971.11,0.25,Credit Card,Hypermarket,Regular Shopper
ORD00321,2024-10-21,CUST1113,Mangaluru,Karnataka,South,Beverages,Beverages - Tea,Tea,4,1705.79,0.05,6482.0,907.48,0.14,Debit Card,Hypermarket,Regular Shopper
ORD00383,2024-10-21,CUST0040,Udaipur,Rajasthan,West,Personal Care,Personal Care - Shampoo,Shampoo,5,78.93,0.08,363.08,72.62,0.2,UPI,Hypermarket,Regular Shopper
ORD00374,2024-10-21,CUST1174,Warangal,Telangana,South,Personal Care,Personal Care - Face Wash,Face Wash,2,118.09,0.02,231.46,46.29,0.2,Cash,Supermarket,Budget Shopper
ORD00576,2024-10-21,CUST1100,Mysuru,Karnataka,South,Clothing,Clothing - Socks,Socks,1,626.19,0.15,532.26,133.06,0.25,Credit Card,Hypermarket,Budget Shopper
ORD01719,2024-10-21,CUST0523,Chennai,Tamil Nadu,South,Grocery,Grocery - Cooking Oil,Cooking Oil,2,1832.75,0.15,3115.68,280.41,0.09,UPI,Supermarket,Premium Shopper
ORD00641,2024-10-21,CUST0038,Hyderabad,Telangana,South,Electronics,Electronics - Mixer,Mixer,2,1723.71,0.15,2930.31,527.46,0.18,Credit Card,Supermarket,Budget Shopper
ORD00480,2024-10-21,CUST0343,Kanpur,Uttar Pradesh,North,Grocery,Grocery - Biscuits,Biscuits,5,682.88,0.0,3414.4,307.3,0.09,Cash,Hypermarket,Budget Shopper
ORD01275,2024-10-22,CUST0989,Warangal,Telangana,South,Grocery,Grocery - Sugar,Sugar,5,1815.79,0.2,7263.16,653.68,0.09,Credit Card,Supermarket,Premium Shopper
ORD03121,2024-10-22,CUST0458,Indore,Madhya Pradesh,West,Beverages,Beverages - Coffee,Coffee,1,1794.79,0.08,1651.21,231.17,0.14,Cash,Hypermarket,Budget Shopper
ORD04808,2024-10-22,CUST1086,Jabalpur,Madhya Pradesh,West,Grocery,Grocery - Biscuits,Biscuits,5,1709.76,0.08,7864.9,707.84,0.09,Cash,Supermarket,Budget Shopper
ORD01498,2024-10-22,CUST1170,New Delhi,Delhi,North,Clothing,Clothing - Socks,Socks,2,2331.81,0.05,4430.44,1107.61,0.25,UPI,Supermarket,Budget Shopper
ORD02258,2024-10-22,CUST0667,Lucknow,Uttar Pradesh,North,Grocery,Grocery - Sugar,Sugar,7,733.19,0.08,4721.74,424.96,0.09,UPI,Hypermarket,Budget Shopper
ORD01107,2024-10-22,CUST0756,Jodhpur,Rajasthan,West,Beverages,Beverages - Soft Drink,Soft Drink,4,753.63,0.1,2713.07,379.83,0.14,Credit Card,Hypermarket,Budget Shopper
ORD04151,2024-10-22,CUST0896,Udaipur,Rajasthan,West,Home Care,Home Care - Toilet Cleaner,Toilet Cleaner,2,802.66,0.1,1444.79,231.17,0.16,Credit Card,Supermarket,Budget Shopper
ORD03774,2024-10-23,CUST0364,Jabalpur,Madhya Pradesh,West,Clothing,Clothing - Shirt,Shirt,6,1623.73,0.0,9742.38,2435.59,0.25,Cash,Supermarket,Regular Shopper
ORD00339,2024-10-23,CUST0063,Madurai,Tamil Nadu,South,Grocery,Grocery - Wheat Flour,Wheat Flour,2,1971.34,0.0,3942.68,354.84,0.09,Cash,Supermarket,Regular Shopper
ORD02708,2024-10-23,CUST0225,Madurai,Tamil Nadu,South,Beverages,Beverages - Tea,Tea,4,2346.62,0.1,8447.83,1182.7,0.14,UPI,Supermarket,Regular Shopper
ORD02737,2024-10-23,CUST0578,Coimbatore,Tamil Nadu,South,Home Care,Home Care - Tissue,Tissue,2,1207.88,0.15,2053.4,328.54,0.16,Wallet,Supermarket,Budget Shopper
ORD00747,2024-10-23,CUST1090,Noida,Uttar Pradesh,North,Grocery,Grocery - Cooking Oil,Cooking Oil,1,1360.05,0.15,1156.04,104.04,0.09,Credit Card,Hypermarket,Budget Shopper
ORD01848,2024-10-24,CUST0178,Warangal,Telangana,South,Home Care,Home Care - Floor Cleaner,Floor Cleaner,3,2016.89,0.05,5748.14,919.7,0.16,UPI,Supermarket,Budget Shopper
ORD02486,2024-10-24,CUST1000,Chennai,Tamil Nadu,South,Electronics,Electronics - Extension Board,Extension Board,2,221.41,0.2,354.26,63.77,0.18,Wallet,Supermarket,Budget Shopper
ORD00038,2024-10-25,CUST0852,Jodhpur,Rajasthan,West,Grocery,Grocery - Cooking Oil,Cooking Oil,3,1705.83,0.1,4605.74,414.52,0.09,UPI,Hypermarket,Regular Shopper
ORD01682,2024-10-25,CUST0771,Rajkot,Gujarat,West,Beverages,Beverages - Juice,Juice,3,1069.77,0.02,3145.12,440.32,0.14,Debit Card,Hypermarket,Premium Shopper
ORD01189,2024-10-25,CUST1037,Bengaluru,Karnataka,South,Personal Care,Personal Care - Face Wash,Face Wash,5,2323.41,0.08,10687.69,2137.54,0.2,Cash,Hypermarket,Budget Shopper
ORD03960,2024-10-25,CUST0469,Mangaluru,Karnataka,South,Grocery,Grocery - Sugar,Sugar,2,982.22,0.08,1807.28,162.66,0.09,UPI,Supermarket,Regular Shopper
ORD01389,2024-10-25,CUST0019,Bengaluru,Karnataka,South,Beverages,Beverages - Juice,Juice,4,123.33,0.08,453.85,63.54,0.14,UPI,Hypermarket,Regular Shopper
ORD01244,2024-10-25,CUST0420,New Delhi,Delhi,North,Clothing,Clothing - T-Shirt,T-Shirt,7,162.81,0.1,1025.7,256.42,0.25,Credit Card,Hypermarket,Budget Shopper
ORD03805,2024-10-25,CUST0519,Chennai,Tamil Nadu,South,Grocery,Grocery - Wheat Flour,Wheat Flour,1,860.6,0.08,791.75,71.26,0.09,Credit Card,Hypermarket,Premium Shopper
ORD00209,2024-10-25,CUST0406,Bengaluru,Karnataka,South,Home Care,Home Care - Floor Cleaner,Floor Cleaner,6,862.23,0.25,3880.04,620.81,0.16,Wallet,Hypermarket,Regular Shopper
ORD01252,2024-10-25,CUST0332,Kolkata,West Bengal,East,Grocery,Grocery - Biscuits,Biscuits,1,2322.9,0.0,2322.9,209.06,0.09,Wallet,Hypermarket,Budget Shopper
ORD00636,2024-10-25,CUST0770,Kolkata,West Bengal,East,Grocery,Grocery - Cooking Oil,Cooking Oil,6,57.45,0.15,293.0,26.37,0.09,Credit Card,Hypermarket,Budget Shopper
ORD02701,2024-10-25,CUST1141,Coimbatore,Tamil Nadu,South,Beverages,Beverages - Packaged Water,Packaged Water,6,570.49,0.1,3080.65,431.29,0.14,Cash,Supermarket,Budget Shopper
ORD02140,2024-10-26,CUST0662,Mangaluru,Karnataka,South,Personal Care,Personal Care - Body Lotion,Body Lotion,3,155.16,0.08,428.24,85.65,0.2,Cash,Supermarket,Regular Shopper
ORD04174,2024-10-26,CUST0685,Nashik,Maharashtra,West,Beverages,Beverages - Coffee,Coffee,2,271.57,0.2,434.51,60.83,0.14,Cash,Hypermarket,Regular Shopper
ORD02879,2024-10-26,CUST0931,Warangal,Telangana,South,Grocery,Grocery - Wheat Flour,Wheat Flour,4,1960.24,0.0,7840.96,705.69,0.09,Wallet,Hypermarket,Premium Shopper
ORD03995,2024-10-26,CUST0343,Kolkata,West Bengal,East,Personal Care,Personal Care - Soap,Soap,1,428.33,0.05,406.91,81.38,0.2,Credit Card,Hypermarket,Regular Shopper
ORD02403,2024-10-26,CUST0051,Madurai,Tamil Nadu,South,Clothing,Clothing - T-Shirt,T-Shirt,2,1228.25,0.08,2259.98,564.99,0.25,Debit Card,Hypermarket,Budget Shopper
ORD04621,2024-10-27,CUST0185,New Delhi,Delhi,North,Grocery,Grocery - Biscuits,Biscuits,3,503.4,0.05,1434.69,129.12,0.09,Credit Card,Hypermarket,Budget Shopper
ORD02619,2024-10-27,CUST0484,Udaipur,Rajasthan,West,Home Care,Home Care - Floor Cleaner,Floor Cleaner,2,349.08,0.1,628.34,100.53,0.16,Credit Card,Supermarket,Regular Shopper
ORD01919,2024-10-27,CUST0381,Thane,Maharashtra,West,Grocery,Grocery - Wheat Flour,Wheat Flour,6,1337.83,0.15,6822.93,614.06,0.09,UPI,Supermarket,Regular Shopper
ORD00702,2024-10-27,CUST0601,Hyderabad,Telangana,South,Personal Care,Personal Care - Body Lotion,Body Lotion,4,1422.79,0.08,5235.87,1047.17,0.2,Cash,Hypermarket,Budget Shopper
ORD00090,2024-10-27,CUST0662,Mumbai,Maharashtra,West,Clothing,Clothing - Shirt,Shirt,5,72.21,0.08,332.17,83.04,0.25,UPI,Supermarket,Regular Shopper
ORD04328,2024-10-28,CUST0762,Kanpur,Uttar Pradesh,North,Personal Care,Personal Care - Shampoo,Shampoo,7,169.23,0.08,1089.84,217.97,0.2,Debit Card,Hypermarket,Regular Shopper
ORD04351,2024-10-28,CUST1054,Udaipur,Rajasthan,West,Personal Care,Personal Care - Body Lotion,Body Lotion,4,656.74,0.02,2574.42,514.88,0.2,Cash,Hypermarket,Budget Shopper
ORD03717,2024-10-28,CUST0390,Pune,Maharashtra,West,Home Care,Home Care - Toilet Cleaner,Toilet Cleaner,4,1621.74,0.02,6357.22,1017.16,0.16,Wallet,Supermarket,Budget Shopper
ORD02360,2024-10-28,CUST0978,New Delhi,Delhi,North,Home Care,Home Care - Dishwash,Dishwash,7,1163.28,0.15,6921.52,1107.44,0.16,Debit Card,Supermarket,Budget Shopper
ORD04900,2024-10-28,CUST0771,Udaipur,Rajasthan,West,Home Care,Home Care - Toilet Cleaner,Toilet Cleaner,6,138.8,0.05,791.16,126.59,0.16,UPI,Hypermarket,Premium Shopper
ORD01101,2024-10-28,CUST0873,Kolkata,West Bengal,East,Clothing,Clothing - Jeans,Jeans,3,141.4,0.1,381.78,95.44,0.25,Credit Card,Hypermarket,Budget Shopper
ORD01175,2024-10-28,CUST0799,Chennai,Tamil Nadu,South,Beverages,Beverages - Coffee,Coffee,1,1445.56,0.1,1301.0,182.14,0.14,Wallet,Hypermarket,Regular Shopper
ORD02980,2024-10-29,CUST1070,Pune,Maharashtra,West,Beverages,Beverages - Juice,Juice,3,2449.98,0.08,6761.94,946.67,0.14,Credit Card,Supermarket,Budget Shopper
ORD01897,2024-10-29,CUST0322,Chennai,Tamil Nadu,South,Clothing,Clothing - Jeans,Jeans,4,376.82,0.05,1431.92,357.98,0.25,Wallet,Hypermarket,Budget Shopper
ORD02986,2024-10-29,CUST1106,Kolkata,West Bengal,East,Beverages,Beverages - Juice,Juice,6,552.13,0.05,3147.14,440.6,0.14,UPI,Hypermarket,Budget Shopper
ORD03400,2024-10-29,CUST0913,Kanpur,Uttar Pradesh,North,Electronics,Electronics - LED Bulb,LED Bulb,6,2301.75,0.2,11048.4,1988.71,0.18,Credit Card,Hypermarket,Budget Shopper
ORD03195,2024-10-29,CUST0960,Jabalpur,Madhya Pradesh,West,Beverages,Beverages - Packaged Water,Packaged Water,2,122.45,0.08,225.31,31.54,0.14,Credit Card,Hypermarket,Regular Shopper
ORD00257,2024-10-29,CUST0440,Warangal,Telangana,South,Home Care,Home Care - Dishwash,Dishwash,4,1099.1,0.0,4396.4,703.42,0.16,UPI,Hypermarket,Premium Shopper
ORD02276,2024-10-30,CUST0846,Vadodara,Gujarat,West,Home Care,Home Care - Tissue,Tissue,5,1981.43,0.2,7925.72,1268.12,0.16,UPI,Supermarket,Budget Shopper
ORD00489,2024-10-30,CUST1175,Jabalpur,Madhya Pradesh,West,Home Care,Home Care - Tissue,Tissue,3,786.33,0.2,1887.19,301.95,0.16,UPI,Hypermarket,Premium Shopper
ORD04837,2024-10-30,CUST0864,Hyderabad,Telangana,South,Personal Care,Personal Care - Toothpaste,Toothpaste,7,59.87,0.05,398.14,79.63,0.2,Cash,Supermarket,Regular Shopper
ORD04959,2024-10-30,CUST0765,Indore,Madhya Pradesh,West,Grocery,Grocery - Sugar,Sugar,7,716.9,0.05,4767.38,429.06,0.09,Wallet,Hypermarket,Budget Shopper
ORD01730,2024-10-31,CUST0576,New Delhi,Delhi,North,Grocery,Grocery - Wheat Flour,Wheat Flour,3,1754.97,0.2,4211.93,379.07,0.09,UPI,Supermarket,Regular Shopper
ORD04061,2024-10-31,CUST0640,Bengaluru,Karnataka,South,Grocery,Grocery - Cooking Oil,Cooking Oil,6,1190.09,0.15,6069.46,546.25,0.09,Wallet,Supermarket,Premium Shopper
ORD03189,2024-10-31,CUST0379,New Delhi,Delhi,North,Beverages,Beverages - Soft Drink,Soft Drink,4,914.76,0.15,3110.18,435.43,0.14,UPI,Hypermarket,Premium Shopper
ORD03462,2024-11-01,CUST0878,Mangaluru,Karnataka,South,Grocery,Grocery - Cooking Oil,Cooking Oil,2,1915.07,0.1,3447.13,310.24,0.09,Wallet,Supermarket,Regular Shopper
ORD01628,2024-11-01,CUST0359,New Delhi,Delhi,North,Home Care,Home Care - Toilet Cleaner,Toilet Cleaner,4,601.07,0.08,2211.94,353.91,0.16,UPI,Hypermarket,Regular Shopper
ORD00795,2024-11-02,CUST0300,Warangal,Telangana,South,Clothing,Clothing - Shirt,Shirt,7,1796.73,0.1,11319.4,2829.85,0.25,Credit Card,Supermarket,Budget Shopper
ORD02925,2024-11-03,CUST1018,Noida,Uttar Pradesh,North,Grocery,Grocery - Rice,Rice,4,173.33,0.0,693.32,62.4,0.09,Credit Card,Hypermarket,Budget Shopper
ORD03693,2024-11-04,CUST0400,New Delhi,Delhi,North,Grocery,Grocery - Sugar,Sugar,5,876.33,0.25,3286.24,295.76,0.09,Debit Card,Supermarket,Premium Shopper
ORD04345,2024-11-04,CUST0403,New Delhi,Delhi,North,Grocery,Grocery - Cooking Oil,Cooking Oil,4,65.48,0.05,248.82,22.39,0.09,Cash,Supermarket,Premium Shopper
ORD04117,2024-11-05,CUST0490,Mangaluru,Karnataka,South,Personal Care,Personal Care - Soap,Soap,7,1015.46,0.25,5331.16,1066.23,0.2,UPI,Hypermarket,Regular Shopper
ORD04853,2024-11-05,CUST0798,New Delhi,Delhi,North,Grocery,Grocery - Wheat Flour,Wheat Flour,4,1403.7,0.15,4772.58,429.53,0.09,Credit Card,Hypermarket,Budget Shopper
ORD03483,2024-11-05,CUST0674,Coimbatore,Tamil Nadu,South,Clothing,Clothing - Kids Wear,Kids Wear,6,1496.29,0.02,8798.19,2199.55,0.25,Cash,Supermarket,Regular Shopper
ORD02962,2024-11-05,CUST0323,Thane,Maharashtra,West,Clothing,Clothing - Shirt,Shirt,5,1380.54,0.05,6557.56,1639.39,0.25,Credit Card,Hypermarket,Regular Shopper
ORD02151,2024-11-05,CUST0246,Bengaluru,Karnataka,South,Clothing,Clothing - Jeans,Jeans,4,1604.31,0.05,6096.38,1524.1,0.25,Cash,Supermarket,Premium Shopper
ORD04000,2024-11-05,CUST0849,Mangaluru,Karnataka,South,Grocery,Grocery - Sugar,Sugar,7,872.13,0.0,6104.91,549.44,0.09,Debit Card,Supermarket,Regular Shopper
ORD04698,2024-11-06,CUST0376,Warangal,Telangana,South,Home Care,Home Care - Tissue,Tissue,4,1174.05,0.15,3991.77,638.68,0.16,Wallet,Hypermarket,Regular Shopper
ORD03487,2024-11-06,CUST0918,Jodhpur,Rajasthan,West,Electronics,Electronics - LED Bulb,LED Bulb,4,1679.31,0.0,6717.24,1209.1,0.18,Wallet,Hypermarket,Regular Shopper
ORD00197,2024-11-06,CUST0149,Lucknow,Uttar Pradesh,North,Electronics,Electronics - LED Bulb,LED Bulb,2,760.34,0.1,1368.61,246.35,0.18,Wallet,Supermarket,Regular Shopper
ORD03042,2024-11-06,CUST0795,Kanpur,Uttar Pradesh,North,Clothing,Clothing - Kids Wear,Kids Wear,5,1189.39,0.08,5471.19,1367.8,0.25,Credit Card,Supermarket,Regular Shopper
ORD00169,2024-11-06,CUST0915,Mangaluru,Karnataka,South,Home Care,Home Care - Dishwash,Dishwash,7,408.27,0.1,2572.1,411.54,0.16,UPI,Hypermarket,Premium Shopper
ORD00694,2024-11-06,CUST0049,Nashik,Maharashtra,West,Grocery,Grocery - Rice,Rice,4,1131.51,0.08,4163.96,374.76,0.09,UPI,Hypermarket,Budget Shopper
ORD01441,2024-11-06,CUST1180,New Delhi,Delhi,North,Personal Care,Personal Care - Body Lotion,Body Lotion,2,1447.78,0.15,2461.23,492.25,0.2,Debit Card,Supermarket,Premium Shopper
ORD03305,2024-11-06,CUST0776,Bhopal,Madhya Pradesh,West,Beverages,Beverages - Coffee,Coffee,6,2098.66,0.05,11962.36,1674.73,0.14,Cash,Supermarket,Regular Shopper
ORD01194,2024-11-06,CUST0708,Madurai,Tamil Nadu,South,Home Care,Home Care - Dishwash,Dishwash,7,660.4,0.2,3698.24,591.72,0.16,Debit Card,Supermarket,Regular Shopper
ORD01814,2024-11-07,CUST0027,Jodhpur,Rajasthan,West,Beverages,Beverages - Soft Drink,Soft Drink,4,1833.96,0.08,6748.97,944.86,0.14,Cash,Supermarket,Budget Shopper
ORD03446,2024-11-07,CUST0344,Jodhpur,Rajasthan,West,Home Care,Home Care - Tissue,Tissue,5,812.56,0.1,3656.52,585.04,0.16,UPI,Hypermarket,Budget Shopper
ORD00974,2024-11-07,CUST0413,Kanpur,Uttar Pradesh,North,Clothing,Clothing - Shirt,Shirt,3,302.94,0.08,836.11,209.03,0.25,Credit Card,Supermarket,Regular Shopper
ORD03648,2024-11-07,CUST0499,Bengaluru,Karnataka,South,Electronics,Electronics - Extension Board,Extension Board,4,2375.51,0.1,8551.84,1539.33,0.18,Debit Card,Hypermarket,Budget Shopper
ORD00014,2024-11-07,CUST0318,Jodhpur,Rajasthan,West,Personal Care,Personal Care - Shampoo,Shampoo,2,1743.39,0.05,3312.44,662.49,0.2,Debit Card,Supermarket,Budget Shopper
ORD03515,2024-11-07,CUST0186,Madurai,Tamil Nadu,South,Electronics,Electronics - Extension Board,Extension Board,2,1127.42,0.1,2029.36,365.28,0.18,Wallet,Supermarket,Premium Shopper
ORD04582,2024-11-07,CUST0089,Pune,Maharashtra,West,Personal Care,Personal Care - Soap,Soap,6,878.96,0.1,4746.38,949.28,0.2,Debit Card,Supermarket,Premium Shopper
ORD01336,2024-11-08,CUST0957,Jaipur,Rajasthan,West,Home Care,Home Care - Floor Cleaner,Floor Cleaner,3,535.56,0.08,1478.15,236.5,0.16,Debit Card,Supermarket,Budget Shopper
ORD01890,2024-11-08,CUST0422,Bhopal,Madhya Pradesh,West,Grocery,Grocery - Wheat Flour,Wheat Flour,6,1025.36,0.2,4921.73,442.96,0.09,Debit Card,Hypermarket,Budget Shopper
ORD04247,2024-11-08,CUST0639,Lucknow,Uttar Pradesh,North,Beverages,Beverages - Soft Drink,Soft Drink,2,1939.98,0.2,3103.97,434.56,0.14,Credit Card,Supermarket,Regular Shopper
ORD02577,2024-11-08,CUST0051,Pune,Maharashtra,West,Clothing,Clothing - Jeans,Jeans,2,574.92,0.05,1092.35,273.09,0.25,Wallet,Supermarket,Budget Shopper
ORD03001,2024-11-08,CUST0487,Kanpur,Uttar Pradesh,North,Beverages,Beverages - Tea,Tea,1,1210.66,0.0,1210.66,169.49,0.14,Debit Card,Hypermarket,Regular Shopper
ORD00409,2024-11-08,CUST0022,Bhopal,Madhya Pradesh,West,Clothing,Clothing - T-Shirt,T-Shirt,6,2243.88,0.15,11443.79,2860.95,0.25,UPI,Supermarket,Budget Shopper
ORD04595,2024-11-09,CUST0957,Indore,Madhya Pradesh,West,Personal Care,Personal Care - Soap,Soap,2,814.84,0.0,1629.68,325.94,0.2,Credit Card,Hypermarket,Budget Shopper
ORD02271,2024-11-09,CUST0110,Surat,Gujarat,West,Grocery,Grocery - Wheat Flour,Wheat Flour,1,1952.31,0.05,1854.69,166.92,0.09,UPI,Supermarket,Premium Shopper
ORD01762,2024-11-09,CUST0372,Jabalpur,Madhya Pradesh,West,Electronics,Electronics - Extension Board,Extension Board,2,666.85,0.15,1133.64,204.06,0.18,Wallet,Supermarket,Budget Shopper
ORD00324,2024-11-09,CUST0559,Kanpur,Uttar Pradesh,North,Home Care,Home Care - Floor Cleaner,Floor Cleaner,5,2363.34,0.15,10044.2,1607.07,0.16,Debit Card,Supermarket,Regular Shopper
ORD03936,2024-11-09,CUST0591,Pune,Maharashtra,West,Grocery,Grocery - Biscuits,Biscuits,2,703.48,0.05,1336.61,120.29,0.09,UPI,Hypermarket,Regular Shopper
ORD02740,2024-11-09,CUST0234,Jodhpur,Rajasthan,West,Beverages,Beverages - Coffee,Coffee,3,269.13,0.08,742.8,103.99,0.14,Cash,Hypermarket,Budget Shopper
ORD03796,2024-11-09,CUST0449,Chennai,Tamil Nadu,South,Personal Care,Personal Care - Toothpaste,Toothpaste,3,1893.08,0.08,5224.9,1044.98,0.2,Debit Card,Hypermarket,Budget Shopper
ORD03591,2024-11-09,CUST0110,Warangal,Telangana,South,Home Care,Home Care - Floor Cleaner,Floor Cleaner,2,2334.48,0.0,4668.96,747.03,0.16,Debit Card,Hypermarket,Budget Shopper
ORD04903,2024-11-09,CUST1059,Chennai,Tamil Nadu,South,Home Care,Home Care - Floor Cleaner,Floor Cleaner,7,1514.95,0.05,10074.42,1611.91,0.16,Debit Card,Hypermarket,Regular Shopper
ORD00577,2024-11-09,CUST0530,Jodhpur,Rajasthan,West,Personal Care,Personal Care - Toothpaste,Toothpaste,2,2186.4,0.15,3716.88,743.38,0.2,Credit Card,Hypermarket,Budget Shopper
ORD02787,2024-11-10,CUST0200,Lucknow,Uttar Pradesh,North,Personal Care,Personal Care - Toothpaste,Toothpaste,1,2019.87,0.02,1979.47,395.89,0.2,Debit Card,Supermarket,Regular Shopper
ORD00904,2024-11-10,CUST0484,Kolkata,West Bengal,East,Grocery,Grocery - Cooking Oil,Cooking Oil,5,327.52,0.0,1637.6,147.38,0.09,UPI,Hypermarket,Budget Shopper
ORD04852,2024-11-10,CUST0344,Mysuru,Karnataka,South,Home Care,Home Care - Floor Cleaner,Floor Cleaner,7,277.57,0.05,1845.84,295.33,0.16,UPI,Supermarket,Regular Shopper
ORD02250,2024-11-10,CUST1007,New Delhi,Delhi,North,Clothing,Clothing - Shirt,Shirt,6,923.53,0.15,4710.0,1177.5,0.25,Wallet,Supermarket,Regular Shopper
ORD02399,2024-11-10,CUST0447,Kolkata,West Bengal,East,Grocery,Grocery - Sugar,Sugar,1,1485.76,0.25,1114.32,100.29,0.09,Cash,Hypermarket,Premium Shopper
ORD04775,2024-11-10,CUST0973,Warangal,Telangana,South,Electronics,Electronics - LED Bulb,LED Bulb,1,1219.8,0.25,914.85,164.67,0.18,Debit Card,Supermarket,Regular Shopper
ORD02676,2024-11-10,CUST0316,Bhopal,Madhya Pradesh,West,Grocery,Grocery - Sugar,Sugar,4,868.72,0.0,3474.88,312.74,0.09,UPI,Hypermarket,Budget Shopper
ORD03166,2024-11-10,CUST0438,Mysuru,Karnataka,South,Clothing,Clothing - T-Shirt,T-Shirt,3,2420.72,0.2,5809.73,1452.43,0.25,UPI,Hypermarket,Budget Shopper
ORD04130,2024-11-11,CUST1014,Mysuru,Karnataka,South,Home Care,Home Care - Toilet Cleaner,Toilet Cleaner,7,2143.1,0.15,12751.44,2040.23,0.16,Cash,Supermarket,Regular Shopper
ORD00518,2024-11-11,CUST0169,Mangaluru,Karnataka,South,Home Care,Home Care - Detergent,Detergent,3,2297.41,0.15,5858.4,937.34,0.16,Credit Card,Hypermarket,Budget Shopper
ORD01913,2024-11-11,CUST0007,Kolkata,West Bengal,East,Beverages,Beverages - Packaged Water,Packaged Water,2,1212.48,0.05,2303.71,322.52,0.14,Debit Card,Hypermarket,Budget Shopper
ORD02876,2024-11-11,CUST0574,Bengaluru,Karnataka,South,Personal Care,Personal Care - Toothpaste,Toothpaste,6,2031.57,0.08,11214.27,2242.85,0.2,Debit Card,Hypermarket,Regular Shopper
ORD00271,2024-11-11,CUST0194,Kolkata,West Bengal,East,Home Care,Home Care - Tissue,Tissue,6,725.75,0.2,3483.6,557.38,0.16,Debit Card,Hypermarket,Budget Shopper
ORD02613,2024-11-12,CUST0931,Bhopal,Madhya Pradesh,West,Grocery,Grocery - Wheat Flour,Wheat Flour,4,2079.96,0.02,8153.44,733.81,0.09,Debit Card,Supermarket,Regular Shopper
ORD01425,2024-11-12,CUST0809,Kolkata,West Bengal,East,Electronics,Electronics - Extension Board,Extension Board,2,793.13,0.15,1348.32,242.7,0.18,UPI,Hypermarket,Regular Shopper
ORD02936,2024-11-12,CUST0476,Mangaluru,Karnataka,South,Grocery,Grocery - Biscuits,Biscuits,7,2205.93,0.08,14206.19,1278.56,0.09,Debit Card,Hypermarket,Regular Shopper
ORD04121,2024-11-12,CUST0376,Chennai,Tamil Nadu,South,Beverages,Beverages - Packaged Water,Packaged Water,7,1853.81,0.05,12327.84,1725.9,0.14,UPI,Hypermarket,Budget Shopper
ORD03938,2024-11-13,CUST0491,Kanpur,Uttar Pradesh,North,Personal Care,Personal Care - Shampoo,Shampoo,2,1607.44,0.08,2957.69,591.54,0.2,Wallet,Supermarket,Premium Shopper
ORD03649,2024-11-13,CUST0624,Mysuru,Karnataka,South,Grocery,Grocery - Sugar,Sugar,7,1089.52,0.02,7474.11,672.67,0.09,Wallet,Hypermarket,Regular Shopper
ORD03106,2024-11-13,CUST0580,Jodhpur,Rajasthan,West,Clothing,Clothing - Shirt,Shirt,6,1087.49,0.25,4893.7,1223.43,0.25,UPI,Hypermarket,Budget Shopper
ORD03822,2024-11-13,CUST0193,Chennai,Tamil Nadu,South,Grocery,Grocery - Sugar,Sugar,6,1757.06,0.2,8433.89,759.05,0.09,UPI,Hypermarket,Budget Shopper
ORD04584,2024-11-14,CUST0228,Jabalpur,Madhya Pradesh,West,Personal Care,Personal Care - Body Lotion,Body Lotion,2,857.46,0.1,1543.43,308.69,0.2,UPI,Supermarket,Regular Shopper
ORD04763,2024-11-14,CUST0603,Jodhpur,Rajasthan,West,Electronics,Electronics - LED Bulb,LED Bulb,2,1533.31,0.02,3005.29,540.95,0.18,UPI,Supermarket,Regular Shopper
ORD01113,2024-11-14,CUST0700,Mysuru,Karnataka,South,Grocery,Grocery - Biscuits,Biscuits,5,2237.36,0.08,10291.86,926.27,0.09,Wallet,Supermarket,Regular Shopper
ORD01234,2024-11-14,CUST0721,New Delhi,Delhi,North,Grocery,Grocery - Rice,Rice,6,274.32,0.2,1316.74,118.51,0.09,Credit Card,Hypermarket,Budget Shopper
ORD02763,2024-11-14,CUST0972,Kolkata,West Bengal,East,Grocery,Grocery - Sugar,Sugar,7,836.35,0.08,5386.09,484.75,0.09,Wallet,Hypermarket,Premium Shopper
ORD00834,2024-11-15,CUST0675,Mangaluru,Karnataka,South,Home Care,Home Care - Tissue,Tissue,2,1314.82,0.1,2366.68,378.67,0.16,Cash,Hypermarket,Regular Shopper
ORD04479,2024-11-15,CUST0504,Mangaluru,Karnataka,South,Clothing,Clothing - Shirt,Shirt,2,1998.5,0.08,3677.24,919.31,0.25,Credit Card,Supermarket,Regular Shopper
ORD01368,2024-11-15,CUST0529,Udaipur,Rajasthan,West,Grocery,Grocery - Rice,Rice,2,1870.79,0.15,3180.34,286.23,0.09,Debit Card,Supermarket,Premium Shopper
ORD03437,2024-11-15,CUST0477,Pune,Maharashtra,West,Personal Care,Personal Care - Soap,Soap,6,2229.95,0.02,13112.11,2622.42,0.2,Cash,Hypermarket,Premium Shopper
ORD04104,2024-11-15,CUST0011,Lucknow,Uttar Pradesh,North,Personal Care,Personal Care - Toothpaste,Toothpaste,3,1375.76,0.05,3920.92,784.18,0.2,Debit Card,Supermarket,Regular Shopper
ORD01339,2024-11-15,CUST0085,Kolkata,West Bengal,East,Personal Care,Personal Care - Body Lotion,Body Lotion,7,1667.94,0.15,9924.24,1984.85,0.2,Cash,Supermarket,Premium Shopper
ORD02526,2024-11-15,CUST0267,Madurai,Tamil Nadu,South,Electronics,Electronics - Power Bank,Power Bank,7,2378.84,0.02,16318.84,2937.39,0.18,Cash,Supermarket,Regular Shopper
ORD04719,2024-11-15,CUST1196,New Delhi,Delhi,North,Clothing,Clothing - Kids Wear,Kids Wear,4,1938.51,0.1,6978.64,1744.66,0.25,Cash,Hypermarket,Regular Shopper
ORD02889,2024-11-15,CUST0732,Noida,Uttar Pradesh,North,Personal Care,Personal Care - Shampoo,Shampoo,7,846.12,0.15,5034.41,1006.88,0.2,Cash,Hypermarket,Regular Shopper
ORD00354,2024-11-15,CUST1073,Hyderabad,Telangana,South,Grocery,Grocery - Rice,Rice,5,1148.18,0.15,4879.77,439.18,0.09,Cash,Supermarket,Premium Shopper
ORD01632,2024-11-15,CUST0053,Kolkata,West Bengal,East,Electronics,Electronics - Extension Board,Extension Board,6,1063.19,0.08,5868.81,1056.39,0.18,Wallet,Supermarket,Regular Shopper
ORD03904,2024-11-16,CUST0066,Surat,Gujarat,West,Clothing,Clothing - Kids Wear,Kids Wear,6,1722.55,0.05,9818.53,2454.63,0.25,UPI,Hypermarket,Premium Shopper
ORD04375,2024-11-16,CUST1150,Noida,Uttar Pradesh,North,Home Care,Home Care - Toilet Cleaner,Toilet Cleaner,1,1734.01,0.05,1647.31,263.57,0.16,Wallet,Hypermarket,Budget Shopper
ORD04810,2024-11-16,CUST0436,Vadodara,Gujarat,West,Beverages,Beverages - Juice,Juice,2,254.43,0.02,498.68,69.82,0.14,Wallet,Hypermarket,Premium Shopper
ORD01869,2024-11-16,CUST0445,Thane,Maharashtra,West,Grocery,Grocery - Biscuits,Biscuits,4,994.88,0.08,3661.16,329.5,0.09,Wallet,Supermarket,Budget Shopper
ORD03857,2024-11-16,CUST0858,Jabalpur,Madhya Pradesh,West,Clothing,Clothing - Socks,Socks,2,2225.9,0.05,4229.21,1057.3,0.25,Credit Card,Hypermarket,Regular Shopper
ORD01532,2024-11-16,CUST0116,Warangal,Telangana,South,Clothing,Clothing - Socks,Socks,5,2398.18,0.1,10791.81,2697.95,0.25,Debit Card,Supermarket,Premium Shopper
ORD02901,2024-11-16,CUST1179,Mysuru,Karnataka,South,Beverages,Beverages - Tea,Tea,2,2210.44,0.15,3757.75,526.08,0.14,Wallet,Supermarket,Budget Shopper
ORD04032,2024-11-16,CUST0040,Madurai,Tamil Nadu,South,Grocery,Grocery - Rice,Rice,7,1899.4,0.1,11966.22,1076.96,0.09,Debit Card,Supermarket,Premium Shopper
ORD00545,2024-11-17,CUST0530,New Delhi,Delhi,North,Electronics,Electronics - LED Bulb,LED Bulb,2,1077.41,0.1,1939.34,349.08,0.18,Debit Card,Supermarket,Budget Shopper
ORD00498,2024-11-17,CUST0372,Nagpur,Maharashtra,West,Clothing,Clothing - Shirt,Shirt,4,299.29,0.08,1101.39,275.35,0.25,Wallet,Hypermarket,Budget Shopper
ORD01529,2024-11-17,CUST0950,Thane,Maharashtra,West,Clothing,Clothing - Kids Wear,Kids Wear,2,574.43,0.05,1091.42,272.86,0.25,Debit Card,Supermarket,Regular Shopper
ORD02703,2024-11-17,CUST0315,Kolkata,West Bengal,East,Grocery,Grocery - Rice,Rice,5,88.07,0.15,374.3,33.69,0.09,Debit Card,Hypermarket,Budget Shopper
ORD01038,2024-11-17,CUST1154,Bengaluru,Karnataka,South,Home Care,Home Care - Tissue,Tissue,3,1302.57,0.08,3595.09,575.21,0.16,Credit Card,Hypermarket,Regular Shopper
ORD04916,2024-11-18,CUST1156,Mangaluru,Karnataka,South,Beverages,Beverages - Juice,Juice,4,235.74,0.15,801.52,112.21,0.14,Credit Card,Supermarket,Budget Shopper
ORD00382,2024-11-18,CUST1113,Coimbatore,Tamil Nadu,South,Personal Care,Personal Care - Body Lotion,Body Lotion,4,1386.2,0.15,4713.08,942.62,0.2,Credit Card,Hypermarket,Budget Shopper
ORD02366,2024-11-19,CUST0614,Mysuru,Karnataka,South,Clothing,Clothing - Jeans,Jeans,6,2099.45,0.08,11588.96,2897.24,0.25,UPI,Hypermarket,Budget Shopper
ORD01840,2024-11-19,CUST0946,Jabalpur,Madhya Pradesh,West,Beverages,Beverages - Soft Drink,Soft Drink,5,852.9,0.0,4264.5,597.03,0.14,Cash,Hypermarket,Budget Shopper
ORD03261,2024-11-19,CUST1004,Mysuru,Karnataka,South,Beverages,Beverages - Coffee,Coffee,6,1367.4,0.08,7548.05,1056.73,0.14,Credit Card,Supermarket,Budget Shopper
ORD01712,2024-11-19,CUST0919,Indore,Madhya Pradesh,West,Home Care,Home Care - Tissue,Tissue,5,2393.27,0.08,11009.04,1761.45,0.16,Wallet,Supermarket,Regular Shopper
ORD03916,2024-11-19,CUST0594,Bengaluru,Karnataka,South,Personal Care,Personal Care - Face Wash,Face Wash,6,190.66,0.1,1029.56,205.91,0.2,Wallet,Hypermarket,Budget Shopper
ORD03477,2024-11-20,CUST1157,Warangal,Telangana,South,Grocery,Grocery - Cooking Oil,Cooking Oil,3,462.84,0.08,1277.44,114.97,0.09,UPI,Hypermarket,Budget Shopper
ORD02227,2024-11-20,CUST0022,Nagpur,Maharashtra,West,Clothing,Clothing - Jeans,Jeans,3,1981.31,0.1,5349.54,1337.39,0.25,Debit Card,Supermarket,Premium Shopper
ORD02229,2024-11-20,CUST1158,Surat,Gujarat,West,Grocery,Grocery - Biscuits,Biscuits,4,2387.31,0.2,7639.39,687.55,0.09,UPI,Hypermarket,Budget Shopper
ORD01852,2024-11-20,CUST0625,Kolkata,West Bengal,East,Home Care,Home Care - Tissue,Tissue,4,1213.86,0.0,4855.44,776.87,0.16,Cash,Supermarket,Regular Shopper
ORD00961,2024-11-20,CUST0448,Warangal,Telangana,South,Home Care,Home Care - Tissue,Tissue,6,878.57,0.05,5007.85,801.26,0.16,Debit Card,Hypermarket,Regular Shopper
ORD01372,2024-11-21,CUST0155,Hyderabad,Telangana,South,Grocery,Grocery - Wheat Flour,Wheat Flour,6,1167.73,0.15,5955.42,535.99,0.09,Debit Card,Hypermarket,Premium Shopper
ORD04188,2024-11-21,CUST0148,Thane,Maharashtra,West,Home Care,Home Care - Floor Cleaner,Floor Cleaner,3,1626.71,0.05,4636.12,741.78,0.16,UPI,Hypermarket,Budget Shopper
ORD04292,2024-11-21,CUST0371,Jabalpur,Madhya Pradesh,West,Personal Care,Personal Care - Soap,Soap,3,1978.58,0.02,5817.03,1163.41,0.2,Debit Card,Supermarket,Budget Shopper
ORD02391,2024-11-21,CUST0021,Kolkata,West Bengal,East,Grocery,Grocery - Wheat Flour,Wheat Flour,2,1515.57,0.1,2728.03,245.52,0.09,Credit Card,Hypermarket,Premium Shopper
ORD01269,2024-11-22,CUST0378,Kanpur,Uttar Pradesh,North,Electronics,Electronics - Extension Board,Extension Board,5,1426.14,0.08,6560.24,1180.84,0.18,Cash,Hypermarket,Regular Shopper
ORD00885,2024-11-22,CUST0803,Madurai,Tamil Nadu,South,Grocery,Grocery - Biscuits,Biscuits,4,1985.49,0.25,5956.47,536.08,0.09,Credit Card,Supermarket,Regular Shopper
ORD01304,2024-11-22,CUST1143,Mangaluru,Karnataka,South,Electronics,Electronics - Earphones,Earphones,5,185.15,0.1,833.18,149.97,0.18,Credit Card,Supermarket,Premium Shopper
ORD01141,2024-11-22,CUST1135,Kolkata,West Bengal,East,Clothing,Clothing - Kids Wear,Kids Wear,7,484.81,0.08,3122.18,780.54,0.25,Credit Card,Hypermarket,Regular Shopper
ORD01265,2024-11-22,CUST0944,Udaipur,Rajasthan,West,Home Care,Home Care - Toilet Cleaner,Toilet Cleaner,2,631.72,0.05,1200.27,192.04,0.16,UPI,Hypermarket,Regular Shopper
ORD01412,2024-11-22,CUST1019,Kolkata,West Bengal,East,Grocery,Grocery - Wheat Flour,Wheat Flour,6,529.78,0.15,2701.88,243.17,0.09,UPI,Supermarket,Budget Shopper
ORD01847,2024-11-23,CUST0555,Kolkata,West Bengal,East,Personal Care,Personal Care - Soap,Soap,2,96.71,0.15,164.41,32.88,0.2,Credit Card,Hypermarket,Regular Shopper
ORD04300,2024-11-23,CUST0273,Rajkot,Gujarat,West,Home Care,Home Care - Dishwash,Dishwash,5,1550.41,0.0,7752.05,1240.33,0.16,Cash,Hypermarket,Budget Shopper
ORD01891,2024-11-23,CUST0992,Jaipur,Rajasthan,West,Electronics,Electronics - Earphones,Earphones,1,1285.18,0.02,1259.48,226.71,0.18,UPI,Supermarket,Regular Shopper
ORD03377,2024-11-23,CUST0913,Warangal,Telangana,South,Grocery,Grocery - Sugar,Sugar,2,72.55,0.02,142.2,12.8,0.09,Cash,Supermarket,Regular Shopper
ORD00355,2024-11-24,CUST0003,Kolkata,West Bengal,East,Beverages,Beverages - Tea,Tea,3,1833.92,0.1,4951.58,693.22,0.14,Cash,Hypermarket,Budget Shopper
ORD03496,2024-11-24,CUST0726,Coimbatore,Tamil Nadu,South,Electronics,Electronics - LED Bulb,LED Bulb,7,1001.62,0.05,6660.77,1198.94,0.18,Credit Card,Supermarket,Budget Shopper
ORD04706,2024-11-24,CUST1023,Mumbai,Maharashtra,West,Personal Care,Personal Care - Body Lotion,Body Lotion,6,429.83,0.08,2372.66,474.53,0.2,Cash,Hypermarket,Budget Shopper
ORD02966,2024-11-24,CUST0940,Indore,Madhya Pradesh,West,Clothing,Clothing - Kids Wear,Kids Wear,6,2425.66,0.0,14553.96,3638.49,0.25,Wallet,Supermarket,Regular Shopper
ORD03531,2024-11-25,CUST0074,Kolkata,West Bengal,East,Grocery,Grocery - Biscuits,Biscuits,2,2250.79,0.08,4141.45,372.73,0.09,Cash,Supermarket,Budget Shopper
ORD04298,2024-11-25,CUST0918,Noida,Uttar Pradesh,North,Grocery,Grocery - Biscuits,Biscuits,3,147.43,0.05,420.18,37.82,0.09,Cash,Supermarket,Premium Shopper
ORD01408,2024-11-25,CUST0275,New Delhi,Delhi,North,Beverages,Beverages - Tea,Tea,4,771.36,0.05,2931.17,410.36,0.14,UPI,Hypermarket,Premium Shopper
ORD00981,2024-11-25,CUST1178,Kolkata,West Bengal,East,Clothing,Clothing - T-Shirt,T-Shirt,5,834.34,0.05,3963.12,990.78,0.25,Cash,Supermarket,Budget Shopper
ORD01815,2024-11-25,CUST0597,Mangaluru,Karnataka,South,Clothing,Clothing - T-Shirt,T-Shirt,7,2397.38,0.15,14264.41,3566.1,0.25,Credit Card,Supermarket,Regular Shopper
ORD04145,2024-11-25,CUST1017,Kanpur,Uttar Pradesh,North,Personal Care,Personal Care - Toothpaste,Toothpaste,1,1240.34,0.15,1054.29,210.86,0.2,Credit Card,Hypermarket,Regular Shopper
ORD04191,2024-11-26,CUST0513,Udaipur,Rajasthan,West,Home Care,Home Care - Tissue,Tissue,5,1429.29,0.08,6574.73,1051.96,0.16,Wallet,Supermarket,Regular Shopper
ORD01757,2024-11-26,CUST0694,Indore,Madhya Pradesh,West,Grocery,Grocery - Sugar,Sugar,5,1169.72,0.2,4678.88,421.1,0.09,Credit Card,Supermarket,Regular Shopper
ORD00298,2024-11-26,CUST0560,Indore,Madhya Pradesh,West,Grocery,Grocery - Cooking Oil,Cooking Oil,2,1790.84,0.08,3295.15,296.56,0.09,Cash,Hypermarket,Regular Shopper
ORD04310,2024-11-27,CUST0573,Kolkata,West Bengal,East,Electronics,Electronics - Earphones,Earphones,3,48.63,0.1,131.3,23.63,0.18,Debit Card,Hypermarket,Budget Shopper
ORD00843,2024-11-27,CUST0428,Kolkata,West Bengal,East,Beverages,Beverages - Juice,Juice,4,818.28,0.05,3109.46,435.32,0.14,Credit Card,Supermarket,Budget Shopper
ORD04214,2024-11-27,CUST0028,Hyderabad,Telangana,South,Electronics,Electronics - Extension Board,Extension Board,1,1140.66,0.02,1117.85,201.21,0.18,Credit Card,Supermarket,Budget Shopper
ORD00035,2024-11-27,CUST1110,Mysuru,Karnataka,South,Beverages,Beverages - Packaged Water,Packaged Water,4,881.02,0.0,3524.08,493.37,0.14,UPI,Supermarket,Premium Shopper
ORD03577,2024-11-27,CUST0561,Lucknow,Uttar Pradesh,North,Personal Care,Personal Care - Toothpaste,Toothpaste,6,1519.67,0.08,8388.58,1677.72,0.2,Debit Card,Supermarket,Budget Shopper
ORD00580,2024-11-27,CUST1159,Hyderabad,Telangana,South,Beverages,Beverages - Soft Drink,Soft Drink,2,157.87,0.05,299.95,41.99,0.14,Credit Card,Supermarket,Budget Shopper
ORD01230,2024-11-27,CUST0151,Hyderabad,Telangana,South,Home Care,Home Care - Tissue,Tissue,3,1062.63,0.08,2932.86,469.26,0.16,Cash,Supermarket,Budget Shopper
ORD04142,2024-11-27,CUST0924,Hyderabad,Telangana,South,Grocery,Grocery - Sugar,Sugar,4,1404.68,0.2,4494.98,404.55,0.09,Credit Card,Supermarket,Premium Shopper
ORD04410,2024-11-28,CUST0957,Hyderabad,Telangana,South,Home Care,Home Care - Toilet Cleaner,Toilet Cleaner,7,1188.91,0.25,6241.78,998.68,0.16,Wallet,Supermarket,Budget Shopper
ORD01625,2024-11-28,CUST0759,New Delhi,Delhi,North,Clothing,Clothing - Jeans,Jeans,5,843.82,0.08,3881.57,970.39,0.25,Cash,Supermarket,Budget Shopper
ORD03054,2024-11-28,CUST1158,Chennai,Tamil Nadu,South,Clothing,Clothing - Shirt,Shirt,5,2143.08,0.02,10501.09,2625.27,0.25,Debit Card,Hypermarket,Regular Shopper
ORD04352,2024-11-28,CUST0762,New Delhi,Delhi,North,Clothing,Clothing - T-Shirt,T-Shirt,3,588.8,0.08,1625.09,406.27,0.25,Credit Card,Hypermarket,Budget Shopper
ORD01946,2024-11-28,CUST0671,Mangaluru,Karnataka,South,Grocery,Grocery - Sugar,Sugar,7,594.49,0.1,3745.29,337.08,0.09,Wallet,Hypermarket,Budget Shopper
ORD00208,2024-11-28,CUST0336,Hyderabad,Telangana,South,Home Care,Home Care - Tissue,Tissue,4,1421.25,0.0,5685.0,909.6,0.16,Credit Card,Supermarket,Regular Shopper
ORD02390,2024-11-28,CUST0534,Vadodara,Gujarat,West,Beverages,Beverages - Coffee,Coffee,1,1920.71,0.2,1536.57,215.12,0.14,UPI,Hypermarket,Budget Shopper
ORD03013,2024-11-28,CUST1078,Warangal,Telangana,South,Grocery,Grocery - Wheat Flour,Wheat Flour,5,2456.0,0.08,11297.6,1016.78,0.09,Wallet,Hypermarket,Regular Shopper
ORD04414,2024-11-29,CUST0066,Indore,Madhya Pradesh,West,Grocery,Grocery - Cooking Oil,Cooking Oil,1,1981.42,0.1,1783.28,160.5,0.09,Credit Card,Supermarket,Regular Shopper
ORD00124,2024-11-30,CUST0422,Lucknow,Uttar Pradesh,North,Home Care,Home Care - Floor Cleaner,Floor Cleaner,3,430.17,0.25,967.88,154.86,0.16,UPI,Hypermarket,Premium Shopper
ORD04871,2024-11-30,CUST0187,Lucknow,Uttar Pradesh,North,Personal Care,Personal Care - Body Lotion,Body Lotion,5,2428.46,0.1,10928.07,2185.61,0.2,UPI,Supermarket,Regular Shopper
ORD02034,2024-11-30,CUST0037,Hyderabad,Telangana,South,Beverages,Beverages - Tea,Tea,2,1814.32,0.1,3265.78,457.21,0.14,Wallet,Supermarket,Budget Shopper
ORD01666,2024-11-30,CUST0901,Nashik,Maharashtra,West,Home Care,Home Care - Toilet Cleaner,Toilet Cleaner,5,579.76,0.05,2753.86,440.62,0.16,UPI,Supermarket,Regular Shopper
ORD01662,2024-11-30,CUST0745,Hyderabad,Telangana,South,Home Care,Home Care - Detergent,Detergent,5,1781.63,0.15,7571.93,1211.51,0.16,Debit Card,Hypermarket,Budget Shopper
ORD03767,2024-12-01,CUST0231,Kolkata,West Bengal,East,Electronics,Electronics - Power Bank,Power Bank,6,737.53,0.08,4071.17,732.81,0.18,Credit Card,Supermarket,Regular Shopper
ORD00230,2024-12-01,CUST0227,Kolkata,West Bengal,East,Grocery,Grocery - Biscuits,Biscuits,1,868.63,0.15,738.34,66.45,0.09,Credit Card,Supermarket,Regular Shopper
ORD01835,2024-12-01,CUST1018,Nashik,Maharashtra,West,Personal Care,Personal Care - Shampoo,Shampoo,6,163.53,0.1,883.06,176.61,0.2,Debit Card,Supermarket,Regular Shopper
ORD03780,2024-12-01,CUST0257,Bhopal,Madhya Pradesh,West,Home Care,Home Care - Toilet Cleaner,Toilet Cleaner,2,609.11,0.08,1120.76,179.32,0.16,Cash,Hypermarket,Budget Shopper
ORD00692,2024-12-02,CUST0489,Jodhpur,Rajasthan,West,Personal Care,Personal Care - Toothpaste,Toothpaste,4,1638.88,0.08,6031.08,1206.22,0.2,Cash,Hypermarket,Regular Shopper
ORD02674,2024-12-02,CUST0042,Rajkot,Gujarat,West,Beverages,Beverages - Tea,Tea,4,95.69,0.2,306.21,42.87,0.14,Cash,Hypermarket,Budget Shopper
ORD01191,2024-12-02,CUST0426,Bhopal,Madhya Pradesh,West,Beverages,Beverages - Tea,Tea,7,2352.7,0.02,16139.52,2259.53,0.14,Credit Card,Supermarket,Premium Shopper
ORD00990,2024-12-02,CUST0428,Jabalpur,Madhya Pradesh,West,Electronics,Electronics - Extension Board,Extension Board,4,1350.47,0.08,4969.73,894.55,0.18,Cash,Supermarket,Regular Shopper
ORD02036,2024-12-02,CUST0836,Bengaluru,Karnataka,South,Personal Care,Personal Care - Body Lotion,Body Lotion,3,2331.57,0.08,6435.13,1287.03,0.2,Cash,Supermarket,Regular Shopper
ORD00007,2024-12-02,CUST1017,New Delhi,Delhi,North,Personal Care,Personal Care - Face Wash,Face Wash,5,840.31,0.05,3991.47,798.29,0.2,Wallet,Supermarket,Budget Shopper
ORD01942,2024-12-02,CUST1047,Noida,Uttar Pradesh,North,Grocery,Grocery - Biscuits,Biscuits,7,449.42,0.2,2516.75,226.51,0.09,UPI,Supermarket,Budget Shopper
ORD02826,2024-12-02,CUST0189,Thane,Maharashtra,West,Electronics,Electronics - Earphones,Earphones,7,931.73,0.02,6391.67,1150.5,0.18,Credit Card,Supermarket,Premium Shopper
ORD04504,2024-12-03,CUST0609,Kolkata,West Bengal,East,Beverages,Beverages - Packaged Water,Packaged Water,2,1240.36,0.2,1984.58,277.84,0.14,Credit Card,Supermarket,Budget Shopper
ORD01641,2024-12-03,CUST0511,Indore,Madhya Pradesh,West,Beverages,Beverages - Juice,Juice,1,181.8,0.05,172.71,24.18,0.14,UPI,Supermarket,Regular Shopper
ORD00273,2024-12-03,CUST0194,Kanpur,Uttar Pradesh,North,Clothing,Clothing - Shirt,Shirt,1,257.97,0.1,232.17,58.04,0.25,Cash,Supermarket,Budget Shopper
ORD00190,2024-12-03,CUST0395,Hyderabad,Telangana,South,Grocery,Grocery - Sugar,Sugar,7,1268.36,0.02,8700.95,783.09,0.09,Cash,Supermarket,Budget Shopper
ORD02545,2024-12-03,CUST0686,Coimbatore,Tamil Nadu,South,Beverages,Beverages - Coffee,Coffee,7,1492.71,0.2,8359.18,1170.29,0.14,Wallet,Hypermarket,Budget Shopper
ORD01953,2024-12-03,CUST0791,Jaipur,Rajasthan,West,Clothing,Clothing - Jeans,Jeans,5,283.27,0.08,1303.04,325.76,0.25,UPI,Hypermarket,Budget Shopper
ORD04935,2024-12-04,CUST0874,New Delhi,Delhi,North,Beverages,Beverages - Coffee,Coffee,3,2119.22,0.0,6357.66,890.07,0.14,Cash,Supermarket,Regular Shopper
ORD02324,2024-12-05,CUST0662,Bengaluru,Karnataka,South,Beverages,Beverages - Soft Drink,Soft Drink,4,1386.43,0.1,4991.15,698.76,0.14,Cash,Supermarket,Budget Shopper
ORD03744,2024-12-05,CUST0930,Bhopal,Madhya Pradesh,West,Grocery,Grocery - Sugar,Sugar,1,1657.14,0.1,1491.43,134.23,0.09,Wallet,Supermarket,Regular Shopper
ORD00128,2024-12-05,CUST0886,Nashik,Maharashtra,West,Grocery,Grocery - Wheat Flour,Wheat Flour,3,182.48,0.15,465.32,41.88,0.09,Wallet,Supermarket,Regular Shopper
ORD01552,2024-12-05,CUST0008,Nagpur,Maharashtra,West,Beverages,Beverages - Packaged Water,Packaged Water,7,2217.8,0.0,15524.6,2173.44,0.14,UPI,Hypermarket,Budget Shopper
ORD01941,2024-12-06,CUST0547,Jaipur,Rajasthan,West,Clothing,Clothing - Kids Wear,Kids Wear,6,864.58,0.1,4668.73,1167.18,0.25,Wallet,Hypermarket,Budget Shopper
ORD00842,2024-12-06,CUST0677,Noida,Uttar Pradesh,North,Home Care,Home Care - Toilet Cleaner,Toilet Cleaner,7,1444.64,0.05,9606.86,1537.1,0.16,UPI,Hypermarket,Budget Shopper
ORD04272,2024-12-06,CUST0421,Noida,Uttar Pradesh,North,Beverages,Beverages - Coffee,Coffee,6,1703.42,0.15,8687.44,1216.24,0.14,Credit Card,Supermarket,Budget Shopper
ORD02542,2024-12-06,CUST0113,Mangaluru,Karnataka,South,Personal Care,Personal Care - Body Lotion,Body Lotion,3,1917.02,0.05,5463.51,1092.7,0.2,UPI,Hypermarket,Regular Shopper
ORD04664,2024-12-06,CUST0345,Kolkata,West Bengal,East,Home Care,Home Care - Tissue,Tissue,5,263.86,0.1,1187.37,189.98,0.16,Wallet,Supermarket,Budget Shopper
ORD04781,2024-12-07,CUST0841,Bengaluru,Karnataka,South,Beverages,Beverages - Coffee,Coffee,1,493.46,0.25,370.1,51.81,0.14,Cash,Hypermarket,Budget Shopper
ORD01598,2024-12-07,CUST0461,Noida,Uttar Pradesh,North,Personal Care,Personal Care - Soap,Soap,6,2361.02,0.15,12041.2,2408.24,0.2,Wallet,Hypermarket,Budget Shopper
ORD04861,2024-12-07,CUST1031,New Delhi,Delhi,North,Personal Care,Personal Care - Shampoo,Shampoo,4,1952.37,0.15,6638.06,1327.61,0.2,Wallet,Hypermarket,Budget Shopper
ORD03872,2024-12-07,CUST0958,New Delhi,Delhi,North,Clothing,Clothing - Kids Wear,Kids Wear,6,612.75,0.1,3308.85,827.21,0.25,Cash,Supermarket,Budget Shopper
ORD01522,2024-12-07,CUST1107,Nagpur,Maharashtra,West,Home Care,Home Care - Detergent,Detergent,1,1736.88,0.0,1736.88,277.9,0.16,Debit Card,Hypermarket,Regular Shopper
ORD01825,2024-12-08,CUST0758,Jodhpur,Rajasthan,West,Grocery,Grocery - Biscuits,Biscuits,5,1750.76,0.1,7878.42,709.06,0.09,UPI,Supermarket,Budget Shopper
ORD03185,2024-12-08,CUST0603,Noida,Uttar Pradesh,North,Clothing,Clothing - Kids Wear,Kids Wear,7,697.16,0.02,4782.52,1195.63,0.25,Debit Card,Supermarket,Regular Shopper
ORD01545,2024-12-08,CUST0665,Mangaluru,Karnataka,South,Beverages,Beverages - Tea,Tea,5,833.5,0.05,3959.12,554.28,0.14,Credit Card,Hypermarket,Budget Shopper
ORD00054,2024-12-09,CUST0256,Bengaluru,Karnataka,South,Electronics,Electronics - Power Bank,Power Bank,2,1549.0,0.02,3036.04,546.49,0.18,Credit Card,Hypermarket,Budget Shopper
ORD01172,2024-12-09,CUST0955,Kanpur,Uttar Pradesh,North,Electronics,Electronics - Earphones,Earphones,6,1767.89,0.15,9016.24,1622.92,0.18,Credit Card,Supermarket,Budget Shopper
ORD01361,2024-12-09,CUST0931,Mysuru,Karnataka,South,Home Care,Home Care - Tissue,Tissue,7,1880.3,0.1,11845.89,1895.34,0.16,Wallet,Hypermarket,Budget Shopper
ORD04386,2024-12-10,CUST0261,Kolkata,West Bengal,East,Beverages,Beverages - Packaged Water,Packaged Water,2,1224.73,0.05,2326.99,325.78,0.14,Cash,Supermarket,Premium Shopper
ORD04311,2024-12-10,CUST0544,Noida,Uttar Pradesh,North,Home Care,Home Care - Dishwash,Dishwash,3,414.59,0.15,1057.2,169.15,0.16,Debit Card,Hypermarket,Budget Shopper
ORD03131,2024-12-10,CUST0096,Warangal,Telangana,South,Home Care,Home Care - Detergent,Detergent,5,123.23,0.1,554.54,88.73,0.16,Cash,Hypermarket,Budget Shopper
ORD02556,2024-12-10,CUST1132,Kolkata,West Bengal,East,Grocery,Grocery - Biscuits,Biscuits,3,599.02,0.08,1653.3,148.8,0.09,UPI,Hypermarket,Budget Shopper
ORD02992,2024-12-10,CUST1150,Jodhpur,Rajasthan,West,Beverages,Beverages - Packaged Water,Packaged Water,7,2313.18,0.1,14573.03,2040.22,0.14,Wallet,Hypermarket,Regular Shopper
ORD03514,2024-12-10,CUST1144,Kolkata,West Bengal,East,Electronics,Electronics - Earphones,Earphones,2,1539.29,0.25,2308.94,415.61,0.18,UPI,Hypermarket,Regular Shopper
ORD00801,2024-12-10,CUST0325,Jabalpur,Madhya Pradesh,West,Beverages,Beverages - Packaged Water,Packaged Water,7,798.83,0.08,5144.47,720.23,0.14,UPI,Hypermarket,Premium Shopper
ORD00770,2024-12-10,CUST0433,Mangaluru,Karnataka,South,Grocery,Grocery - Rice,Rice,3,1528.48,0.02,4493.73,404.44,0.09,Credit Card,Supermarket,Regular Shopper
ORD01700,2024-12-10,CUST0526,Vadodara,Gujarat,West,Grocery,Grocery - Cooking Oil,Cooking Oil,4,126.32,0.02,495.17,44.57,0.09,Credit Card,Supermarket,Premium Shopper
ORD02756,2024-12-11,CUST0280,Udaipur,Rajasthan,West,Beverages,Beverages - Juice,Juice,7,894.33,0.1,5634.28,788.8,0.14,Wallet,Hypermarket,Regular Shopper
ORD02002,2024-12-11,CUST0693,Madurai,Tamil Nadu,South,Grocery,Grocery - Wheat Flour,Wheat Flour,6,1908.6,0.15,9733.86,876.05,0.09,Wallet,Supermarket,Regular Shopper
ORD04948,2024-12-11,CUST0392,Kanpur,Uttar Pradesh,North,Personal Care,Personal Care - Soap,Soap,7,1931.26,0.25,10139.12,2027.82,0.2,Debit Card,Supermarket,Budget Shopper
ORD01146,2024-12-11,CUST1041,Kolkata,West Bengal,East,Grocery,Grocery - Cooking Oil,Cooking Oil,6,199.91,0.1,1079.51,97.16,0.09,Credit Card,Hypermarket,Regular Shopper
ORD01911,2024-12-11,CUST1110,New Delhi,Delhi,North,Home Care,Home Care - Toilet Cleaner,Toilet Cleaner,4,1179.61,0.05,4482.52,717.2,0.16,UPI,Supermarket,Budget Shopper
ORD04806,2024-12-12,CUST0078,Jabalpur,Madhya Pradesh,West,Beverages,Beverages - Coffee,Coffee,5,617.23,0.05,2931.84,410.46,0.14,Cash,Hypermarket,Budget Shopper
ORD02011,2024-12-12,CUST0480,Surat,Gujarat,West,Grocery,Grocery - Sugar,Sugar,3,1627.36,0.08,4491.51,404.24,0.09,Credit Card,Supermarket,Premium Shopper
ORD04902,2024-12-12,CUST0802,Udaipur,Rajasthan,West,Personal Care,Personal Care - Soap,Soap,4,107.45,0.05,408.31,81.66,0.2,Credit Card,Supermarket,Budget Shopper
ORD04509,2024-12-12,CUST0175,Rajkot,Gujarat,West,Personal Care,Personal Care - Soap,Soap,3,244.42,0.05,696.6,139.32,0.2,UPI,Supermarket,Premium Shopper
ORD03198,2024-12-12,CUST0584,Udaipur,Rajasthan,West,Clothing,Clothing - Shirt,Shirt,2,1588.27,0.1,2858.89,714.72,0.25,Wallet,Hypermarket,Premium Shopper
ORD00739,2024-12-12,CUST0019,Surat,Gujarat,West,Personal Care,Personal Care - Body Lotion,Body Lotion,7,132.95,0.15,791.05,158.21,0.2,Cash,Hypermarket,Budget Shopper
ORD01413,2024-12-13,CUST0906,New Delhi,Delhi,North,Grocery,Grocery - Wheat Flour,Wheat Flour,3,1119.36,0.05,3190.18,287.12,0.09,Debit Card,Supermarket,Budget Shopper
ORD00718,2024-12-13,CUST1191,Bhopal,Madhya Pradesh,West,Clothing,Clothing - Shirt,Shirt,6,418.75,0.05,2386.88,596.72,0.25,Wallet,Supermarket,Regular Shopper
ORD03534,2024-12-13,CUST0945,Lucknow,Uttar Pradesh,North,Grocery,Grocery - Wheat Flour,Wheat Flour,3,1947.18,0.05,5549.46,499.45,0.09,Credit Card,Supermarket,Budget Shopper
ORD02877,2024-12-13,CUST0187,Mangaluru,Karnataka,South,Grocery,Grocery - Cooking Oil,Cooking Oil,5,1311.05,0.1,5899.72,530.97,0.09,Debit Card,Supermarket,Regular Shopper
ORD04901,2024-12-13,CUST0259,Jaipur,Rajasthan,West,Clothing,Clothing - Kids Wear,Kids Wear,4,365.19,0.02,1431.54,357.88,0.25,Credit Card,Supermarket,Budget Shopper
ORD04609,2024-12-14,CUST0830,Jodhpur,Rajasthan,West,Electronics,Electronics - Mixer,Mixer,6,2032.76,0.08,11220.84,2019.75,0.18,Debit Card,Supermarket,Budget Shopper
ORD04679,2024-12-14,CUST0101,New Delhi,Delhi,North,Beverages,Beverages - Juice,Juice,3,766.63,0.05,2184.9,305.89,0.14,UPI,Hypermarket,Budget Shopper
ORD02226,2024-12-14,CUST0900,Warangal,Telangana,South,Grocery,Grocery - Biscuits,Biscuits,5,247.8,0.1,1115.1,100.36,0.09,Credit Card,Supermarket,Budget Shopper
ORD00057,2024-12-14,CUST0677,Jabalpur,Madhya Pradesh,West,Personal Care,Personal Care - Body Lotion,Body Lotion,1,2130.13,0.05,2023.62,404.72,0.2,UPI,Supermarket,Budget Shopper
ORD00671,2024-12-14,CUST0225,Ahmedabad,Gujarat,West,Home Care,Home Care - Tissue,Tissue,7,1493.53,0.15,8886.5,1421.84,0.16,Cash,Hypermarket,Regular Shopper
ORD00325,2024-12-14,CUST0831,New Delhi,Delhi,North,Electronics,Electronics - LED Bulb,LED Bulb,2,2290.24,0.08,4214.04,758.53,0.18,Credit Card,Hypermarket,Budget Shopper
ORD01571,2024-12-14,CUST0344,Kolkata,West Bengal,East,Home Care,Home Care - Floor Cleaner,Floor Cleaner,7,1981.87,0.05,13179.44,2108.71,0.16,Cash,Supermarket,Premium Shopper
ORD04180,2024-12-14,CUST0318,Madurai,Tamil Nadu,South,Home Care,Home Care - Detergent,Detergent,5,748.28,0.0,3741.4,598.62,0.16,Cash,Hypermarket,Budget Shopper
ORD01812,2024-12-15,CUST0112,Jaipur,Rajasthan,West,Electronics,Electronics - Power Bank,Power Bank,7,440.63,0.08,2837.66,510.78,0.18,UPI,Supermarket,Regular Shopper
ORD03858,2024-12-15,CUST0018,Vadodara,Gujarat,West,Grocery,Grocery - Biscuits,Biscuits,2,1133.05,0.1,2039.49,183.55,0.09,Credit Card,Supermarket,Premium Shopper
ORD00305,2024-12-15,CUST0315,Pune,Maharashtra,West,Electronics,Electronics - LED Bulb,LED Bulb,5,1889.36,0.0,9446.8,1700.42,0.18,UPI,Supermarket,Premium Shopper
ORD01360,2024-12-15,CUST0344,Ahmedabad,Gujarat,West,Personal Care,Personal Care - Soap,Soap,7,1002.69,0.1,6316.95,1263.39,0.2,Credit Card,Hypermarket,Budget Shopper
ORD03139,2024-12-15,CUST0622,Vadodara,Gujarat,West,Electronics,Electronics - Extension Board,Extension Board,6,1307.14,0.08,7215.41,1298.77,0.18,UPI,Supermarket,Regular Shopper
ORD04758,2024-12-15,CUST0346,Noida,Uttar Pradesh,North,Home Care,Home Care - Dishwash,Dishwash,2,93.81,0.2,150.1,24.02,0.16,Wallet,Supermarket,Budget Shopper
ORD03101,2024-12-15,CUST0892,Pune,Maharashtra,West,Grocery,Grocery - Wheat Flour,Wheat Flour,1,602.29,0.15,511.95,46.08,0.09,Credit Card,Supermarket,Budget Shopper
ORD03092,2024-12-16,CUST0769,Nashik,Maharashtra,West,Beverages,Beverages - Packaged Water,Packaged Water,5,245.4,0.1,1104.3,154.6,0.14,Wallet,Hypermarket,Regular Shopper
ORD01912,2024-12-16,CUST0749,Vadodara,Gujarat,West,Home Care,Home Care - Dishwash,Dishwash,4,1988.85,0.2,6364.32,1018.29,0.16,Wallet,Hypermarket,Regular Shopper
ORD03997,2024-12-17,CUST0501,Coimbatore,Tamil Nadu,South,Beverages,Beverages - Tea,Tea,4,1504.91,0.08,5538.07,775.33,0.14,Wallet,Supermarket,Regular Shopper
ORD00743,2024-12-17,CUST0982,Kolkata,West Bengal,East,Personal Care,Personal Care - Soap,Soap,1,2037.44,0.08,1874.44,374.89,0.2,Cash,Hypermarket,Regular Shopper
ORD00389,2024-12-17,CUST0500,Kolkata,West Bengal,East,Clothing,Clothing - Kids Wear,Kids Wear,4,610.86,0.08,2247.96,561.99,0.25,Wallet,Hypermarket,Budget Shopper
ORD01142,2024-12-18,CUST0245,Kolkata,West Bengal,East,Home Care,Home Care - Detergent,Detergent,5,1133.21,0.08,5212.77,834.04,0.16,Credit Card,Supermarket,Budget Shopper
ORD04829,2024-12-18,CUST0317,Kolkata,West Bengal,East,Personal Care,Personal Care - Shampoo,Shampoo,5,994.3,0.05,4722.92,944.58,0.2,Wallet,Hypermarket,Regular Shopper
ORD01212,2024-12-18,CUST1102,Vadodara,Gujarat,West,Personal Care,Personal Care - Toothpaste,Toothpaste,3,107.97,0.05,307.71,61.54,0.2,Wallet,Supermarket,Regular Shopper
ORD02232,2024-12-19,CUST0689,Nagpur,Maharashtra,West,Clothing,Clothing - Shirt,Shirt,2,588.55,0.0,1177.1,294.27,0.25,Wallet,Supermarket,Budget Shopper
ORD03359,2024-12-19,CUST0084,Coimbatore,Tamil Nadu,South,Beverages,Beverages - Packaged Water,Packaged Water,4,1318.5,0.08,4852.08,679.29,0.14,UPI,Hypermarket,Budget Shopper
ORD02206,2024-12-19,CUST0521,Hyderabad,Telangana,South,Electronics,Electronics - Mixer,Mixer,5,2045.5,0.08,9409.3,1693.67,0.18,UPI,Hypermarket,Regular Shopper
ORD02477,2024-12-19,CUST0105,Kolkata,West Bengal,East,Electronics,Electronics - Mixer,Mixer,3,421.81,0.05,1202.16,216.39,0.18,Debit Card,Hypermarket,Premium Shopper
ORD02203,2024-12-20,CUST0533,Udaipur,Rajasthan,West,Electronics,Electronics - Mixer,Mixer,2,2311.2,0.08,4252.61,765.47,0.18,Debit Card,Supermarket,Budget Shopper
ORD00520,2024-12-20,CUST0056,Mangaluru,Karnataka,South,Home Care,Home Care - Floor Cleaner,Floor Cleaner,7,1752.36,0.15,10426.54,1668.25,0.16,Cash,Hypermarket,Budget Shopper
ORD03639,2024-12-20,CUST0505,Surat,Gujarat,West,Grocery,Grocery - Cooking Oil,Cooking Oil,6,2346.24,0.08,12951.24,1165.61,0.09,Credit Card,Supermarket,Regular Shopper
ORD03566,2024-12-20,CUST0202,New Delhi,Delhi,North,Grocery,Grocery - Wheat Flour,Wheat Flour,2,421.08,0.08,774.79,69.73,0.09,Credit Card,Supermarket,Budget Shopper
ORD02070,2024-12-20,CUST0385,Thane,Maharashtra,West,Beverages,Beverages - Juice,Juice,7,1231.28,0.0,8618.96,1206.65,0.14,Wallet,Hypermarket,Budget Shopper
ORD00270,2024-12-20,CUST0287,Chennai,Tamil Nadu,South,Electronics,Electronics - Extension Board,Extension Board,6,1915.99,0.1,10346.35,1862.34,0.18,Debit Card,Hypermarket,Regular Shopper
ORD01742,2024-12-21,CUST1194,Kolkata,West Bengal,East,Beverages,Beverages - Packaged Water,Packaged Water,1,620.32,0.1,558.29,78.16,0.14,UPI,Hypermarket,Budget Shopper
ORD02300,2024-12-21,CUST0785,New Delhi,Delhi,North,Grocery,Grocery - Biscuits,Biscuits,2,317.08,0.08,583.43,52.51,0.09,Cash,Hypermarket,Regular Shopper
ORD04926,2024-12-21,CUST0718,Madurai,Tamil Nadu,South,Grocery,Grocery - Sugar,Sugar,7,2467.7,0.2,13819.12,1243.72,0.09,UPI,Supermarket,Regular Shopper
ORD01918,2024-12-21,CUST0547,New Delhi,Delhi,North,Grocery,Grocery - Rice,Rice,3,1946.15,0.08,5371.37,483.42,0.09,UPI,Hypermarket,Regular Shopper
ORD01272,2024-12-21,CUST0482,Mumbai,Maharashtra,West,Personal Care,Personal Care - Shampoo,Shampoo,1,334.63,0.05,317.9,63.58,0.2,Wallet,Supermarket,Budget Shopper
ORD01410,2024-12-21,CUST0293,Kanpur,Uttar Pradesh,North,Personal Care,Personal Care - Toothpaste,Toothpaste,1,51.81,0.02,50.77,10.15,0.1999,UPI,Hypermarket,Regular Shopper
ORD01906,2024-12-21,CUST0362,Kolkata,West Bengal,East,Home Care,Home Care - Dishwash,Dishwash,6,1168.23,0.1,6308.44,1009.35,0.16,UPI,Supermarket,Budget Shopper
ORD03989,2024-12-21,CUST0576,Kolkata,West Bengal,East,Clothing,Clothing - Shirt,Shirt,5,1756.22,0.0,8781.1,2195.27,0.25,UPI,Hypermarket,Budget Shopper
ORD01701,2024-12-21,CUST0852,Warangal,Telangana,South,Beverages,Beverages - Packaged Water,Packaged Water,7,2001.54,0.05,13310.24,1863.43,0.14,Debit Card,Supermarket,Regular Shopper
ORD01249,2024-12-21,CUST0052,Kolkata,West Bengal,East,Beverages,Beverages - Coffee,Coffee,5,1732.76,0.0,8663.8,1212.93,0.14,Wallet,Hypermarket,Regular Shopper
ORD03694,2024-12-22,CUST1109,Bengaluru,Karnataka,South,Home Care,Home Care - Toilet Cleaner,Toilet Cleaner,1,1691.68,0.1,1522.51,243.6,0.16,Credit Card,Supermarket,Premium Shopper
ORD02433,2024-12-22,CUST0973,Kanpur,Uttar Pradesh,North,Home Care,Home Care - Toilet Cleaner,Toilet Cleaner,1,1056.87,0.2,845.5,135.28,0.16,Debit Card,Supermarket,Budget Shopper
ORD02673,2024-12-22,CUST0115,Thane,Maharashtra,West,Personal Care,Personal Care - Shampoo,Shampoo,6,2222.75,0.08,12269.58,2453.92,0.2,Credit Card,Supermarket,Budget Shopper
ORD04138,2024-12-22,CUST0882,Ahmedabad,Gujarat,West,Clothing,Clothing - Jeans,Jeans,3,1070.68,0.15,2730.23,682.56,0.25,UPI,Supermarket,Budget Shopper
ORD04499,2024-12-22,CUST0052,New Delhi,Delhi,North,Grocery,Grocery - Wheat Flour,Wheat Flour,7,1692.53,0.1,10662.94,959.66,0.09,Debit Card,Hypermarket,Budget Shopper
ORD03654,2024-12-22,CUST0579,Warangal,Telangana,South,Clothing,Clothing - Shirt,Shirt,2,559.6,0.02,1096.82,274.2,0.25,UPI,Supermarket,Budget Shopper
ORD01606,2024-12-23,CUST0859,Warangal,Telangana,South,Grocery,Grocery - Cooking Oil,Cooking Oil,1,1690.88,0.05,1606.34,144.57,0.09,UPI,Hypermarket,Budget Shopper
ORD03396,2024-12-23,CUST0222,Indore,Madhya Pradesh,West,Home Care,Home Care - Detergent,Detergent,2,501.0,0.05,951.9,152.3,0.16,UPI,Supermarket,Regular Shopper
ORD04942,2024-12-23,CUST0868,Mangaluru,Karnataka,South,Personal Care,Personal Care - Face Wash,Face Wash,3,2042.77,0.2,4902.65,980.53,0.2,UPI,Supermarket,Budget Shopper
ORD02217,2024-12-24,CUST0854,Jodhpur,Rajasthan,West,Grocery,Grocery - Cooking Oil,Cooking Oil,6,1825.81,0.08,10078.47,907.06,0.09,Wallet,Hypermarket,Budget Shopper
ORD00445,2024-12-24,CUST0251,Nashik,Maharashtra,West,Grocery,Grocery - Biscuits,Biscuits,1,1431.73,0.08,1317.19,118.55,0.09,UPI,Hypermarket,Budget Shopper
ORD03069,2024-12-25,CUST0189,Noida,Uttar Pradesh,North,Beverages,Beverages - Packaged Water,Packaged Water,7,1567.06,0.05,10420.95,1458.93,0.14,Credit Card,Supermarket,Regular Shopper
ORD00144,2024-12-25,CUST0862,Jabalpur,Madhya Pradesh,West,Grocery,Grocery - Sugar,Sugar,5,1828.84,0.15,7772.57,699.53,0.09,Wallet,Supermarket,Regular Shopper
ORD01957,2024-12-25,CUST0261,Jabalpur,Madhya Pradesh,West,Grocery,Grocery - Rice,Rice,7,366.68,0.08,2361.42,212.53,0.09,Credit Card,Hypermarket,Regular Shopper
ORD00231,2024-12-25,CUST0457,Kanpur,Uttar Pradesh,North,Electronics,Electronics - Mixer,Mixer,6,665.63,0.15,3394.71,611.05,0.18,Cash,Supermarket,Budget Shopper
ORD03409,2024-12-26,CUST0061,Jaipur,Rajasthan,West,Grocery,Grocery - Biscuits,Biscuits,3,1436.26,0.15,3662.46,329.62,0.09,Wallet,Supermarket,Regular Shopper
ORD01981,2024-12-26,CUST0203,Vadodara,Gujarat,West,Clothing,Clothing - Kids Wear,Kids Wear,4,1112.14,0.08,4092.68,1023.17,0.25,UPI,Hypermarket,Budget Shopper
ORD00223,2024-12-26,CUST0079,Warangal,Telangana,South,Home Care,Home Care - Tissue,Tissue,6,437.58,0.05,2494.21,399.07,0.16,UPI,Supermarket,Premium Shopper
ORD00403,2024-12-26,CUST0628,Mysuru,Karnataka,South,Home Care,Home Care - Toilet Cleaner,Toilet Cleaner,5,466.42,0.08,2145.53,343.28,0.16,Wallet,Hypermarket,Premium Shopper
ORD02428,2024-12-26,CUST0984,Hyderabad,Telangana,South,Clothing,Clothing - Shirt,Shirt,7,174.72,0.0,1223.04,305.76,0.25,Credit Card,Supermarket,Budget Shopper
ORD04135,2024-12-27,CUST0573,Hyderabad,Telangana,South,Grocery,Grocery - Sugar,Sugar,6,1345.99,0.08,7429.86,668.69,0.09,Wallet,Supermarket,Regular Shopper
ORD04455,2024-12-27,CUST0674,New Delhi,Delhi,North,Home Care,Home Care - Detergent,Detergent,2,2380.98,0.0,4761.96,761.91,0.16,Credit Card,Supermarket,Regular Shopper
ORD03281,2024-12-27,CUST0531,Mangaluru,Karnataka,South,Clothing,Clothing - Shirt,Shirt,2,2249.81,0.1,4049.66,1012.42,0.25,Debit Card,Hypermarket,Regular Shopper
ORD00845,2024-12-28,CUST1041,Indore,Madhya Pradesh,West,Grocery,Grocery - Wheat Flour,Wheat Flour,7,2224.03,0.08,14322.75,1289.05,0.09,Debit Card,Supermarket,Budget Shopper
ORD03278,2024-12-28,CUST0973,Noida,Uttar Pradesh,North,Electronics,Electronics - LED Bulb,LED Bulb,5,1128.64,0.15,4796.72,863.41,0.18,Wallet,Supermarket,Budget Shopper
ORD03340,2024-12-28,CUST0266,Vadodara,Gujarat,West,Grocery,Grocery - Wheat Flour,Wheat Flour,4,2419.04,0.2,7740.93,696.68,0.09,Credit Card,Supermarket,Budget Shopper
ORD04744,2024-12-28,CUST0462,Kolkata,West Bengal,East,Personal Care,Personal Care - Shampoo,Shampoo,1,2453.77,0.1,2208.39,441.68,0.2,Debit Card,Supermarket,Budget Shopper
ORD02982,2024-12-28,CUST0054,Madurai,Tamil Nadu,South,Beverages,Beverages - Coffee,Coffee,6,1686.19,0.0,10117.14,1416.4,0.14,Cash,Hypermarket,Regular Shopper
ORD01137,2024-12-28,CUST0185,Lucknow,Uttar Pradesh,North,Personal Care,Personal Care - Face Wash,Face Wash,4,561.96,0.02,2202.88,440.58,0.2,UPI,Hypermarket,Budget Shopper
ORD00526,2024-12-29,CUST0538,Madurai,Tamil Nadu,South,Home Care,Home Care - Toilet Cleaner,Toilet Cleaner,6,1740.88,0.25,7833.96,1253.43,0.16,Credit Card,Supermarket,Regular Shopper
ORD04772,2024-12-29,CUST0606,Hyderabad,Telangana,South,Beverages,Beverages - Soft Drink,Soft Drink,3,222.9,0.02,655.33,91.75,0.14,Wallet,Hypermarket,Budget Shopper
ORD03637,2024-12-29,CUST1007,Surat,Gujarat,West,Clothing,Clothing - Shirt,Shirt,6,853.1,0.08,4709.11,1177.28,0.25,Cash,Supermarket,Budget Shopper
ORD03465,2024-12-29,CUST0286,Kolkata,West Bengal,East,Grocery,Grocery - Cooking Oil,Cooking Oil,3,1284.09,0.05,3659.66,329.37,0.09,Wallet,Supermarket,Budget Shopper
ORD04136,2024-12-29,CUST0466,New Delhi,Delhi,North,Personal Care,Personal Care - Shampoo,Shampoo,7,516.48,0.1,3253.82,650.76,0.2,Credit Card,Supermarket,Premium Shopper
ORD00872,2024-12-30,CUST0635,Lucknow,Uttar Pradesh,North,Beverages,Beverages - Packaged Water,Packaged Water,4,2103.66,0.05,7993.91,1119.15,0.14,UPI,Supermarket,Regular Shopper
ORD00065,2024-12-30,CUST1102,Kolkata,West Bengal,East,Clothing,Clothing - T-Shirt,T-Shirt,1,1738.37,0.02,1703.6,425.9,0.25,UPI,Supermarket,Budget Shopper
ORD01511,2024-12-30,CUST0487,Madurai,Tamil Nadu,South,Beverages,Beverages - Coffee,Coffee,7,1168.75,0.1,7363.12,1030.84,0.14,Cash,Supermarket,Budget Shopper
ORD02600,2024-12-30,CUST0311,Warangal,Telangana,South,Grocery,Grocery - Rice,Rice,7,2417.91,0.1,15232.83,1370.95,0.09,Credit Card,Supermarket,Budget Shopper
ORD04100,2024-12-30,CUST0954,Chennai,Tamil Nadu,South,Clothing,Clothing - Shirt,Shirt,3,1505.01,0.05,4289.28,1072.32,0.25,Cash,Hypermarket,Regular Shopper
ORD01832,2024-12-30,CUST0526,Mangaluru,Karnataka,South,Grocery,Grocery - Wheat Flour,Wheat Flour,3,1875.05,0.08,5175.14,465.76,0.09,Credit Card,Supermarket,Regular Shopper
ORD03734,2024-12-30,CUST0370,Vadodara,Gujarat,West,Clothing,Clothing - Shirt,Shirt,3,1108.63,0.1,2993.3,748.32,0.25,UPI,Supermarket,Regular Shopper
ORD04741,2024-12-31,CUST1106,Kolkata,West Bengal,East,Grocery,Grocery - Cooking Oil,Cooking Oil,3,600.66,0.2,1441.58,129.74,0.09,Debit Card,Supermarket,Budget Shopper
ORD02294,2024-12-31,CUST0808,Noida,Uttar Pradesh,North,Clothing,Clothing - Shirt,Shirt,7,671.45,0.1,4230.14,1057.53,0.25,Wallet,Supermarket,Budget Shopper
ORD03908,2024-12-31,CUST0877,Mysuru,Karnataka,South,Personal Care,Personal Care - Soap,Soap,7,1852.94,0.15,11024.99,2205.0,0.2,Debit Card,Hypermarket,Regular Shopper
ORD04411,2024-12-31,CUST1032,Kolkata,West Bengal,East,Grocery,Grocery - Wheat Flour,Wheat Flour,5,1359.51,0.08,6253.75,562.84,0.09,Credit Card,Hypermarket,Regular Shopper
ORD01056,2025-01-01,CUST0697,Thane,Maharashtra,West,Clothing,Clothing - Shirt,Shirt,6,1629.04,0.08,8992.3,2248.07,0.25,Cash,Hypermarket,Regular Shopper
ORD01135,2025-01-01,CUST0726,Lucknow,Uttar Pradesh,North,Clothing,Clothing - Shirt,Shirt,4,492.33,0.02,1929.93,482.48,0.25,Cash,Supermarket,Budget Shopper
ORD01971,2025-01-01,CUST0436,New Delhi,Delhi,North,Grocery,Grocery - Cooking Oil,Cooking Oil,5,1827.34,0.2,7309.36,657.84,0.09,Credit Card,Hypermarket,Budget Shopper
ORD04513,2025-01-01,CUST0113,Kanpur,Uttar Pradesh,North,Home Care,Home Care - Floor Cleaner,Floor Cleaner,4,973.93,0.1,3506.15,560.98,0.16,Cash,Supermarket,Budget Shopper
ORD03398,2025-01-01,CUST0372,Rajkot,Gujarat,West,Personal Care,Personal Care - Body Lotion,Body Lotion,1,1316.83,0.08,1211.48,242.3,0.2,Debit Card,Hypermarket,Premium Shopper
ORD04803,2025-01-01,CUST0151,Coimbatore,Tamil Nadu,South,Personal Care,Personal Care - Body Lotion,Body Lotion,4,539.96,0.15,1835.86,367.17,0.2,Debit Card,Hypermarket,Regular Shopper
ORD04471,2025-01-01,CUST0672,Bengaluru,Karnataka,South,Grocery,Grocery - Biscuits,Biscuits,6,833.85,0.08,4602.85,414.26,0.09,Wallet,Hypermarket,Regular Shopper
ORD00072,2025-01-01,CUST0468,New Delhi,Delhi,North,Home Care,Home Care - Dishwash,Dishwash,7,2296.79,0.15,13665.9,2186.54,0.16,UPI,Supermarket,Budget Shopper
ORD00664,2025-01-01,CUST0466,Hyderabad,Telangana,South,Electronics,Electronics - Power Bank,Power Bank,2,166.01,0.2,265.62,47.81,0.18,Wallet,Supermarket,Budget Shopper
ORD01117,2025-01-02,CUST1062,Jodhpur,Rajasthan,West,Personal Care,Personal Care - Soap,Soap,3,836.08,0.15,2132.0,426.4,0.2,Cash,Hypermarket,Budget Shopper
ORD00675,2025-01-02,CUST0976,Mumbai,Maharashtra,West,Personal Care,Personal Care - Face Wash,Face Wash,4,722.71,0.05,2746.3,549.26,0.2,Wallet,Hypermarket,Budget Shopper
ORD01486,2025-01-02,CUST0428,Kolkata,West Bengal,East,Electronics,Electronics - Earphones,Earphones,5,2041.52,0.1,9186.84,1653.63,0.18,Wallet,Supermarket,Regular Shopper
ORD02072,2025-01-02,CUST0798,Pune,Maharashtra,West,Clothing,Clothing - T-Shirt,T-Shirt,7,256.86,0.05,1708.12,427.03,0.25,Wallet,Hypermarket,Regular Shopper
ORD04114,2025-01-02,CUST0893,Lucknow,Uttar Pradesh,North,Beverages,Beverages - Coffee,Coffee,5,1620.23,0.15,6885.98,964.04,0.14,Cash,Hypermarket,Budget Shopper
ORD01492,2025-01-02,CUST0127,Mangaluru,Karnataka,South,Electronics,Electronics - Extension Board,Extension Board,6,223.97,0.0,1343.82,241.89,0.18,Wallet,Hypermarket,Regular Shopper
ORD03495,2025-01-02,CUST0492,Jaipur,Rajasthan,West,Beverages,Beverages - Packaged Water,Packaged Water,2,300.99,0.0,601.98,84.28,0.14,UPI,Hypermarket,Budget Shopper
ORD00289,2025-01-03,CUST0175,Nashik,Maharashtra,West,Electronics,Electronics - Power Bank,Power Bank,5,944.62,0.05,4486.94,807.65,0.18,Wallet,Hypermarket,Regular Shopper
ORD00979,2025-01-03,CUST0253,Mangaluru,Karnataka,South,Electronics,Electronics - Mixer,Mixer,7,1093.16,0.2,6121.7,1101.91,0.18,UPI,Supermarket,Premium Shopper
ORD00386,2025-01-03,CUST0053,Lucknow,Uttar Pradesh,North,Home Care,Home Care - Toilet Cleaner,Toilet Cleaner,3,2141.48,0.05,6103.22,976.52,0.16,Credit Card,Supermarket,Budget Shopper
ORD02922,2025-01-03,CUST0884,New Delhi,Delhi,North,Personal Care,Personal Care - Shampoo,Shampoo,5,1115.34,0.15,4740.2,948.04,0.2,UPI,Hypermarket,Premium Shopper
ORD00776,2025-01-03,CUST0998,Jodhpur,Rajasthan,West,Home Care,Home Care - Tissue,Tissue,7,1684.62,0.08,10848.95,1735.83,0.16,UPI,Supermarket,Budget Shopper
ORD04511,2025-01-03,CUST0067,New Delhi,Delhi,North,Home Care,Home Care - Detergent,Detergent,7,2490.48,0.08,16038.69,2566.19,0.16,Credit Card,Supermarket,Regular Shopper
ORD04097,2025-01-03,CUST0861,Jaipur,Rajasthan,West,Beverages,Beverages - Soft Drink,Soft Drink,4,218.09,0.15,741.51,103.81,0.14,Credit Card,Supermarket,Budget Shopper
ORD04442,2025-01-03,CUST0934,Bhopal,Madhya Pradesh,West,Personal Care,Personal Care - Shampoo,Shampoo,3,1182.33,0.05,3369.64,673.93,0.2,Debit Card,Hypermarket,Budget Shopper
ORD04738,2025-01-04,CUST0910,Kolkata,West Bengal,East,Personal Care,Personal Care - Shampoo,Shampoo,7,103.66,0.15,616.78,123.36,0.2,Credit Card,Hypermarket,Budget Shopper
ORD02591,2025-01-04,CUST0780,Warangal,Telangana,South,Clothing,Clothing - Socks,Socks,1,1628.29,0.08,1498.03,374.51,0.25,Debit Card,Supermarket,Budget Shopper
ORD04945,2025-01-04,CUST0648,Thane,Maharashtra,West,Personal Care,Personal Care - Face Wash,Face Wash,5,123.34,0.08,567.36,113.47,0.2,Debit Card,Hypermarket,Regular Shopper
ORD02164,2025-01-04,CUST0501,Nagpur,Maharashtra,West,Grocery,Grocery - Sugar,Sugar,2,2100.26,0.15,3570.44,321.34,0.09,Debit Card,Supermarket,Budget Shopper
ORD00772,2025-01-04,CUST0887,Mumbai,Maharashtra,West,Beverages,Beverages - Packaged Water,Packaged Water,7,1040.33,0.08,6699.73,937.96,0.14,Credit Card,Hypermarket,Premium Shopper
ORD04094,2025-01-04,CUST0560,New Delhi,Delhi,North,Grocery,Grocery - Wheat Flour,Wheat Flour,2,1509.29,0.0,3018.58,271.67,0.09,Cash,Hypermarket,Regular Shopper
ORD04592,2025-01-04,CUST1145,Nashik,Maharashtra,West,Personal Care,Personal Care - Shampoo,Shampoo,7,364.03,0.2,2038.57,407.71,0.2,Wallet,Supermarket,Regular Shopper
ORD03132,2025-01-04,CUST0316,Jabalpur,Madhya Pradesh,West,Personal Care,Personal Care - Face Wash,Face Wash,5,2140.41,0.25,8026.54,1605.31,0.2,Cash,Supermarket,Premium Shopper
ORD04937,2025-01-05,CUST0674,Lucknow,Uttar Pradesh,North,Beverages,Beverages - Juice,Juice,2,2030.22,0.08,3735.6,522.98,0.14,Debit Card,Supermarket,Regular Shopper
ORD02084,2025-01-05,CUST0183,New Delhi,Delhi,North,Clothing,Clothing - Shirt,Shirt,1,2137.15,0.1,1923.44,480.86,0.25,Wallet,Hypermarket,Budget Shopper
ORD04655,2025-01-05,CUST0958,Jaipur,Rajasthan,West,Clothing,Clothing - Jeans,Jeans,6,2267.73,0.2,10885.1,2721.27,0.25,Cash,Supermarket,Budget Shopper
ORD01557,2025-01-05,CUST1028,Warangal,Telangana,South,Home Care,Home Care - Floor Cleaner,Floor Cleaner,5,351.01,0.1,1579.54,252.73,0.16,Cash,Supermarket,Regular Shopper
ORD01744,2025-01-05,CUST0312,Kolkata,West Bengal,East,Clothing,Clothing - Jeans,Jeans,5,2322.32,0.05,11031.02,2757.76,0.25,Credit Card,Supermarket,Budget Shopper
ORD01176,2025-01-05,CUST0775,Kanpur,Uttar Pradesh,North,Personal Care,Personal Care - Shampoo,Shampoo,3,1897.5,0.1,5123.25,1024.65,0.2,Debit Card,Hypermarket,Regular Shopper
ORD04555,2025-01-06,CUST0272,Jabalpur,Madhya Pradesh,West,Clothing,Clothing - Kids Wear,Kids Wear,4,858.45,0.15,2918.73,729.68,0.25,Wallet,Hypermarket,Budget Shopper
ORD01729,2025-01-06,CUST0984,Kolkata,West Bengal,East,Beverages,Beverages - Juice,Juice,5,316.52,0.08,1455.99,203.84,0.14,Wallet,Supermarket,Budget Shopper
ORD02363,2025-01-06,CUST1072,Thane,Maharashtra,West,Electronics,Electronics - LED Bulb,LED Bulb,6,2341.5,0.15,11941.65,2149.5,0.18,Credit Card,Hypermarket,Regular Shopper
ORD04044,2025-01-06,CUST0585,Jabalpur,Madhya Pradesh,West,Electronics,Electronics - Mixer,Mixer,6,655.38,0.08,3617.7,651.19,0.18,Debit Card,Supermarket,Premium Shopper
ORD01728,2025-01-07,CUST0090,Warangal,Telangana,South,Clothing,Clothing - T-Shirt,T-Shirt,7,431.2,0.2,2414.72,603.68,0.25,Wallet,Hypermarket,Regular Shopper
ORD01335,2025-01-07,CUST0802,Coimbatore,Tamil Nadu,South,Clothing,Clothing - Kids Wear,Kids Wear,7,370.23,0.2,2073.29,518.32,0.25,UPI,Supermarket,Regular Shopper
ORD02959,2025-01-07,CUST0365,Rajkot,Gujarat,West,Grocery,Grocery - Wheat Flour,Wheat Flour,5,1811.47,0.15,7698.75,692.89,0.09,Debit Card,Hypermarket,Budget Shopper
ORD00590,2025-01-07,CUST0441,Surat,Gujarat,West,Grocery,Grocery - Sugar,Sugar,1,674.94,0.08,620.94,55.88,0.09,UPI,Hypermarket,Premium Shopper
ORD00423,2025-01-07,CUST0048,Lucknow,Uttar Pradesh,North,Home Care,Home Care - Toilet Cleaner,Toilet Cleaner,3,228.95,0.0,686.85,109.9,0.16,Wallet,Supermarket,Premium Shopper
ORD03126,2025-01-08,CUST0343,Kanpur,Uttar Pradesh,North,Home Care,Home Care - Detergent,Detergent,3,198.75,0.0,596.25,95.4,0.16,Wallet,Hypermarket,Budget Shopper
ORD00393,2025-01-08,CUST1068,Mumbai,Maharashtra,West,Personal Care,Personal Care - Shampoo,Shampoo,1,1894.19,0.05,1799.48,359.9,0.2,Cash,Hypermarket,Regular Shopper
ORD01027,2025-01-08,CUST1034,Bhopal,Madhya Pradesh,West,Home Care,Home Care - Detergent,Detergent,5,583.96,0.08,2686.22,429.8,0.16,Debit Card,Hypermarket,Budget Shopper
ORD02793,2025-01-08,CUST0238,Jodhpur,Rajasthan,West,Personal Care,Personal Care - Toothpaste,Toothpaste,3,1492.3,0.15,3805.36,761.07,0.2,Credit Card,Hypermarket,Budget Shopper
ORD01925,2025-01-08,CUST0016,Chennai,Tamil Nadu,South,Grocery,Grocery - Rice,Rice,2,85.08,0.15,144.64,13.02,0.09,Wallet,Hypermarket,Premium Shopper
ORD03599,2025-01-09,CUST0653,Jodhpur,Rajasthan,West,Grocery,Grocery - Sugar,Sugar,6,1145.25,0.1,6184.35,556.59,0.09,Wallet,Hypermarket,Budget Shopper
ORD01615,2025-01-09,CUST1200,Warangal,Telangana,South,Electronics,Electronics - LED Bulb,LED Bulb,2,372.69,0.1,670.84,120.75,0.18,Credit Card,Supermarket,Budget Shopper
ORD04054,2025-01-09,CUST0834,Surat,Gujarat,West,Grocery,Grocery - Cooking Oil,Cooking Oil,2,296.46,0.05,563.27,50.69,0.09,Debit Card,Hypermarket,Budget Shopper
ORD01198,2025-01-09,CUST0047,Hyderabad,Telangana,South,Home Care,Home Care - Toilet Cleaner,Toilet Cleaner,5,1859.2,0.08,8552.32,1368.37,0.16,Credit Card,Supermarket,Regular Shopper
ORD02213,2025-01-09,CUST0358,New Delhi,Delhi,North,Home Care,Home Care - Toilet Cleaner,Toilet Cleaner,3,2457.17,0.2,5897.21,943.55,0.16,Cash,Hypermarket,Regular Shopper
ORD03469,2025-01-09,CUST0912,New Delhi,Delhi,North,Grocery,Grocery - Wheat Flour,Wheat Flour,5,151.33,0.15,643.15,57.88,0.09,Wallet,Hypermarket,Premium Shopper
ORD04172,2025-01-10,CUST0810,New Delhi,Delhi,North,Grocery,Grocery - Cooking Oil,Cooking Oil,2,146.59,0.08,269.73,24.28,0.09,Debit Card,Supermarket,Budget Shopper
ORD04184,2025-01-11,CUST0007,Hyderabad,Telangana,South,Beverages,Beverages - Tea,Tea,6,2377.59,0.15,12125.71,1697.6,0.14,Credit Card,Hypermarket,Regular Shopper
ORD03376,2025-01-11,CUST0121,Madurai,Tamil Nadu,South,Electronics,Electronics - Mixer,Mixer,3,2031.4,0.08,5606.66,1009.2,0.18,UPI,Supermarket,Regular Shopper
ORD03683,2025-01-11,CUST0026,New Delhi,Delhi,North,Personal Care,Personal Care - Body Lotion,Body Lotion,7,1632.75,0.05,10857.79,2171.56,0.2,Cash,Hypermarket,Regular Shopper
ORD04331,2025-01-11,CUST0791,Kanpur,Uttar Pradesh,North,Personal Care,Personal Care - Shampoo,Shampoo,3,239.87,0.08,662.04,132.41,0.2,Debit Card,Hypermarket,Regular Shopper
ORD01183,2025-01-11,CUST0348,Coimbatore,Tamil Nadu,South,Home Care,Home Care - Detergent,Detergent,7,1812.84,0.0,12689.88,2030.38,0.16,Credit Card,Supermarket,Budget Shopper
ORD02375,2025-01-11,CUST0024,Kanpur,Uttar Pradesh,North,Grocery,Grocery - Biscuits,Biscuits,1,1915.63,0.0,1915.63,172.41,0.09,Debit Card,Supermarket,Budget Shopper
ORD04472,2025-01-11,CUST1110,Nashik,Maharashtra,West,Personal Care,Personal Care - Face Wash,Face Wash,2,241.13,0.0,482.26,96.45,0.2,Debit Card,Supermarket,Budget Shopper
ORD04163,2025-01-11,CUST0676,Mangaluru,Karnataka,South,Grocery,Grocery - Biscuits,Biscuits,2,1045.76,0.2,1673.22,150.59,0.09,Debit Card,Supermarket,Budget Shopper
ORD03256,2025-01-12,CUST0109,Kolkata,West Bengal,East,Beverages,Beverages - Tea,Tea,5,227.79,0.0,1138.95,159.45,0.14,Credit Card,Supermarket,Regular Shopper
ORD02341,2025-01-12,CUST0899,Nashik,Maharashtra,West,Home Care,Home Care - Floor Cleaner,Floor Cleaner,5,499.29,0.2,1997.16,319.55,0.16,Credit Card,Hypermarket,Regular Shopper
ORD00011,2025-01-12,CUST0864,Kolkata,West Bengal,East,Grocery,Grocery - Biscuits,Biscuits,5,1209.41,0.08,5563.29,500.7,0.09,Wallet,Hypermarket,Regular Shopper
ORD00148,2025-01-12,CUST0130,New Delhi,Delhi,North,Personal Care,Personal Care - Face Wash,Face Wash,3,442.27,0.05,1260.47,252.09,0.2,Cash,Supermarket,Premium Shopper
ORD00762,2025-01-12,CUST0393,Hyderabad,Telangana,South,Electronics,Electronics - Mixer,Mixer,4,1743.73,0.02,6835.42,1230.38,0.18,Wallet,Hypermarket,Regular Shopper
ORD01438,2025-01-12,CUST0032,Kolkata,West Bengal,East,Clothing,Clothing - Kids Wear,Kids Wear,7,1506.56,0.08,9702.25,2425.56,0.25,Wallet,Hypermarket,Budget Shopper
ORD00566,2025-01-12,CUST0881,Bengaluru,Karnataka,South,Grocery,Grocery - Sugar,Sugar,6,1604.34,0.0,9626.04,866.34,0.09,UPI,Hypermarket,Regular Shopper
ORD03661,2025-01-13,CUST0121,Jabalpur,Madhya Pradesh,West,Personal Care,Personal Care - Face Wash,Face Wash,5,2204.27,0.08,10139.64,2027.93,0.2,Credit Card,Supermarket,Regular Shopper
ORD04326,2025-01-13,CUST0590,Nashik,Maharashtra,West,Personal Care,Personal Care - Toothpaste,Toothpaste,3,1837.39,0.1,4960.95,992.19,0.2,Debit Card,Hypermarket,Budget Shopper
ORD02417,2025-01-13,CUST1185,New Delhi,Delhi,North,Personal Care,Personal Care - Body Lotion,Body Lotion,7,2460.61,0.1,15501.84,3100.37,0.2,Cash,Hypermarket,Regular Shopper
ORD02603,2025-01-13,CUST0475,Jabalpur,Madhya Pradesh,West,Clothing,Clothing - Shirt,Shirt,5,582.0,0.1,2619.0,654.75,0.25,Debit Card,Supermarket,Regular Shopper
ORD01121,2025-01-13,CUST1135,Coimbatore,Tamil Nadu,South,Grocery,Grocery - Cooking Oil,Cooking Oil,7,926.91,0.0,6488.37,583.95,0.09,Credit Card,Supermarket,Premium Shopper
ORD04846,2025-01-13,CUST0659,Surat,Gujarat,West,Personal Care,Personal Care - Body Lotion,Body Lotion,4,1112.12,0.05,4226.06,845.21,0.2,Wallet,Supermarket,Budget Shopper
ORD01877,2025-01-13,CUST0793,Mumbai,Maharashtra,West,Electronics,Electronics - Mixer,Mixer,1,380.39,0.2,304.31,54.78,0.18,UPI,Hypermarket,Regular Shopper
ORD02717,2025-01-14,CUST1052,Mysuru,Karnataka,South,Home Care,Home Care - Dishwash,Dishwash,1,1127.64,0.15,958.49,153.36,0.16,Debit Card,Hypermarket,Premium Shopper
ORD04730,2025-01-14,CUST1043,Pune,Maharashtra,West,Clothing,Clothing - Shirt,Shirt,4,2075.82,0.1,7472.95,1868.24,0.25,Credit Card,Hypermarket,Regular Shopper
ORD02373,2025-01-14,CUST1045,Indore,Madhya Pradesh,West,Clothing,Clothing - Jeans,Jeans,5,951.96,0.2,3807.84,951.96,0.25,Credit Card,Hypermarket,Budget Shopper
ORD03220,2025-01-14,CUST0099,Warangal,Telangana,South,Home Care,Home Care - Dishwash,Dishwash,7,426.41,0.05,2835.63,453.7,0.16,Debit Card,Supermarket,Budget Shopper
ORD01883,2025-01-14,CUST0785,Udaipur,Rajasthan,West,Beverages,Beverages - Packaged Water,Packaged Water,2,2151.12,0.02,4216.2,590.27,0.14,UPI,Supermarket,Budget Shopper
ORD04518,2025-01-14,CUST0979,Rajkot,Gujarat,West,Personal Care,Personal Care - Face Wash,Face Wash,7,960.56,0.1,6051.53,1210.31,0.2,Credit Card,Hypermarket,Regular Shopper
ORD02548,2025-01-14,CUST0048,Udaipur,Rajasthan,West,Home Care,Home Care - Floor Cleaner,Floor Cleaner,6,1036.51,0.0,6219.06,995.05,0.16,Debit Card,Hypermarket,Budget Shopper
ORD00774,2025-01-15,CUST0073,Kolkata,West Bengal,East,Clothing,Clothing - Socks,Socks,6,310.64,0.05,1770.65,442.66,0.25,Debit Card,Supermarket,Budget Shopper
ORD04169,2025-01-15,CUST0047,Udaipur,Rajasthan,West,Beverages,Beverages - Juice,Juice,2,1142.22,0.08,2101.68,294.24,0.14,Cash,Hypermarket,Regular Shopper
ORD04977,2025-01-15,CUST0109,Kolkata,West Bengal,East,Personal Care,Personal Care - Body Lotion,Body Lotion,5,1976.36,0.25,7411.35,1482.27,0.2,Wallet,Supermarket,Premium Shopper
ORD02540,2025-01-15,CUST0815,Warangal,Telangana,South,Beverages,Beverages - Juice,Juice,6,112.24,0.05,639.77,89.57,0.14,Credit Card,Supermarket,Budget Shopper
ORD01875,2025-01-16,CUST0773,Warangal,Telangana,South,Home Care,Home Care - Dishwash,Dishwash,1,1371.11,0.02,1343.69,214.99,0.16,Cash,Supermarket,Regular Shopper
ORD02636,2025-01-16,CUST0853,Bhopal,Madhya Pradesh,West,Beverages,Beverages - Soft Drink,Soft Drink,2,2112.37,0.08,3886.76,544.15,0.14,Wallet,Supermarket,Regular Shopper
ORD00869,2025-01-16,CUST0820,Mysuru,Karnataka,South,Grocery,Grocery - Rice,Rice,4,2026.07,0.08,7455.94,671.03,0.09,Debit Card,Supermarket,Premium Shopper
ORD03319,2025-01-17,CUST0938,Jaipur,Rajasthan,West,Grocery,Grocery - Wheat Flour,Wheat Flour,5,2448.71,0.1,11019.2,991.73,0.09,UPI,Supermarket,Budget Shopper
ORD03842,2025-01-17,CUST0648,Indore,Madhya Pradesh,West,Home Care,Home Care - Floor Cleaner,Floor Cleaner,5,1267.98,0.05,6022.9,963.66,0.16,Wallet,Supermarket,Regular Shopper
ORD02074,2025-01-17,CUST1032,Hyderabad,Telangana,South,Home Care,Home Care - Floor Cleaner,Floor Cleaner,1,986.74,0.1,888.07,142.09,0.16,UPI,Hypermarket,Regular Shopper
ORD03099,2025-01-17,CUST0592,New Delhi,Delhi,North,Electronics,Electronics - LED Bulb,LED Bulb,2,2186.52,0.05,4154.39,747.79,0.18,Wallet,Supermarket,Regular Shopper
ORD03450,2025-01-17,CUST1063,Rajkot,Gujarat,West,Grocery,Grocery - Cooking Oil,Cooking Oil,2,240.45,0.2,384.72,34.62,0.09,Cash,Hypermarket,Regular Shopper
ORD02358,2025-01-17,CUST0424,Chennai,Tamil Nadu,South,Clothing,Clothing - Jeans,Jeans,2,440.57,0.08,810.65,202.66,0.25,Credit Card,Supermarket,Regular Shopper
ORD04865,2025-01-17,CUST0711,Mysuru,Karnataka,South,Personal Care,Personal Care - Shampoo,Shampoo,4,83.83,0.08,308.49,61.7,0.2,UPI,Hypermarket,Regular Shopper
ORD01603,2025-01-17,CUST0909,Kolkata,West Bengal,East,Clothing,Clothing - Jeans,Jeans,6,544.88,0.02,3203.89,800.97,0.25,Wallet,Supermarket,Premium Shopper
ORD03501,2025-01-18,CUST0761,Lucknow,Uttar Pradesh,North,Clothing,Clothing - Jeans,Jeans,3,111.59,0.05,318.03,79.51,0.25,Debit Card,Supermarket,Regular Shopper
ORD03065,2025-01-18,CUST1191,Nashik,Maharashtra,West,Personal Care,Personal Care - Toothpaste,Toothpaste,6,1171.14,0.15,5972.81,1194.56,0.2,Cash,Hypermarket,Budget Shopper
ORD04654,2025-01-18,CUST0552,Nashik,Maharashtra,West,Grocery,Grocery - Cooking Oil,Cooking Oil,3,2171.56,0.05,6188.95,557.01,0.09,Credit Card,Hypermarket,Budget Shopper
ORD00997,2025-01-18,CUST0114,Warangal,Telangana,South,Personal Care,Personal Care - Face Wash,Face Wash,7,2423.83,0.08,15609.47,3121.89,0.2,Wallet,Supermarket,Premium Shopper
ORD03714,2025-01-18,CUST0904,New Delhi,Delhi,North,Home Care,Home Care - Floor Cleaner,Floor Cleaner,7,2493.74,0.05,16583.37,2653.34,0.16,Debit Card,Hypermarket,Regular Shopper
ORD02873,2025-01-18,CUST1191,Nashik,Maharashtra,West,Personal Care,Personal Care - Face Wash,Face Wash,6,2492.31,0.2,11963.09,2392.62,0.2,Credit Card,Supermarket,Premium Shopper
ORD04885,2025-01-19,CUST0977,Indore,Madhya Pradesh,West,Home Care,Home Care - Dishwash,Dishwash,1,2326.09,0.1,2093.48,334.96,0.16,Debit Card,Hypermarket,Budget Shopper
ORD04856,2025-01-19,CUST0092,Ahmedabad,Gujarat,West,Home Care,Home Care - Floor Cleaner,Floor Cleaner,2,2202.04,0.05,4183.88,669.42,0.16,Cash,Hypermarket,Premium Shopper
ORD03546,2025-01-19,CUST0697,Bengaluru,Karnataka,South,Beverages,Beverages - Soft Drink,Soft Drink,6,671.53,0.15,3424.8,479.47,0.14,Debit Card,Supermarket,Regular Shopper
ORD00809,2025-01-19,CUST0275,Lucknow,Uttar Pradesh,North,Grocery,Grocery - Wheat Flour,Wheat Flour,1,1068.05,0.02,1046.69,94.2,0.09,UPI,Supermarket,Budget Shopper
ORD04793,2025-01-19,CUST0986,Ahmedabad,Gujarat,West,Grocery,Grocery - Biscuits,Biscuits,1,1364.85,0.1,1228.36,110.55,0.09,Cash,Hypermarket,Regular Shopper
ORD03150,2025-01-19,CUST1060,Warangal,Telangana,South,Electronics,Electronics - Extension Board,Extension Board,6,474.12,0.15,2418.01,435.24,0.18,Debit Card,Hypermarket,Budget Shopper
ORD00312,2025-01-20,CUST0420,Warangal,Telangana,South,Beverages,Beverages - Tea,Tea,5,1063.22,0.08,4890.81,684.71,0.14,Credit Card,Supermarket,Budget Shopper
ORD01837,2025-01-20,CUST0652,New Delhi,Delhi,North,Grocery,Grocery - Cooking Oil,Cooking Oil,1,484.19,0.08,445.45,40.09,0.09,Cash,Supermarket,Regular Shopper
ORD01893,2025-01-20,CUST0722,Nagpur,Maharashtra,West,Grocery,Grocery - Wheat Flour,Wheat Flour,4,2424.03,0.15,8241.7,741.75,0.09,Wallet,Supermarket,Regular Shopper
ORD00211,2025-01-21,CUST0660,Indore,Madhya Pradesh,West,Grocery,Grocery - Sugar,Sugar,7,478.5,0.08,3081.54,277.34,0.09,Cash,Hypermarket,Regular Shopper
ORD03276,2025-01-21,CUST0516,Rajkot,Gujarat,West,Clothing,Clothing - T-Shirt,T-Shirt,6,2124.17,0.02,12490.12,3122.53,0.25,Debit Card,Hypermarket,Regular Shopper
ORD02268,2025-01-21,CUST0216,Kanpur,Uttar Pradesh,North,Grocery,Grocery - Wheat Flour,Wheat Flour,7,961.6,0.1,6058.08,545.23,0.09,Debit Card,Hypermarket,Budget Shopper
ORD04476,2025-01-22,CUST0845,Kolkata,West Bengal,East,Clothing,Clothing - Kids Wear,Kids Wear,1,1226.37,0.08,1128.26,282.07,0.25,Credit Card,Supermarket,Regular Shopper
ORD00650,2025-01-22,CUST0803,Nagpur,Maharashtra,West,Personal Care,Personal Care - Face Wash,Face Wash,3,1694.01,0.08,4675.47,935.09,0.2,UPI,Supermarket,Budget Shopper
ORD02488,2025-01-23,CUST0877,Nashik,Maharashtra,West,Personal Care,Personal Care - Toothpaste,Toothpaste,6,2258.58,0.15,11518.76,2303.75,0.2,UPI,Hypermarket,Budget Shopper
ORD02521,2025-01-23,CUST0864,Ahmedabad,Gujarat,West,Home Care,Home Care - Tissue,Tissue,7,255.43,0.1,1609.21,257.47,0.16,UPI,Hypermarket,Budget Shopper
ORD00268,2025-01-23,CUST0499,Nagpur,Maharashtra,West,Personal Care,Personal Care - Shampoo,Shampoo,5,1825.26,0.25,6844.72,1368.94,0.2,Credit Card,Supermarket,Regular Shopper
ORD00629,2025-01-23,CUST0018,Nagpur,Maharashtra,West,Personal Care,Personal Care - Toothpaste,Toothpaste,2,177.09,0.05,336.47,67.29,0.2,UPI,Supermarket,Budget Shopper
ORD03170,2025-01-23,CUST1093,Lucknow,Uttar Pradesh,North,Grocery,Grocery - Rice,Rice,3,2472.59,0.08,6824.35,614.19,0.09,UPI,Supermarket,Budget Shopper
ORD03454,2025-01-23,CUST1004,Udaipur,Rajasthan,West,Personal Care,Personal Care - Shampoo,Shampoo,3,863.32,0.05,2460.46,492.09,0.2,Debit Card,Hypermarket,Regular Shopper
ORD04041,2025-01-23,CUST0183,Chennai,Tamil Nadu,South,Grocery,Grocery - Biscuits,Biscuits,4,291.42,0.08,1072.43,96.52,0.09,Debit Card,Hypermarket,Premium Shopper
ORD00666,2025-01-23,CUST0053,New Delhi,Delhi,North,Grocery,Grocery - Sugar,Sugar,2,2391.52,0.15,4065.58,365.9,0.09,UPI,Hypermarket,Regular Shopper
ORD00562,2025-01-23,CUST1017,Hyderabad,Telangana,South,Home Care,Home Care - Dishwash,Dishwash,1,1222.18,0.02,1197.74,191.64,0.16,Wallet,Supermarket,Regular Shopper
ORD01484,2025-01-24,CUST0956,Chennai,Tamil Nadu,South,Electronics,Electronics - Power Bank,Power Bank,4,1186.83,0.1,4272.59,769.07,0.18,Wallet,Supermarket,Premium Shopper
ORD01515,2025-01-24,CUST0674,Bengaluru,Karnataka,South,Grocery,Grocery - Biscuits,Biscuits,1,211.17,0.05,200.61,18.05,0.09,UPI,Hypermarket,Budget Shopper
ORD03375,2025-01-25,CUST0836,Kolkata,West Bengal,East,Grocery,Grocery - Rice,Rice,2,735.68,0.15,1250.66,112.56,0.09,Credit Card,Hypermarket,Premium Shopper
ORD02388,2025-01-25,CUST0075,Nashik,Maharashtra,West,Personal Care,Personal Care - Body Lotion,Body Lotion,3,1869.64,0.2,4487.14,897.43,0.2,Debit Card,Hypermarket,Budget Shopper
ORD00849,2025-01-25,CUST0349,Kolkata,West Bengal,East,Grocery,Grocery - Cooking Oil,Cooking Oil,7,305.87,0.1,1926.98,173.43,0.09,Cash,Hypermarket,Premium Shopper
ORD02472,2025-01-25,CUST0472,Noida,Uttar Pradesh,North,Grocery,Grocery - Cooking Oil,Cooking Oil,7,830.86,0.05,5525.22,497.27,0.09,Cash,Hypermarket,Budget Shopper
ORD01329,2025-01-26,CUST1172,Pune,Maharashtra,West,Clothing,Clothing - Jeans,Jeans,7,1423.21,0.05,9464.35,2366.09,0.25,Cash,Supermarket,Premium Shopper
ORD00349,2025-01-27,CUST0141,Thane,Maharashtra,West,Personal Care,Personal Care - Toothpaste,Toothpaste,5,1455.51,0.08,6695.35,1339.07,0.2,Wallet,Supermarket,Regular Shopper
ORD02528,2025-01-27,CUST0272,Vadodara,Gujarat,West,Beverages,Beverages - Packaged Water,Packaged Water,3,1755.14,0.1,4738.88,663.44,0.14,Debit Card,Hypermarket,Regular Shopper
ORD03538,2025-01-27,CUST0172,Indore,Madhya Pradesh,West,Clothing,Clothing - Jeans,Jeans,5,70.08,0.05,332.88,83.22,0.25,Credit Card,Hypermarket,Budget Shopper
ORD00415,2025-01-27,CUST0771,Kolkata,West Bengal,East,Grocery,Grocery - Biscuits,Biscuits,7,821.53,0.1,5175.64,465.81,0.09,UPI,Hypermarket,Budget Shopper
ORD01365,2025-01-27,CUST0434,Bhopal,Madhya Pradesh,West,Personal Care,Personal Care - Soap,Soap,6,1842.24,0.15,9395.42,1879.08,0.2,Wallet,Supermarket,Regular Shopper
ORD02106,2025-01-27,CUST0821,Jabalpur,Madhya Pradesh,West,Grocery,Grocery - Rice,Rice,2,155.05,0.0,310.1,27.91,0.09,UPI,Supermarket,Regular Shopper
ORD03988,2025-01-27,CUST1002,New Delhi,Delhi,North,Electronics,Electronics - Mixer,Mixer,5,80.56,0.08,370.58,66.7,0.18,UPI,Hypermarket,Budget Shopper
ORD01792,2025-01-27,CUST0027,Lucknow,Uttar Pradesh,North,Electronics,Electronics - Extension Board,Extension Board,5,2153.59,0.05,10229.55,1841.32,0.18,Wallet,Hypermarket,Budget Shopper
ORD00061,2025-01-28,CUST0542,Hyderabad,Telangana,South,Personal Care,Personal Care - Face Wash,Face Wash,1,1328.06,0.2,1062.45,212.49,0.2,Cash,Supermarket,Premium Shopper
ORD00633,2025-01-28,CUST0838,Mangaluru,Karnataka,South,Grocery,Grocery - Cooking Oil,Cooking Oil,1,742.09,0.1,667.88,60.11,0.09,Credit Card,Hypermarket,Budget Shopper
ORD04460,2025-01-28,CUST0058,Hyderabad,Telangana,South,Beverages,Beverages - Juice,Juice,1,90.19,0.0,90.19,12.63,0.14,Wallet,Hypermarket,Premium Shopper
ORD00094,2025-01-28,CUST0313,Jodhpur,Rajasthan,West,Clothing,Clothing - T-Shirt,T-Shirt,7,664.57,0.1,4186.79,1046.7,0.25,Wallet,Supermarket,Budget Shopper
ORD03970,2025-01-28,CUST1113,Ahmedabad,Gujarat,West,Electronics,Electronics - Mixer,Mixer,5,1043.75,0.0,5218.75,939.38,0.18,UPI,Supermarket,Budget Shopper
ORD03181,2025-01-28,CUST0753,Nagpur,Maharashtra,West,Electronics,Electronics - Power Bank,Power Bank,5,297.51,0.0,1487.55,267.76,0.18,Debit Card,Supermarket,Budget Shopper
ORD02749,2025-01-28,CUST0417,Kolkata,West Bengal,East,Personal Care,Personal Care - Toothpaste,Toothpaste,4,1402.09,0.05,5327.94,1065.59,0.2,Cash,Hypermarket,Budget Shopper
ORD03284,2025-01-28,CUST1026,Rajkot,Gujarat,West,Clothing,Clothing - Socks,Socks,3,508.93,0.08,1404.65,351.16,0.25,UPI,Supermarket,Regular Shopper
ORD01099,2025-01-28,CUST0386,Kolkata,West Bengal,East,Electronics,Electronics - Earphones,Earphones,6,1486.2,0.05,8471.34,1524.84,0.18,Debit Card,Hypermarket,Regular Shopper
ORD03156,2025-01-28,CUST0493,Udaipur,Rajasthan,West,Home Care,Home Care - Toilet Cleaner,Toilet Cleaner,2,986.83,0.08,1815.77,290.52,0.16,Wallet,Supermarket,Regular Shopper
ORD01845,2025-01-28,CUST0525,Mumbai,Maharashtra,West,Clothing,Clothing - Shirt,Shirt,4,330.52,0.15,1123.77,280.94,0.25,Credit Card,Supermarket,Budget Shopper
ORD01228,2025-01-29,CUST0372,Kanpur,Uttar Pradesh,North,Personal Care,Personal Care - Soap,Soap,7,1540.28,0.15,9164.67,1832.93,0.2,Wallet,Supermarket,Budget Shopper
ORD03845,2025-01-29,CUST0899,Warangal,Telangana,South,Home Care,Home Care - Dishwash,Dishwash,5,1475.34,0.1,6639.03,1062.24,0.16,Cash,Supermarket,Budget Shopper
ORD04756,2025-01-29,CUST0970,Noida,Uttar Pradesh,North,Grocery,Grocery - Rice,Rice,3,2372.78,0.08,6548.87,589.4,0.09,Wallet,Supermarket,Budget Shopper
ORD04408,2025-01-29,CUST0772,Coimbatore,Tamil Nadu,South,Personal Care,Personal Care - Face Wash,Face Wash,4,1652.16,0.15,5617.34,1123.47,0.2,Credit Card,Hypermarket,Regular Shopper
ORD03729,2025-01-29,CUST0012,Jodhpur,Rajasthan,West,Beverages,Beverages - Juice,Juice,5,1582.15,0.05,7515.21,1052.13,0.14,Wallet,Hypermarket,Regular Shopper
ORD04671,2025-01-29,CUST0323,Vadodara,Gujarat,West,Personal Care,Personal Care - Shampoo,Shampoo,3,1083.39,0.0,3250.17,650.03,0.2,Wallet,Hypermarket,Regular Shopper
ORD03598,2025-01-29,CUST0236,Hyderabad,Telangana,South,Beverages,Beverages - Packaged Water,Packaged Water,3,1488.61,0.0,4465.83,625.22,0.14,Cash,Supermarket,Premium Shopper
ORD02224,2025-01-29,CUST1046,Noida,Uttar Pradesh,North,Electronics,Electronics - Earphones,Earphones,5,1696.09,0.08,7802.01,1404.36,0.18,Debit Card,Hypermarket,Budget Shopper
ORD02236,2025-01-29,CUST0798,Jaipur,Rajasthan,West,Electronics,Electronics - Earphones,Earphones,3,1106.71,0.05,3154.12,567.74,0.18,Debit Card,Hypermarket,Regular Shopper
ORD03781,2025-01-29,CUST0135,Jaipur,Rajasthan,West,Electronics,Electronics - Mixer,Mixer,1,1387.0,0.25,1040.25,187.24,0.18,Cash,Supermarket,Budget Shopper
ORD04804,2025-01-30,CUST0208,New Delhi,Delhi,North,Personal Care,Personal Care - Soap,Soap,1,1135.76,0.1,1022.18,204.44,0.2,Cash,Supermarket,Premium Shopper
ORD04843,2025-01-30,CUST1155,Kanpur,Uttar Pradesh,North,Grocery,Grocery - Biscuits,Biscuits,7,2173.54,0.08,13997.6,1259.78,0.09,Cash,Hypermarket,Regular Shopper
ORD03424,2025-01-30,CUST0067,Bengaluru,Karnataka,South,Clothing,Clothing - T-Shirt,T-Shirt,2,1064.82,0.15,1810.19,452.55,0.25,UPI,Supermarket,Regular Shopper
ORD03426,2025-01-30,CUST0632,New Delhi,Delhi,North,Personal Care,Personal Care - Toothpaste,Toothpaste,4,887.46,0.02,3478.84,695.77,0.2,Credit Card,Hypermarket,Budget Shopper
ORD03434,2025-01-30,CUST0094,Kolkata,West Bengal,East,Home Care,Home Care - Toilet Cleaner,Toilet Cleaner,4,1003.21,0.05,3812.2,609.95,0.16,Wallet,Supermarket,Regular Shopper
ORD03096,2025-01-30,CUST0502,Madurai,Tamil Nadu,South,Grocery,Grocery - Biscuits,Biscuits,6,336.34,0.1,1816.24,163.46,0.09,UPI,Hypermarket,Premium Shopper
ORD02809,2025-01-30,CUST0798,Kolkata,West Bengal,East,Clothing,Clothing - Socks,Socks,5,1771.53,0.05,8414.77,2103.69,0.25,UPI,Hypermarket,Budget Shopper
ORD00775,2025-01-30,CUST0060,Jodhpur,Rajasthan,West,Personal Care,Personal Care - Face Wash,Face Wash,7,1548.4,0.02,10622.02,2124.4,0.2,UPI,Hypermarket,Premium Shopper
ORD03072,2025-01-30,CUST0362,Nagpur,Maharashtra,West,Electronics,Electronics - Mixer,Mixer,7,1567.63,0.15,9327.4,1678.93,0.18,Debit Card,Supermarket,Budget Shopper
ORD00041,2025-01-30,CUST1021,New Delhi,Delhi,North,Home Care,Home Care - Tissue,Tissue,5,1388.01,0.15,5899.04,943.85,0.16,Debit Card,Hypermarket,Regular Shopper
ORD04060,2025-01-31,CUST0601,New Delhi,Delhi,North,Personal Care,Personal Care - Toothpaste,Toothpaste,6,1677.84,0.15,8556.98,1711.4,0.2,Credit Card,Supermarket,Regular Shopper
ORD04341,2025-02-01,CUST0024,Udaipur,Rajasthan,West,Grocery,Grocery - Biscuits,Biscuits,6,986.72,0.02,5801.91,522.17,0.09,Debit Card,Hypermarket,Regular Shopper
ORD00459,2025-02-01,CUST0559,Rajkot,Gujarat,West,Beverages,Beverages - Tea,Tea,4,1104.62,0.1,3976.63,556.73,0.14,Credit Card,Supermarket,Regular Shopper
ORD04886,2025-02-01,CUST1160,Lucknow,Uttar Pradesh,North,Clothing,Clothing - T-Shirt,T-Shirt,6,194.18,0.05,1106.83,276.71,0.25,Credit Card,Hypermarket,Premium Shopper
ORD00018,2025-02-02,CUST0660,Mumbai,Maharashtra,West,Beverages,Beverages - Packaged Water,Packaged Water,3,1706.81,0.1,4608.39,645.17,0.14,Debit Card,Supermarket,Regular Shopper
ORD01043,2025-02-02,CUST0378,Kolkata,West Bengal,East,Home Care,Home Care - Tissue,Tissue,1,2059.74,0.1,1853.77,296.6,0.16,Cash,Supermarket,Budget Shopper
ORD03380,2025-02-02,CUST0986,Bengaluru,Karnataka,South,Grocery,Grocery - Cooking Oil,Cooking Oil,4,517.39,0.0,2069.56,186.26,0.09,Cash,Supermarket,Regular Shopper
ORD02121,2025-02-02,CUST0053,New Delhi,Delhi,North,Electronics,Electronics - Earphones,Earphones,6,994.23,0.05,5667.11,1020.08,0.18,Wallet,Supermarket,Premium Shopper
ORD03345,2025-02-02,CUST0302,Jaipur,Rajasthan,West,Grocery,Grocery - Wheat Flour,Wheat Flour,6,1682.79,0.05,9591.9,863.27,0.09,UPI,Hypermarket,Regular Shopper
ORD04593,2025-02-02,CUST0303,Lucknow,Uttar Pradesh,North,Grocery,Grocery - Wheat Flour,Wheat Flour,6,1104.61,0.1,5964.89,536.84,0.09,Debit Card,Hypermarket,Regular Shopper
ORD02306,2025-02-03,CUST0487,Ahmedabad,Gujarat,West,Grocery,Grocery - Biscuits,Biscuits,7,2135.89,0.05,14203.67,1278.33,0.09,Credit Card,Supermarket,Premium Shopper
ORD01428,2025-02-03,CUST1048,Surat,Gujarat,West,Grocery,Grocery - Biscuits,Biscuits,2,1854.34,0.15,3152.38,283.71,0.09,Wallet,Hypermarket,Premium Shopper
ORD02124,2025-02-03,CUST0250,Bengaluru,Karnataka,South,Beverages,Beverages - Juice,Juice,7,198.93,0.05,1322.88,185.2,0.14,UPI,Hypermarket,Budget Shopper
ORD02743,2025-02-03,CUST1072,Bengaluru,Karnataka,South,Personal Care,Personal Care - Shampoo,Shampoo,7,425.41,0.0,2977.87,595.57,0.2,Credit Card,Supermarket,Budget Shopper
ORD01772,2025-02-03,CUST0342,Udaipur,Rajasthan,West,Personal Care,Personal Care - Face Wash,Face Wash,1,1148.53,0.05,1091.1,218.22,0.2,Cash,Supermarket,Budget Shopper
ORD03643,2025-02-04,CUST1025,Surat,Gujarat,West,Beverages,Beverages - Juice,Juice,6,526.28,0.08,2905.07,406.71,0.14,UPI,Supermarket,Budget Shopper
ORD04548,2025-02-04,CUST0026,New Delhi,Delhi,North,Home Care,Home Care - Detergent,Detergent,5,1524.74,0.1,6861.33,1097.81,0.16,Debit Card,Supermarket,Budget Shopper
ORD02297,2025-02-04,CUST0924,Vadodara,Gujarat,West,Personal Care,Personal Care - Toothpaste,Toothpaste,1,150.93,0.05,143.38,28.68,0.2,UPI,Hypermarket,Budget Shopper
ORD01774,2025-02-04,CUST0523,Madurai,Tamil Nadu,South,Beverages,Beverages - Soft Drink,Soft Drink,2,1297.57,0.0,2595.14,363.32,0.14,Debit Card,Supermarket,Regular Shopper
ORD02183,2025-02-04,CUST0749,Kolkata,West Bengal,East,Electronics,Electronics - LED Bulb,LED Bulb,2,1457.96,0.08,2682.65,482.88,0.18,UPI,Supermarket,Budget Shopper
ORD03358,2025-02-04,CUST0917,New Delhi,Delhi,North,Personal Care,Personal Care - Face Wash,Face Wash,7,1728.49,0.08,11131.48,2226.3,0.2,UPI,Supermarket,Premium Shopper
ORD00388,2025-02-04,CUST0287,Coimbatore,Tamil Nadu,South,Electronics,Electronics - Earphones,Earphones,4,1319.38,0.05,5013.64,902.46,0.18,Cash,Hypermarket,Regular Shopper
ORD04800,2025-02-05,CUST0710,Udaipur,Rajasthan,West,Home Care,Home Care - Toilet Cleaner,Toilet Cleaner,5,954.85,0.02,4678.77,748.6,0.16,Cash,Hypermarket,Premium Shopper
ORD03190,2025-02-05,CUST0269,Kolkata,West Bengal,East,Grocery,Grocery - Rice,Rice,6,878.03,0.08,4846.73,436.21,0.09,UPI,Supermarket,Regular Shopper
ORD03018,2025-02-05,CUST1059,Bhopal,Madhya Pradesh,West,Beverages,Beverages - Tea,Tea,5,1176.14,0.0,5880.7,823.3,0.14,Cash,Hypermarket,Budget Shopper
ORD03215,2025-02-05,CUST0568,New Delhi,Delhi,North,Beverages,Beverages - Coffee,Coffee,6,258.13,0.15,1316.46,184.3,0.14,Debit Card,Supermarket,Regular Shopper
ORD02744,2025-02-06,CUST0522,Hyderabad,Telangana,South,Clothing,Clothing - Jeans,Jeans,3,262.34,0.25,590.26,147.56,0.25,Wallet,Hypermarket,Budget Shopper
ORD04394,2025-02-06,CUST0510,Bhopal,Madhya Pradesh,West,Grocery,Grocery - Wheat Flour,Wheat Flour,1,1427.01,0.1,1284.31,115.59,0.09,Debit Card,Supermarket,Budget Shopper
ORD00903,2025-02-06,CUST1032,Mangaluru,Karnataka,South,Clothing,Clothing - Jeans,Jeans,1,448.33,0.02,439.36,109.84,0.25,Wallet,Supermarket,Budget Shopper
ORD02291,2025-02-06,CUST0287,Lucknow,Uttar Pradesh,North,Home Care,Home Care - Tissue,Tissue,5,1084.4,0.1,4879.8,780.77,0.16,Credit Card,Hypermarket,Regular Shopper
ORD02127,2025-02-06,CUST0331,Pune,Maharashtra,West,Home Care,Home Care - Dishwash,Dishwash,3,2368.29,0.02,6962.77,1114.04,0.16,UPI,Supermarket,Regular Shopper
ORD02643,2025-02-06,CUST0132,Ahmedabad,Gujarat,West,Electronics,Electronics - Mixer,Mixer,2,748.09,0.05,1421.37,255.85,0.18,Cash,Hypermarket,Premium Shopper
ORD00367,2025-02-06,CUST0207,New Delhi,Delhi,North,Home Care,Home Care - Toilet Cleaner,Toilet Cleaner,3,1564.03,0.2,3753.67,600.59,0.16,Wallet,Hypermarket,Budget Shopper
ORD04711,2025-02-06,CUST1144,New Delhi,Delhi,North,Clothing,Clothing - Shirt,Shirt,4,694.3,0.02,2721.66,680.42,0.25,Credit Card,Hypermarket,Regular Shopper
ORD04330,2025-02-07,CUST0609,New Delhi,Delhi,North,Beverages,Beverages - Juice,Juice,3,1443.34,0.05,4113.52,575.89,0.14,Debit Card,Supermarket,Budget Shopper
ORD01612,2025-02-07,CUST0514,New Delhi,Delhi,North,Home Care,Home Care - Floor Cleaner,Floor Cleaner,6,71.63,0.02,421.18,67.39,0.16,Wallet,Hypermarket,Budget Shopper
ORD00092,2025-02-07,CUST0018,Thane,Maharashtra,West,Beverages,Beverages - Tea,Tea,7,1947.8,0.08,12543.83,1756.14,0.14,Cash,Hypermarket,Budget Shopper
ORD02721,2025-02-07,CUST0753,Nashik,Maharashtra,West,Home Care,Home Care - Floor Cleaner,Floor Cleaner,1,1430.42,0.02,1401.81,224.29,0.16,Credit Card,Hypermarket,Premium Shopper
ORD02304,2025-02-07,CUST0143,Ahmedabad,Gujarat,West,Grocery,Grocery - Sugar,Sugar,2,1485.77,0.08,2733.82,246.04,0.09,Cash,Hypermarket,Budget Shopper
ORD04057,2025-02-08,CUST0757,Bengaluru,Karnataka,South,Beverages,Beverages - Tea,Tea,6,1170.6,0.15,5970.06,835.81,0.14,Wallet,Supermarket,Regular Shopper
ORD00338,2025-02-08,CUST0853,Thane,Maharashtra,West,Home Care,Home Care - Floor Cleaner,Floor Cleaner,3,1590.41,0.1,4294.11,687.06,0.16,Credit Card,Supermarket,Budget Shopper
ORD04751,2025-02-08,CUST0600,Coimbatore,Tamil Nadu,South,Personal Care,Personal Care - Toothpaste,Toothpaste,1,1565.95,0.08,1440.67,288.13,0.2,Cash,Supermarket,Regular Shopper
ORD00924,2025-02-08,CUST0641,Kolkata,West Bengal,East,Clothing,Clothing - Socks,Socks,6,300.99,0.08,1661.46,415.36,0.25,Cash,Supermarket,Budget Shopper
ORD01487,2025-02-08,CUST0424,Mysuru,Karnataka,South,Personal Care,Personal Care - Toothpaste,Toothpaste,6,607.81,0.1,3282.17,656.43,0.2,Wallet,Hypermarket,Budget Shopper
ORD04027,2025-02-08,CUST0072,New Delhi,Delhi,North,Electronics,Electronics - Earphones,Earphones,4,1102.88,0.05,4190.94,754.37,0.18,Debit Card,Hypermarket,Regular Shopper
ORD01910,2025-02-08,CUST0950,Ahmedabad,Gujarat,West,Grocery,Grocery - Wheat Flour,Wheat Flour,3,2153.18,0.08,5942.78,534.85,0.09,Cash,Hypermarket,Budget Shopper
ORD04788,2025-02-09,CUST0374,Kanpur,Uttar Pradesh,North,Clothing,Clothing - Socks,Socks,6,2365.64,0.15,12064.76,3016.19,0.25,Credit Card,Supermarket,Regular Shopper
ORD02647,2025-02-09,CUST1175,Vadodara,Gujarat,West,Clothing,Clothing - Shirt,Shirt,2,1757.74,0.05,3339.71,834.93,0.25,Credit Card,Hypermarket,Regular Shopper
ORD01238,2025-02-09,CUST0042,Bhopal,Madhya Pradesh,West,Clothing,Clothing - Socks,Socks,7,1500.92,0.02,10296.31,2574.08,0.25,Wallet,Supermarket,Budget Shopper
ORD04940,2025-02-09,CUST1043,Warangal,Telangana,South,Grocery,Grocery - Wheat Flour,Wheat Flour,4,2382.67,0.08,8768.23,789.14,0.09,Debit Card,Hypermarket,Regular Shopper
ORD01990,2025-02-10,CUST0366,Jaipur,Rajasthan,West,Beverages,Beverages - Juice,Juice,5,992.92,0.08,4567.43,639.44,0.14,UPI,Supermarket,Regular Shopper
ORD00805,2025-02-10,CUST0897,Coimbatore,Tamil Nadu,South,Personal Care,Personal Care - Soap,Soap,2,663.89,0.1,1195.0,239.0,0.2,Cash,Supermarket,Premium Shopper
ORD02461,2025-02-10,CUST0127,Bhopal,Madhya Pradesh,West,Grocery,Grocery - Cooking Oil,Cooking Oil,4,974.44,0.05,3702.87,333.26,0.09,UPI,Supermarket,Premium Shopper
ORD04350,2025-02-10,CUST0413,Mumbai,Maharashtra,West,Personal Care,Personal Care - Face Wash,Face Wash,4,260.71,0.2,834.27,166.85,0.2,Wallet,Supermarket,Regular Shopper
ORD01053,2025-02-10,CUST0090,Udaipur,Rajasthan,West,Personal Care,Personal Care - Toothpaste,Toothpaste,7,715.73,0.1,4509.1,901.82,0.2,Credit Card,Hypermarket,Regular Shopper
ORD04459,2025-02-11,CUST1055,Chennai,Tamil Nadu,South,Personal Care,Personal Care - Soap,Soap,4,742.51,0.1,2673.04,534.61,0.2,Credit Card,Hypermarket,Budget Shopper
ORD02503,2025-02-11,CUST0618,Bengaluru,Karnataka,South,Electronics,Electronics - Extension Board,Extension Board,2,881.14,0.02,1727.03,310.87,0.18,Debit Card,Hypermarket,Budget Shopper
ORD04743,2025-02-11,CUST0669,Udaipur,Rajasthan,West,Beverages,Beverages - Packaged Water,Packaged Water,3,1663.56,0.02,4890.87,684.72,0.14,Credit Card,Hypermarket,Regular Shopper
ORD02412,2025-02-11,CUST0898,Noida,Uttar Pradesh,North,Electronics,Electronics - Power Bank,Power Bank,4,1590.39,0.05,6043.48,1087.83,0.18,Wallet,Supermarket,Regular Shopper
ORD00817,2025-02-11,CUST0696,Thane,Maharashtra,West,Electronics,Electronics - Earphones,Earphones,3,266.98,0.1,720.85,129.75,0.18,UPI,Supermarket,Regular Shopper
ORD01559,2025-02-12,CUST0601,Surat,Gujarat,West,Electronics,Electronics - Earphones,Earphones,4,991.45,0.2,3172.64,571.08,0.18,Wallet,Supermarket,Budget Shopper
ORD04598,2025-02-12,CUST1174,Hyderabad,Telangana,South,Grocery,Grocery - Cooking Oil,Cooking Oil,2,64.86,0.15,110.26,9.92,0.09,Debit Card,Hypermarket,Premium Shopper
ORD03657,2025-02-12,CUST0853,Lucknow,Uttar Pradesh,North,Grocery,Grocery - Cooking Oil,Cooking Oil,3,369.15,0.2,885.96,79.74,0.09,Credit Card,Hypermarket,Budget Shopper
ORD02309,2025-02-12,CUST0936,Jabalpur,Madhya Pradesh,West,Home Care,Home Care - Tissue,Tissue,4,491.37,0.1,1768.93,283.03,0.16,Credit Card,Supermarket,Regular Shopper
ORD03565,2025-02-12,CUST0374,Nashik,Maharashtra,West,Home Care,Home Care - Detergent,Detergent,6,1714.03,0.25,7713.14,1234.1,0.16,Credit Card,Supermarket,Budget Shopper
ORD03812,2025-02-12,CUST0008,Bengaluru,Karnataka,South,Grocery,Grocery - Biscuits,Biscuits,4,2073.5,0.05,7879.3,709.14,0.09,Cash,Supermarket,Premium Shopper
ORD02565,2025-02-13,CUST1143,Rajkot,Gujarat,West,Electronics,Electronics - LED Bulb,LED Bulb,5,1549.61,0.05,7360.65,1324.92,0.18,UPI,Supermarket,Regular Shopper
ORD01604,2025-02-13,CUST0152,Hyderabad,Telangana,South,Clothing,Clothing - T-Shirt,T-Shirt,1,1418.73,0.2,1134.98,283.74,0.25,Cash,Hypermarket,Budget Shopper
ORD04304,2025-02-14,CUST0604,Bengaluru,Karnataka,South,Electronics,Electronics - Earphones,Earphones,7,266.19,0.15,1583.83,285.09,0.18,Wallet,Hypermarket,Budget Shopper
ORD00155,2025-02-14,CUST0129,Kolkata,West Bengal,East,Home Care,Home Care - Dishwash,Dishwash,6,424.16,0.15,2163.22,346.12,0.16,Credit Card,Hypermarket,Regular Shopper
ORD00390,2025-02-14,CUST0328,New Delhi,Delhi,North,Electronics,Electronics - Extension Board,Extension Board,7,2314.33,0.2,12960.25,2332.84,0.18,Wallet,Hypermarket,Regular Shopper
ORD00005,2025-02-14,CUST0509,Coimbatore,Tamil Nadu,South,Home Care,Home Care - Toilet Cleaner,Toilet Cleaner,6,124.6,0.08,687.79,110.05,0.16,Credit Card,Supermarket,Regular Shopper
ORD04427,2025-02-15,CUST0132,Kolkata,West Bengal,East,Personal Care,Personal Care - Shampoo,Shampoo,2,1791.51,0.08,3296.38,659.28,0.2,UPI,Hypermarket,Premium Shopper
ORD00602,2025-02-15,CUST0605,Coimbatore,Tamil Nadu,South,Home Care,Home Care - Dishwash,Dishwash,2,264.73,0.15,450.04,72.01,0.16,Cash,Supermarket,Budget Shopper
ORD03990,2025-02-15,CUST0623,Jabalpur,Madhya Pradesh,West,Beverages,Beverages - Coffee,Coffee,6,573.56,0.15,2925.16,409.52,0.14,Wallet,Hypermarket,Budget Shopper
ORD02202,2025-02-15,CUST0613,Lucknow,Uttar Pradesh,North,Grocery,Grocery - Cooking Oil,Cooking Oil,2,1357.2,0.15,2307.24,207.65,0.09,Credit Card,Supermarket,Regular Shopper
ORD03570,2025-02-15,CUST0641,Bhopal,Madhya Pradesh,West,Personal Care,Personal Care - Soap,Soap,5,530.94,0.0,2654.7,530.94,0.2,Wallet,Hypermarket,Budget Shopper
ORD03870,2025-02-15,CUST0796,Lucknow,Uttar Pradesh,North,Beverages,Beverages - Soft Drink,Soft Drink,2,687.91,0.25,1031.86,144.46,0.14,UPI,Supermarket,Regular Shopper
ORD02456,2025-02-15,CUST0757,Udaipur,Rajasthan,West,Electronics,Electronics - Extension Board,Extension Board,7,719.52,0.05,4784.81,861.27,0.18,Cash,Supermarket,Regular Shopper
ORD02135,2025-02-15,CUST0481,Rajkot,Gujarat,West,Personal Care,Personal Care - Toothpaste,Toothpaste,1,1530.2,0.15,1300.67,260.13,0.2,UPI,Supermarket,Regular Shopper
ORD01640,2025-02-16,CUST0036,Hyderabad,Telangana,South,Grocery,Grocery - Cooking Oil,Cooking Oil,7,164.48,0.2,921.09,82.9,0.09,UPI,Supermarket,Budget Shopper
ORD02916,2025-02-16,CUST0559,Hyderabad,Telangana,South,Clothing,Clothing - Shirt,Shirt,4,306.71,0.2,981.47,245.37,0.25,Credit Card,Supermarket,Regular Shopper
ORD02041,2025-02-16,CUST0059,Rajkot,Gujarat,West,Beverages,Beverages - Tea,Tea,2,1006.64,0.02,1973.01,276.22,0.14,Wallet,Supermarket,Premium Shopper
ORD03000,2025-02-16,CUST0521,Hyderabad,Telangana,South,Home Care,Home Care - Dishwash,Dishwash,1,2264.11,0.02,2218.83,355.01,0.16,Credit Card,Supermarket,Budget Shopper
ORD01274,2025-02-16,CUST0536,Chennai,Tamil Nadu,South,Grocery,Grocery - Sugar,Sugar,5,1335.79,0.08,6144.63,553.02,0.09,Debit Card,Hypermarket,Premium Shopper
ORD00857,2025-02-17,CUST0716,Indore,Madhya Pradesh,West,Grocery,Grocery - Biscuits,Biscuits,1,814.51,0.25,610.88,54.98,0.09,Debit Card,Supermarket,Budget Shopper
ORD04566,2025-02-17,CUST1137,Bengaluru,Karnataka,South,Grocery,Grocery - Cooking Oil,Cooking Oil,5,908.27,0.1,4087.22,367.85,0.09,Credit Card,Supermarket,Regular Shopper
ORD00241,2025-02-17,CUST1059,Jaipur,Rajasthan,West,Clothing,Clothing - Kids Wear,Kids Wear,2,2488.78,0.1,4479.8,1119.95,0.25,Wallet,Hypermarket,Budget Shopper
ORD02563,2025-02-17,CUST0961,Pune,Maharashtra,West,Grocery,Grocery - Sugar,Sugar,7,887.64,0.05,5902.81,531.25,0.09,Wallet,Hypermarket,Premium Shopper
ORD04067,2025-02-17,CUST0804,Mumbai,Maharashtra,West,Beverages,Beverages - Juice,Juice,1,870.34,0.08,800.71,112.1,0.14,UPI,Supermarket,Budget Shopper
ORD01103,2025-02-18,CUST1023,Jabalpur,Madhya Pradesh,West,Personal Care,Personal Care - Toothpaste,Toothpaste,5,910.89,0.25,3415.84,683.17,0.2,Cash,Hypermarket,Budget Shopper
ORD00678,2025-02-18,CUST0798,New Delhi,Delhi,North,Grocery,Grocery - Sugar,Sugar,5,648.76,0.1,2919.42,262.75,0.09,Debit Card,Hypermarket,Budget Shopper
ORD02328,2025-02-18,CUST0986,Nashik,Maharashtra,West,Grocery,Grocery - Sugar,Sugar,6,917.56,0.1,4954.82,445.93,0.09,Wallet,Supermarket,Regular Shopper
ORD00245,2025-02-18,CUST0573,Bhopal,Madhya Pradesh,West,Clothing,Clothing - Jeans,Jeans,3,1526.02,0.02,4486.5,1121.62,0.25,Cash,Supermarket,Premium Shopper
ORD03020,2025-02-19,CUST0028,Jodhpur,Rajasthan,West,Home Care,Home Care - Tissue,Tissue,7,1138.53,0.15,6774.25,1083.88,0.16,Credit Card,Supermarket,Regular Shopper
ORD03875,2025-02-19,CUST1057,Nashik,Maharashtra,West,Electronics,Electronics - Mixer,Mixer,5,877.54,0.02,4299.95,773.99,0.18,Wallet,Supermarket,Regular Shopper
ORD00276,2025-02-19,CUST0437,Madurai,Tamil Nadu,South,Grocery,Grocery - Rice,Rice,5,1524.59,0.08,7013.11,631.18,0.09,UPI,Supermarket,Budget Shopper
ORD02833,2025-02-19,CUST0129,Udaipur,Rajasthan,West,Home Care,Home Care - Dishwash,Dishwash,1,736.93,0.05,700.08,112.01,0.16,Debit Card,Supermarket,Budget Shopper
ORD00758,2025-02-19,CUST0719,Udaipur,Rajasthan,West,Grocery,Grocery - Sugar,Sugar,4,1231.09,0.0,4924.36,443.19,0.09,Wallet,Supermarket,Regular Shopper
ORD00908,2025-02-20,CUST0503,Jaipur,Rajasthan,West,Electronics,Electronics - Earphones,Earphones,6,2489.19,0.02,14636.44,2634.56,0.18,Debit Card,Hypermarket,Budget Shopper
ORD04031,2025-02-20,CUST0076,Chennai,Tamil Nadu,South,Beverages,Beverages - Tea,Tea,7,1005.46,0.02,6897.46,965.64,0.14,Cash,Supermarket,Budget Shopper
ORD03920,2025-02-20,CUST0196,Indore,Madhya Pradesh,West,Personal Care,Personal Care - Face Wash,Face Wash,6,1608.18,0.1,8684.17,1736.83,0.2,Wallet,Supermarket,Regular Shopper
ORD02843,2025-02-20,CUST0715,Warangal,Telangana,South,Home Care,Home Care - Tissue,Tissue,1,233.92,0.08,215.21,34.43,0.16,Debit Card,Hypermarket,Regular Shopper
ORD00233,2025-02-21,CUST0862,Indore,Madhya Pradesh,West,Clothing,Clothing - Shirt,Shirt,1,664.78,0.02,651.48,162.87,0.25,Credit Card,Supermarket,Budget Shopper
ORD02933,2025-02-21,CUST1003,Noida,Uttar Pradesh,North,Grocery,Grocery - Biscuits,Biscuits,7,930.8,0.0,6515.6,586.4,0.09,Cash,Supermarket,Regular Shopper
ORD00316,2025-02-21,CUST0104,Hyderabad,Telangana,South,Electronics,Electronics - LED Bulb,LED Bulb,3,1797.24,0.15,4582.96,824.93,0.18,Credit Card,Hypermarket,Premium Shopper
ORD03061,2025-02-21,CUST0317,Mumbai,Maharashtra,West,Home Care,Home Care - Dishwash,Dishwash,4,95.18,0.05,361.68,57.87,0.16,Wallet,Supermarket,Regular Shopper
ORD02357,2025-02-21,CUST0447,Mumbai,Maharashtra,West,Home Care,Home Care - Tissue,Tissue,2,985.07,0.1,1773.13,283.7,0.16,Debit Card,Hypermarket,Premium Shopper
ORD00418,2025-02-21,CUST1170,Hyderabad,Telangana,South,Electronics,Electronics - LED Bulb,LED Bulb,1,1230.69,0.05,1169.16,210.45,0.18,Cash,Supermarket,Budget Shopper
ORD00765,2025-02-21,CUST1187,Thane,Maharashtra,West,Clothing,Clothing - Kids Wear,Kids Wear,6,1894.38,0.08,10456.98,2614.24,0.25,Wallet,Hypermarket,Budget Shopper
ORD00533,2025-02-22,CUST0078,Mangaluru,Karnataka,South,Home Care,Home Care - Dishwash,Dishwash,4,801.16,0.1,2884.18,461.47,0.16,Wallet,Supermarket,Budget Shopper
ORD04700,2025-02-22,CUST0245,Lucknow,Uttar Pradesh,North,Personal Care,Personal Care - Soap,Soap,2,1066.94,0.1,1920.49,384.1,0.2,Cash,Supermarket,Budget Shopper
ORD02320,2025-02-22,CUST1196,Lucknow,Uttar Pradesh,North,Electronics,Electronics - Mixer,Mixer,7,972.05,0.05,6464.13,1163.54,0.18,Wallet,Supermarket,Budget Shopper
ORD01933,2025-02-22,CUST0085,Pune,Maharashtra,West,Clothing,Clothing - Kids Wear,Kids Wear,7,538.57,0.1,3392.99,848.25,0.25,UPI,Hypermarket,Regular Shopper
ORD03445,2025-02-22,CUST0654,Pune,Maharashtra,West,Home Care,Home Care - Toilet Cleaner,Toilet Cleaner,1,1896.67,0.08,1744.94,279.19,0.16,Credit Card,Hypermarket,Regular Shopper
ORD04374,2025-02-22,CUST1062,Rajkot,Gujarat,West,Personal Care,Personal Care - Toothpaste,Toothpaste,4,1512.01,0.1,5443.24,1088.65,0.2,Debit Card,Supermarket,Regular Shopper
ORD04821,2025-02-23,CUST0480,New Delhi,Delhi,North,Electronics,Electronics - Earphones,Earphones,1,1836.48,0.05,1744.66,314.04,0.18,Debit Card,Hypermarket,Regular Shopper
ORD00586,2025-02-23,CUST0262,Warangal,Telangana,South,Clothing,Clothing - Shirt,Shirt,1,489.85,0.0,489.85,122.46,0.25,UPI,Supermarket,Budget Shopper
ORD04295,2025-02-23,CUST0530,Kolkata,West Bengal,East,Personal Care,Personal Care - Toothpaste,Toothpaste,5,806.88,0.08,3711.65,742.33,0.2,Debit Card,Hypermarket,Budget Shopper
ORD02288,2025-02-23,CUST1173,Vadodara,Gujarat,West,Personal Care,Personal Care - Toothpaste,Toothpaste,1,2101.71,0.2,1681.37,336.27,0.2,Debit Card,Supermarket,Budget Shopper
ORD01091,2025-02-23,CUST0364,New Delhi,Delhi,North,Personal Care,Personal Care - Soap,Soap,7,964.86,0.08,6213.7,1242.74,0.2,Debit Card,Hypermarket,Premium Shopper
ORD01373,2025-02-24,CUST0159,Bengaluru,Karnataka,South,Electronics,Electronics - Extension Board,Extension Board,6,1362.51,0.05,7766.31,1397.94,0.18,Cash,Hypermarket,Regular Shopper
ORD04759,2025-02-24,CUST0766,Chennai,Tamil Nadu,South,Beverages,Beverages - Tea,Tea,5,2077.87,0.05,9869.88,1381.78,0.14,Cash,Supermarket,Regular Shopper
ORD02198,2025-02-24,CUST0007,Mangaluru,Karnataka,South,Home Care,Home Care - Detergent,Detergent,2,2385.33,0.08,4389.01,702.24,0.16,Cash,Hypermarket,Regular Shopper
ORD01810,2025-02-24,CUST0685,Chennai,Tamil Nadu,South,Beverages,Beverages - Tea,Tea,1,2446.26,0.25,1834.7,256.86,0.14,Wallet,Hypermarket,Budget Shopper
ORD00884,2025-02-24,CUST1110,Madurai,Tamil Nadu,South,Electronics,Electronics - Mixer,Mixer,2,53.07,0.1,95.53,17.2,0.18,Credit Card,Hypermarket,Regular Shopper
ORD02379,2025-02-24,CUST0919,Hyderabad,Telangana,South,Grocery,Grocery - Wheat Flour,Wheat Flour,6,2309.1,0.05,13161.87,1184.57,0.09,Wallet,Supermarket,Regular Shopper
ORD03219,2025-02-24,CUST0241,Noida,Uttar Pradesh,North,Home Care,Home Care - Detergent,Detergent,2,1183.71,0.2,1893.94,303.03,0.16,Debit Card,Hypermarket,Budget Shopper
ORD01610,2025-02-25,CUST0491,New Delhi,Delhi,North,Grocery,Grocery - Rice,Rice,3,1355.26,0.1,3659.2,329.33,0.09,Credit Card,Hypermarket,Budget Shopper
ORD01482,2025-02-25,CUST0987,Nagpur,Maharashtra,West,Personal Care,Personal Care - Face Wash,Face Wash,7,801.81,0.2,4490.14,898.03,0.2,Credit Card,Supermarket,Budget Shopper
ORD01870,2025-02-25,CUST0751,Hyderabad,Telangana,South,Home Care,Home Care - Floor Cleaner,Floor Cleaner,6,2459.47,0.15,12543.3,2006.93,0.16,Credit Card,Supermarket,Regular Shopper
ORD04867,2025-02-25,CUST1003,Pune,Maharashtra,West,Grocery,Grocery - Cooking Oil,Cooking Oil,6,186.55,0.05,1063.34,95.7,0.09,Credit Card,Supermarket,Budget Shopper
ORD01886,2025-02-26,CUST1066,Nagpur,Maharashtra,West,Clothing,Clothing - Shirt,Shirt,5,307.8,0.1,1385.1,346.28,0.25,Credit Card,Hypermarket,Premium Shopper
ORD00495,2025-02-26,CUST0179,Coimbatore,Tamil Nadu,South,Home Care,Home Care - Floor Cleaner,Floor Cleaner,6,752.02,0.15,3835.3,613.65,0.16,UPI,Hypermarket,Regular Shopper
ORD01747,2025-02-26,CUST0637,Noida,Uttar Pradesh,North,Beverages,Beverages - Juice,Juice,1,40.43,0.1,36.39,5.09,0.1399,Debit Card,Hypermarket,Budget Shopper
ORD04285,2025-02-26,CUST0660,Jodhpur,Rajasthan,West,Home Care,Home Care - Tissue,Tissue,1,165.13,0.15,140.36,22.46,0.16,Wallet,Supermarket,Regular Shopper
ORD02038,2025-02-27,CUST0685,Jaipur,Rajasthan,West,Electronics,Electronics - Mixer,Mixer,6,1045.68,0.0,6274.08,1129.33,0.18,Wallet,Hypermarket,Budget Shopper
ORD04066,2025-02-27,CUST0492,Mysuru,Karnataka,South,Electronics,Electronics - LED Bulb,LED Bulb,4,865.89,0.08,3186.48,573.57,0.18,Wallet,Hypermarket,Regular Shopper
ORD04221,2025-02-27,CUST0261,Nagpur,Maharashtra,West,Home Care,Home Care - Dishwash,Dishwash,1,2199.8,0.0,2199.8,351.97,0.16,UPI,Supermarket,Budget Shopper
ORD01316,2025-02-28,CUST0136,Vadodara,Gujarat,West,Personal Care,Personal Care - Shampoo,Shampoo,6,1712.0,0.15,8731.2,1746.24,0.2,Wallet,Supermarket,Budget Shopper
ORD01347,2025-02-28,CUST1166,New Delhi,Delhi,North,Personal Care,Personal Care - Shampoo,Shampoo,3,2230.44,0.02,6557.49,1311.5,0.2,UPI,Supermarket,Premium Shopper
ORD03234,2025-02-28,CUST0075,Jabalpur,Madhya Pradesh,West,Beverages,Beverages - Soft Drink,Soft Drink,5,2130.2,0.05,10118.45,1416.58,0.14,Cash,Supermarket,Regular Shopper
ORD01089,2025-02-28,CUST0560,Mumbai,Maharashtra,West,Clothing,Clothing - Kids Wear,Kids Wear,7,2292.07,0.1,14440.04,3610.01,0.25,UPI,Supermarket,Regular Shopper
ORD01330,2025-03-01,CUST0388,Indore,Madhya Pradesh,West,Clothing,Clothing - Jeans,Jeans,7,418.04,0.02,2867.75,716.94,0.25,Credit Card,Supermarket,Regular Shopper
ORD02054,2025-03-01,CUST0773,Coimbatore,Tamil Nadu,South,Personal Care,Personal Care - Toothpaste,Toothpaste,2,2464.05,0.15,4188.88,837.78,0.2,Wallet,Hypermarket,Budget Shopper
ORD02120,2025-03-01,CUST0211,Chennai,Tamil Nadu,South,Clothing,Clothing - Socks,Socks,6,1947.72,0.05,11102.0,2775.5,0.25,Wallet,Supermarket,Budget Shopper
ORD02799,2025-03-01,CUST1199,Nagpur,Maharashtra,West,Electronics,Electronics - Extension Board,Extension Board,2,2341.09,0.08,4307.61,775.37,0.18,Cash,Supermarket,Regular Shopper
ORD03071,2025-03-02,CUST0651,Chennai,Tamil Nadu,South,Clothing,Clothing - Socks,Socks,7,859.48,0.0,6016.36,1504.09,0.25,Debit Card,Hypermarket,Regular Shopper
ORD01594,2025-03-02,CUST1117,Kolkata,West Bengal,East,Beverages,Beverages - Packaged Water,Packaged Water,4,1080.86,0.0,4323.44,605.28,0.14,Cash,Hypermarket,Budget Shopper
ORD01114,2025-03-02,CUST0761,Warangal,Telangana,South,Home Care,Home Care - Detergent,Detergent,1,1081.38,0.25,811.04,129.77,0.16,UPI,Supermarket,Budget Shopper
ORD03952,2025-03-02,CUST1131,Kolkata,West Bengal,East,Beverages,Beverages - Coffee,Coffee,2,727.18,0.2,1163.49,162.89,0.14,Cash,Supermarket,Budget Shopper
ORD00287,2025-03-02,CUST1126,Madurai,Tamil Nadu,South,Clothing,Clothing - Socks,Socks,1,2102.13,0.02,2060.09,515.02,0.25,Credit Card,Hypermarket,Regular Shopper
ORD01457,2025-03-02,CUST0600,Kolkata,West Bengal,East,Personal Care,Personal Care - Soap,Soap,4,158.91,0.25,476.73,95.35,0.2,UPI,Hypermarket,Budget Shopper
ORD01350,2025-03-03,CUST0223,Warangal,Telangana,South,Grocery,Grocery - Biscuits,Biscuits,7,2034.24,0.1,12815.71,1153.41,0.09,UPI,Supermarket,Premium Shopper
ORD04820,2025-03-03,CUST0147,Jabalpur,Madhya Pradesh,West,Grocery,Grocery - Cooking Oil,Cooking Oil,1,89.21,0.15,75.83,6.82,0.0899,UPI,Hypermarket,Regular Shopper
ORD03977,2025-03-04,CUST0957,Ahmedabad,Gujarat,West,Grocery,Grocery - Cooking Oil,Cooking Oil,4,1246.73,0.05,4737.57,426.38,0.09,Debit Card,Hypermarket,Budget Shopper
ORD00351,2025-03-04,CUST0416,Kanpur,Uttar Pradesh,North,Personal Care,Personal Care - Body Lotion,Body Lotion,1,663.05,0.1,596.74,119.35,0.2,UPI,Supermarket,Regular Shopper
ORD01067,2025-03-04,CUST1071,Kanpur,Uttar Pradesh,North,Electronics,Electronics - Power Bank,Power Bank,4,658.22,0.08,2422.25,436.0,0.18,Debit Card,Supermarket,Regular Shopper
ORD04792,2025-03-04,CUST0929,Hyderabad,Telangana,South,Home Care,Home Care - Dishwash,Dishwash,2,488.81,0.15,830.98,132.96,0.16,Cash,Hypermarket,Regular Shopper
ORD02109,2025-03-04,CUST0342,Jodhpur,Rajasthan,West,Grocery,Grocery - Cooking Oil,Cooking Oil,6,1680.39,0.25,7561.76,680.56,0.09,Credit Card,Hypermarket,Budget Shopper
ORD04783,2025-03-04,CUST1092,Bengaluru,Karnataka,South,Grocery,Grocery - Biscuits,Biscuits,6,2072.3,0.0,12433.8,1119.04,0.09,Cash,Hypermarket,Budget Shopper
ORD03851,2025-03-04,CUST0767,Hyderabad,Telangana,South,Beverages,Beverages - Tea,Tea,2,1965.77,0.02,3852.91,539.41,0.14,Debit Card,Hypermarket,Budget Shopper
ORD01396,2025-03-04,CUST0816,Udaipur,Rajasthan,West,Clothing,Clothing - T-Shirt,T-Shirt,4,749.02,0.1,2696.47,674.12,0.25,UPI,Supermarket,Budget Shopper
ORD04201,2025-03-04,CUST0705,Chennai,Tamil Nadu,South,Clothing,Clothing - Shirt,Shirt,2,2325.24,0.02,4557.47,1139.37,0.25,Cash,Supermarket,Budget Shopper
ORD01963,2025-03-05,CUST0161,Kanpur,Uttar Pradesh,North,Electronics,Electronics - Power Bank,Power Bank,3,670.38,0.15,1709.47,307.7,0.18,Wallet,Supermarket,Budget Shopper
ORD01451,2025-03-05,CUST0503,Warangal,Telangana,South,Clothing,Clothing - Jeans,Jeans,7,742.55,0.1,4678.06,1169.52,0.25,Cash,Hypermarket,Budget Shopper
ORD00836,2025-03-06,CUST0739,Warangal,Telangana,South,Home Care,Home Care - Toilet Cleaner,Toilet Cleaner,7,2344.66,0.1,14771.36,2363.42,0.16,UPI,Supermarket,Regular Shopper
ORD04026,2025-03-06,CUST0124,Chennai,Tamil Nadu,South,Grocery,Grocery - Sugar,Sugar,7,2013.57,0.05,13390.24,1205.12,0.09,Credit Card,Hypermarket,Budget Shopper
ORD00012,2025-03-06,CUST1110,Hyderabad,Telangana,South,Grocery,Grocery - Cooking Oil,Cooking Oil,5,2327.06,0.05,11053.53,994.82,0.09,Wallet,Supermarket,Regular Shopper
ORD03094,2025-03-07,CUST0438,Coimbatore,Tamil Nadu,South,Personal Care,Personal Care - Shampoo,Shampoo,2,555.44,0.08,1022.01,204.4,0.2,Cash,Supermarket,Budget Shopper
ORD00252,2025-03-07,CUST0959,Kolkata,West Bengal,East,Beverages,Beverages - Soft Drink,Soft Drink,2,1709.53,0.2,2735.25,382.93,0.14,Wallet,Supermarket,Regular Shopper
ORD03943,2025-03-07,CUST0651,Coimbatore,Tamil Nadu,South,Personal Care,Personal Care - Soap,Soap,4,2278.65,0.15,7747.41,1549.48,0.2,Wallet,Hypermarket,Premium Shopper
ORD00653,2025-03-07,CUST0991,Kolkata,West Bengal,East,Personal Care,Personal Care - Toothpaste,Toothpaste,1,351.53,0.08,323.41,64.68,0.2,Cash,Supermarket,Budget Shopper
ORD01333,2025-03-07,CUST0061,Udaipur,Rajasthan,West,Home Care,Home Care - Floor Cleaner,Floor Cleaner,1,2153.56,0.1,1938.2,310.11,0.16,Cash,Hypermarket,Budget Shopper
ORD03470,2025-03-08,CUST0769,Mumbai,Maharashtra,West,Beverages,Beverages - Tea,Tea,6,1351.26,0.2,6486.05,908.05,0.14,Wallet,Hypermarket,Regular Shopper
ORD00898,2025-03-08,CUST0991,Nagpur,Maharashtra,West,Grocery,Grocery - Sugar,Sugar,2,1534.97,0.1,2762.95,248.67,0.09,Credit Card,Supermarket,Budget Shopper
ORD02398,2025-03-08,CUST0622,Mysuru,Karnataka,South,Personal Care,Personal Care - Body Lotion,Body Lotion,5,1746.26,0.1,7858.17,1571.63,0.2,Debit Card,Supermarket,Regular Shopper
ORD03933,2025-03-08,CUST1105,Mumbai,Maharashtra,West,Clothing,Clothing - T-Shirt,T-Shirt,4,1738.47,0.05,6606.19,1651.55,0.25,Wallet,Hypermarket,Budget Shopper
ORD02176,2025-03-09,CUST0503,Noida,Uttar Pradesh,North,Electronics,Electronics - LED Bulb,LED Bulb,7,2188.42,0.1,13787.05,2481.67,0.18,UPI,Supermarket,Premium Shopper
ORD02158,2025-03-09,CUST0813,Ahmedabad,Gujarat,West,Clothing,Clothing - Shirt,Shirt,6,1534.81,0.0,9208.86,2302.22,0.25,UPI,Hypermarket,Budget Shopper
ORD00806,2025-03-09,CUST1086,Udaipur,Rajasthan,West,Clothing,Clothing - Jeans,Jeans,4,741.7,0.15,2521.78,630.45,0.25,UPI,Hypermarket,Budget Shopper
ORD03890,2025-03-09,CUST0380,Warangal,Telangana,South,Personal Care,Personal Care - Face Wash,Face Wash,3,302.45,0.1,816.61,163.32,0.2,UPI,Hypermarket,Regular Shopper
ORD02529,2025-03-09,CUST0033,Chennai,Tamil Nadu,South,Beverages,Beverages - Soft Drink,Soft Drink,3,1029.21,0.08,2840.62,397.69,0.14,UPI,Hypermarket,Regular Shopper
ORD00365,2025-03-09,CUST0957,Jabalpur,Madhya Pradesh,West,Electronics,Electronics - Power Bank,Power Bank,5,2011.32,0.15,8548.11,1538.66,0.18,Wallet,Hypermarket,Budget Shopper
ORD04013,2025-03-10,CUST0515,Kolkata,West Bengal,East,Clothing,Clothing - Jeans,Jeans,2,1335.17,0.08,2456.71,614.18,0.25,Cash,Hypermarket,Premium Shopper
ORD04254,2025-03-10,CUST0767,Mangaluru,Karnataka,South,Grocery,Grocery - Rice,Rice,3,1053.2,0.25,2369.7,213.27,0.09,Wallet,Supermarket,Budget Shopper
ORD04475,2025-03-10,CUST0618,Nashik,Maharashtra,West,Electronics,Electronics - Extension Board,Extension Board,2,2435.94,0.15,4141.1,745.4,0.18,Cash,Hypermarket,Regular Shopper
ORD01565,2025-03-10,CUST0177,Lucknow,Uttar Pradesh,North,Grocery,Grocery - Biscuits,Biscuits,7,512.64,0.05,3409.06,306.82,0.09,Wallet,Hypermarket,Regular Shopper
ORD03679,2025-03-10,CUST0724,Madurai,Tamil Nadu,South,Home Care,Home Care - Tissue,Tissue,3,1299.22,0.1,3507.89,561.26,0.16,Credit Card,Hypermarket,Regular Shopper
ORD03045,2025-03-11,CUST0368,Mysuru,Karnataka,South,Personal Care,Personal Care - Soap,Soap,7,714.15,0.05,4749.1,949.82,0.2,Cash,Hypermarket,Budget Shopper
ORD03659,2025-03-11,CUST0034,Mysuru,Karnataka,South,Personal Care,Personal Care - Toothpaste,Toothpaste,2,1480.24,0.2,2368.38,473.68,0.2,Credit Card,Hypermarket,Budget Shopper
ORD04143,2025-03-11,CUST1178,Lucknow,Uttar Pradesh,North,Grocery,Grocery - Rice,Rice,5,1175.06,0.15,4994.0,449.46,0.09,Credit Card,Hypermarket,Regular Shopper
ORD01273,2025-03-12,CUST1130,Kanpur,Uttar Pradesh,North,Electronics,Electronics - Mixer,Mixer,7,1515.27,0.08,9758.34,1756.5,0.18,UPI,Hypermarket,Regular Shopper
ORD00866,2025-03-12,CUST1099,Mumbai,Maharashtra,West,Grocery,Grocery - Wheat Flour,Wheat Flour,2,1799.97,0.1,3239.95,291.6,0.09,UPI,Supermarket,Regular Shopper
ORD01431,2025-03-12,CUST0450,Kolkata,West Bengal,East,Home Care,Home Care - Tissue,Tissue,7,940.33,0.05,6253.19,1000.51,0.16,UPI,Supermarket,Budget Shopper
ORD00335,2025-03-12,CUST0944,Mumbai,Maharashtra,West,Grocery,Grocery - Cooking Oil,Cooking Oil,5,193.81,0.08,891.53,80.24,0.09,Credit Card,Hypermarket,Regular Shopper
ORD01717,2025-03-12,CUST1078,Jabalpur,Madhya Pradesh,West,Grocery,Grocery - Biscuits,Biscuits,7,557.06,0.08,3587.47,322.87,0.09,Cash,Supermarket,Regular Shopper
ORD04250,2025-03-13,CUST0646,Bengaluru,Karnataka,South,Electronics,Electronics - LED Bulb,LED Bulb,1,997.56,0.08,917.76,165.2,0.18,Debit Card,Supermarket,Regular Shopper
ORD02795,2025-03-13,CUST0420,Noida,Uttar Pradesh,North,Grocery,Grocery - Biscuits,Biscuits,4,205.59,0.02,805.91,72.53,0.09,Debit Card,Supermarket,Budget Shopper
ORD03713,2025-03-13,CUST0108,Mysuru,Karnataka,South,Grocery,Grocery - Sugar,Sugar,6,692.34,0.08,3821.72,343.95,0.09,Cash,Hypermarket,Regular Shopper
ORD04149,2025-03-13,CUST1070,Jabalpur,Madhya Pradesh,West,Grocery,Grocery - Rice,Rice,1,2259.18,0.1,2033.26,182.99,0.09,UPI,Hypermarket,Budget Shopper
ORD01239,2025-03-13,CUST0926,Jaipur,Rajasthan,West,Grocery,Grocery - Sugar,Sugar,5,354.37,0.2,1417.48,127.57,0.09,Cash,Supermarket,Regular Shopper
ORD03811,2025-03-13,CUST0190,Thane,Maharashtra,West,Home Care,Home Care - Tissue,Tissue,7,1383.98,0.05,9203.47,1472.56,0.16,Credit Card,Hypermarket,Budget Shopper
ORD00088,2025-03-13,CUST0937,Noida,Uttar Pradesh,North,Clothing,Clothing - Socks,Socks,1,1019.49,0.15,866.57,216.64,0.25,Credit Card,Hypermarket,Budget Shopper
ORD04532,2025-03-14,CUST0080,Kolkata,West Bengal,East,Electronics,Electronics - Power Bank,Power Bank,2,816.37,0.15,1387.83,249.81,0.18,Wallet,Hypermarket,Premium Shopper
ORD04079,2025-03-14,CUST0345,Coimbatore,Tamil Nadu,South,Beverages,Beverages - Tea,Tea,1,1450.43,0.05,1377.91,192.91,0.14,Credit Card,Hypermarket,Budget Shopper
ORD03877,2025-03-14,CUST0771,Chennai,Tamil Nadu,South,Personal Care,Personal Care - Soap,Soap,1,670.3,0.15,569.76,113.95,0.2,Cash,Supermarket,Budget Shopper
ORD01834,2025-03-14,CUST0523,Bhopal,Madhya Pradesh,West,Home Care,Home Care - Floor Cleaner,Floor Cleaner,7,1426.34,0.08,9185.63,1469.7,0.16,UPI,Supermarket,Premium Shopper
ORD03299,2025-03-14,CUST0646,Ahmedabad,Gujarat,West,Clothing,Clothing - Socks,Socks,2,2001.68,0.08,3683.09,920.77,0.25,Debit Card,Supermarket,Regular Shopper
ORD02445,2025-03-14,CUST0637,Kolkata,West Bengal,East,Grocery,Grocery - Rice,Rice,1,1235.71,0.2,988.57,88.97,0.09,Debit Card,Supermarket,Premium Shopper
ORD02815,2025-03-14,CUST0990,Lucknow,Uttar Pradesh,North,Electronics,Electronics - Power Bank,Power Bank,1,2011.29,0.1,1810.16,325.83,0.18,Debit Card,Supermarket,Premium Shopper
ORD03768,2025-03-15,CUST0940,Kanpur,Uttar Pradesh,North,Home Care,Home Care - Floor Cleaner,Floor Cleaner,1,65.0,0.02,63.7,10.19,0.16,Cash,Hypermarket,Regular Shopper
ORD03698,2025-03-15,CUST0186,Chennai,Tamil Nadu,South,Grocery,Grocery - Wheat Flour,Wheat Flour,6,2197.29,0.05,12524.55,1127.21,0.09,UPI,Supermarket,Regular Shopper
ORD04736,2025-03-15,CUST0006,Mysuru,Karnataka,South,Electronics,Electronics - Extension Board,Extension Board,2,1162.48,0.0,2324.96,418.49,0.18,Wallet,Hypermarket,Budget Shopper
ORD03701,2025-03-15,CUST0934,Thane,Maharashtra,West,Clothing,Clothing - Jeans,Jeans,5,409.3,0.05,1944.18,486.05,0.25,UPI,Supermarket,Budget Shopper
ORD01217,2025-03-15,CUST0298,New Delhi,Delhi,North,Electronics,Electronics - LED Bulb,LED Bulb,4,1105.36,0.05,4200.37,756.07,0.18,Debit Card,Hypermarket,Regular Shopper
ORD02473,2025-03-15,CUST0989,Madurai,Tamil Nadu,South,Beverages,Beverages - Coffee,Coffee,3,1012.17,0.05,2884.68,403.86,0.14,Credit Card,Hypermarket,Regular Shopper
ORD04047,2025-03-16,CUST0051,New Delhi,Delhi,North,Beverages,Beverages - Juice,Juice,5,873.28,0.1,3929.76,550.17,0.14,UPI,Hypermarket,Budget Shopper
ORD03856,2025-03-16,CUST1060,Bengaluru,Karnataka,South,Electronics,Electronics - Extension Board,Extension Board,7,784.12,0.02,5379.06,968.23,0.18,Cash,Hypermarket,Regular Shopper
ORD02706,2025-03-16,CUST1087,Nagpur,Maharashtra,West,Grocery,Grocery - Wheat Flour,Wheat Flour,3,142.95,0.08,394.54,35.51,0.09,Cash,Hypermarket,Premium Shopper
ORD00060,2025-03-16,CUST0738,Mangaluru,Karnataka,South,Grocery,Grocery - Sugar,Sugar,2,1535.9,0.08,2826.06,254.35,0.09,Debit Card,Hypermarket,Premium Shopper
ORD04473,2025-03-17,CUST0185,Rajkot,Gujarat,West,Home Care,Home Care - Dishwash,Dishwash,1,174.12,0.05,165.41,26.47,0.16,Credit Card,Hypermarket,Regular Shopper
ORD01447,2025-03-17,CUST0885,Lucknow,Uttar Pradesh,North,Beverages,Beverages - Juice,Juice,1,500.13,0.08,460.12,64.42,0.14,Wallet,Supermarket,Budget Shopper
ORD04560,2025-03-17,CUST0618,Vadodara,Gujarat,West,Beverages,Beverages - Tea,Tea,2,1080.85,0.25,1621.28,226.98,0.14,Wallet,Supermarket,Budget Shopper
ORD00343,2025-03-17,CUST0314,Jaipur,Rajasthan,West,Beverages,Beverages - Juice,Juice,1,610.19,0.02,597.99,83.72,0.14,UPI,Supermarket,Regular Shopper
ORD03624,2025-03-17,CUST0653,Indore,Madhya Pradesh,West,Grocery,Grocery - Cooking Oil,Cooking Oil,4,1324.32,0.1,4767.55,429.08,0.09,Debit Card,Hypermarket,Budget Shopper
ORD04570,2025-03-17,CUST0673,Mysuru,Karnataka,South,Clothing,Clothing - T-Shirt,T-Shirt,2,1617.52,0.02,3170.34,792.58,0.25,Debit Card,Supermarket,Budget Shopper
ORD01528,2025-03-17,CUST1139,New Delhi,Delhi,North,Grocery,Grocery - Rice,Rice,5,1735.78,0.1,7811.01,702.99,0.09,Credit Card,Supermarket,Regular Shopper
ORD03252,2025-03-17,CUST0113,Coimbatore,Tamil Nadu,South,Home Care,Home Care - Dishwash,Dishwash,1,503.13,0.2,402.5,64.4,0.16,Debit Card,Supermarket,Budget Shopper
ORD03180,2025-03-18,CUST0025,Kolkata,West Bengal,East,Clothing,Clothing - Shirt,Shirt,2,1856.62,0.2,2970.59,742.65,0.25,Debit Card,Supermarket,Regular Shopper
ORD01773,2025-03-19,CUST0306,Kolkata,West Bengal,East,Grocery,Grocery - Biscuits,Biscuits,7,1328.43,0.08,8555.09,769.96,0.09,UPI,Supermarket,Premium Shopper
ORD04036,2025-03-19,CUST0659,Kolkata,West Bengal,East,Home Care,Home Care - Detergent,Detergent,3,1548.68,0.08,4274.36,683.9,0.16,UPI,Supermarket,Regular Shopper
ORD04355,2025-03-19,CUST1198,Vadodara,Gujarat,West,Home Care,Home Care - Detergent,Detergent,5,412.02,0.08,1895.29,303.25,0.16,Cash,Supermarket,Premium Shopper
ORD02144,2025-03-19,CUST0381,Jodhpur,Rajasthan,West,Grocery,Grocery - Wheat Flour,Wheat Flour,1,348.0,0.15,295.8,26.62,0.09,Debit Card,Supermarket,Premium Shopper
ORD01423,2025-03-19,CUST0554,Lucknow,Uttar Pradesh,North,Home Care,Home Care - Detergent,Detergent,2,1697.46,0.08,3123.33,499.73,0.16,Cash,Supermarket,Budget Shopper
ORD02692,2025-03-19,CUST0140,Mumbai,Maharashtra,West,Beverages,Beverages - Coffee,Coffee,3,2024.59,0.15,5162.7,722.78,0.14,Wallet,Hypermarket,Regular Shopper
ORD02507,2025-03-19,CUST0394,Udaipur,Rajasthan,West,Beverages,Beverages - Packaged Water,Packaged Water,3,2371.82,0.08,6546.22,916.47,0.14,Credit Card,Supermarket,Budget Shopper
ORD03955,2025-03-19,CUST1102,Coimbatore,Tamil Nadu,South,Electronics,Electronics - Extension Board,Extension Board,1,825.3,0.05,784.04,141.13,0.18,Credit Card,Supermarket,Budget Shopper
ORD01849,2025-03-20,CUST0929,New Delhi,Delhi,North,Grocery,Grocery - Cooking Oil,Cooking Oil,7,955.78,0.08,6155.22,553.97,0.09,Debit Card,Supermarket,Regular Shopper
ORD02150,2025-03-20,CUST0524,Jodhpur,Rajasthan,West,Personal Care,Personal Care - Face Wash,Face Wash,4,2371.72,0.08,8727.93,1745.59,0.2,Debit Card,Hypermarket,Budget Shopper
ORD00432,2025-03-20,CUST0589,Coimbatore,Tamil Nadu,South,Home Care,Home Care - Tissue,Tissue,7,1133.54,0.25,5951.08,952.17,0.16,Debit Card,Supermarket,Regular Shopper
ORD04624,2025-03-21,CUST0093,Noida,Uttar Pradesh,North,Beverages,Beverages - Packaged Water,Packaged Water,6,2403.07,0.15,12255.66,1715.79,0.14,Credit Card,Hypermarket,Premium Shopper
ORD04225,2025-03-21,CUST1199,Coimbatore,Tamil Nadu,South,Beverages,Beverages - Packaged Water,Packaged Water,2,1259.1,0.05,2392.29,334.92,0.14,UPI,Supermarket,Regular Shopper
ORD04696,2025-03-21,CUST0201,Mumbai,Maharashtra,West,Beverages,Beverages - Tea,Tea,1,1819.23,0.15,1546.35,216.49,0.14,Cash,Supermarket,Regular Shopper
ORD00083,2025-03-21,CUST0794,Vadodara,Gujarat,West,Home Care,Home Care - Floor Cleaner,Floor Cleaner,4,1513.61,0.05,5751.72,920.28,0.16,Credit Card,Supermarket,Regular Shopper
ORD02677,2025-03-22,CUST0258,Jaipur,Rajasthan,West,Electronics,Electronics - Power Bank,Power Bank,7,805.65,0.08,5188.39,933.91,0.18,Wallet,Hypermarket,Budget Shopper
ORD02406,2025-03-23,CUST0958,Kolkata,West Bengal,East,Clothing,Clothing - T-Shirt,T-Shirt,5,1865.65,0.1,8395.43,2098.86,0.25,UPI,Hypermarket,Regular Shopper
ORD02831,2025-03-23,CUST0962,Madurai,Tamil Nadu,South,Personal Care,Personal Care - Soap,Soap,4,1832.46,0.1,6596.86,1319.37,0.2,UPI,Hypermarket,Budget Shopper
ORD04585,2025-03-23,CUST0887,Chennai,Tamil Nadu,South,Grocery,Grocery - Biscuits,Biscuits,1,469.86,0.15,399.38,35.94,0.09,Credit Card,Supermarket,Budget Shopper
ORD01296,2025-03-23,CUST0690,Hyderabad,Telangana,South,Home Care,Home Care - Detergent,Detergent,3,889.73,0.08,2455.65,392.9,0.16,Debit Card,Supermarket,Budget Shopper
ORD03102,2025-03-24,CUST0982,Coimbatore,Tamil Nadu,South,Clothing,Clothing - T-Shirt,T-Shirt,3,465.5,0.0,1396.5,349.12,0.25,UPI,Hypermarket,Regular Shopper
ORD02059,2025-03-24,CUST0869,Udaipur,Rajasthan,West,Clothing,Clothing - Kids Wear,Kids Wear,4,1851.93,0.1,6666.95,1666.74,0.25,Credit Card,Hypermarket,Regular Shopper
ORD00113,2025-03-24,CUST1063,Rajkot,Gujarat,West,Electronics,Electronics - Power Bank,Power Bank,6,902.75,0.02,5308.17,955.47,0.18,Wallet,Supermarket,Regular Shopper
ORD02899,2025-03-24,CUST0309,Noida,Uttar Pradesh,North,Beverages,Beverages - Packaged Water,Packaged Water,2,966.68,0.1,1740.02,243.6,0.14,Wallet,Hypermarket,Regular Shopper
ORD03029,2025-03-25,CUST0066,Udaipur,Rajasthan,West,Home Care,Home Care - Toilet Cleaner,Toilet Cleaner,6,1289.3,0.08,7116.94,1138.71,0.16,Wallet,Supermarket,Budget Shopper
ORD01989,2025-03-25,CUST0199,Madurai,Tamil Nadu,South,Grocery,Grocery - Biscuits,Biscuits,4,1855.29,0.02,7272.74,654.55,0.09,Wallet,Supermarket,Regular Shopper
ORD02069,2025-03-25,CUST0045,Kolkata,West Bengal,East,Clothing,Clothing - T-Shirt,T-Shirt,1,744.54,0.15,632.86,158.22,0.25,Cash,Supermarket,Budget Shopper
ORD01915,2025-03-25,CUST1185,Kanpur,Uttar Pradesh,North,Grocery,Grocery - Wheat Flour,Wheat Flour,6,1712.08,0.08,9450.68,850.56,0.09,Credit Card,Supermarket,Premium Shopper
ORD02086,2025-03-25,CUST0459,Jaipur,Rajasthan,West,Beverages,Beverages - Tea,Tea,5,1617.8,0.1,7280.1,1019.21,0.14,Cash,Hypermarket,Budget Shopper
ORD04633,2025-03-26,CUST1166,Kolkata,West Bengal,East,Clothing,Clothing - Socks,Socks,7,1917.76,0.08,12350.37,3087.59,0.25,Credit Card,Supermarket,Budget Shopper
ORD04227,2025-03-26,CUST0277,New Delhi,Delhi,North,Home Care,Home Care - Floor Cleaner,Floor Cleaner,5,1004.36,0.1,4519.62,723.14,0.16,Credit Card,Supermarket,Regular Shopper
ORD02470,2025-03-26,CUST1101,New Delhi,Delhi,North,Clothing,Clothing - Socks,Socks,1,1194.72,0.02,1170.83,292.71,0.25,Wallet,Supermarket,Premium Shopper
ORD01986,2025-03-26,CUST0041,Mangaluru,Karnataka,South,Clothing,Clothing - Kids Wear,Kids Wear,5,2207.78,0.08,10155.79,2538.95,0.25,Wallet,Supermarket,Premium Shopper
ORD03704,2025-03-26,CUST0199,Indore,Madhya Pradesh,West,Beverages,Beverages - Coffee,Coffee,2,968.82,0.15,1646.99,230.58,0.14,UPI,Hypermarket,Regular Shopper
ORD04822,2025-03-26,CUST0113,Hyderabad,Telangana,South,Personal Care,Personal Care - Body Lotion,Body Lotion,7,1936.7,0.2,10845.52,2169.1,0.2,Debit Card,Supermarket,Budget Shopper
ORD02601,2025-03-27,CUST0214,Chennai,Tamil Nadu,South,Clothing,Clothing - Shirt,Shirt,5,1683.21,0.25,6312.04,1578.01,0.25,Cash,Supermarket,Regular Shopper
ORD02618,2025-03-27,CUST0982,New Delhi,Delhi,North,Grocery,Grocery - Rice,Rice,1,2029.19,0.1,1826.27,164.36,0.09,Cash,Hypermarket,Budget Shopper
ORD01647,2025-03-27,CUST0379,Kanpur,Uttar Pradesh,North,Clothing,Clothing - Shirt,Shirt,4,609.33,0.0,2437.32,609.33,0.25,Wallet,Hypermarket,Budget Shopper
ORD00076,2025-03-27,CUST1119,New Delhi,Delhi,North,Home Care,Home Care - Floor Cleaner,Floor Cleaner,4,2132.79,0.25,6398.37,1023.74,0.16,Wallet,Supermarket,Premium Shopper
ORD04404,2025-03-28,CUST0577,Nagpur,Maharashtra,West,Personal Care,Personal Care - Body Lotion,Body Lotion,3,1271.37,0.05,3623.4,724.68,0.2,Credit Card,Hypermarket,Regular Shopper
ORD04269,2025-03-28,CUST0679,Coimbatore,Tamil Nadu,South,Electronics,Electronics - LED Bulb,LED Bulb,1,1419.82,0.08,1306.23,235.12,0.18,Cash,Hypermarket,Regular Shopper
ORD02856,2025-03-28,CUST0465,New Delhi,Delhi,North,Electronics,Electronics - Extension Board,Extension Board,3,518.73,0.1,1400.57,252.1,0.18,Wallet,Hypermarket,Regular Shopper
ORD01418,2025-03-28,CUST0586,Rajkot,Gujarat,West,Electronics,Electronics - LED Bulb,LED Bulb,5,1739.66,0.2,6958.64,1252.56,0.18,Debit Card,Hypermarket,Budget Shopper
ORD02050,2025-03-28,CUST0427,Kolkata,West Bengal,East,Grocery,Grocery - Rice,Rice,3,694.73,0.05,1979.98,178.2,0.09,Debit Card,Hypermarket,Budget Shopper
ORD03627,2025-03-28,CUST0409,Hyderabad,Telangana,South,Beverages,Beverages - Packaged Water,Packaged Water,6,829.61,0.15,4231.01,592.34,0.14,Credit Card,Supermarket,Regular Shopper
ORD01030,2025-03-28,CUST0847,Bhopal,Madhya Pradesh,West,Personal Care,Personal Care - Shampoo,Shampoo,4,95.61,0.05,363.32,72.66,0.2,Credit Card,Supermarket,Regular Shopper
ORD04299,2025-03-28,CUST0696,Kolkata,West Bengal,East,Grocery,Grocery - Cooking Oil,Cooking Oil,7,1664.4,0.08,10718.74,964.69,0.09,UPI,Hypermarket,Budget Shopper
ORD04466,2025-03-28,CUST1017,Hyderabad,Telangana,South,Home Care,Home Care - Dishwash,Dishwash,5,2335.42,0.05,11093.24,1774.92,0.16,Cash,Supermarket,Regular Shopper
ORD03697,2025-03-29,CUST0520,Warangal,Telangana,South,Grocery,Grocery - Cooking Oil,Cooking Oil,2,1779.67,0.15,3025.44,272.29,0.09,Cash,Supermarket,Premium Shopper
ORD02734,2025-03-29,CUST0953,Jabalpur,Madhya Pradesh,West,Beverages,Beverages - Packaged Water,Packaged Water,3,169.75,0.2,407.4,57.04,0.14,Wallet,Hypermarket,Budget Shopper
ORD03647,2025-03-29,CUST0063,Hyderabad,Telangana,South,Home Care,Home Care - Floor Cleaner,Floor Cleaner,3,227.03,0.05,647.04,103.53,0.16,Cash,Hypermarket,Regular Shopper
ORD02768,2025-03-29,CUST0928,Chennai,Tamil Nadu,South,Personal Care,Personal Care - Body Lotion,Body Lotion,7,1617.13,0.15,9621.92,1924.38,0.2,Wallet,Supermarket,Regular Shopper
ORD04477,2025-03-29,CUST0267,Indore,Madhya Pradesh,West,Personal Care,Personal Care - Face Wash,Face Wash,1,60.1,0.15,51.08,10.22,0.2001,Debit Card,Supermarket,Regular Shopper
ORD00771,2025-03-29,CUST0677,Udaipur,Rajasthan,West,Personal Care,Personal Care - Shampoo,Shampoo,6,1185.14,0.2,5688.67,1137.73,0.2,Credit Card,Hypermarket,Regular Shopper
ORD01908,2025-03-29,CUST0097,Warangal,Telangana,South,Grocery,Grocery - Rice,Rice,1,575.7,0.2,460.56,41.45,0.09,Cash,Hypermarket,Budget Shopper
ORD03601,2025-03-30,CUST0779,Warangal,Telangana,South,Beverages,Beverages - Packaged Water,Packaged Water,4,907.45,0.08,3339.42,467.52,0.14,Wallet,Supermarket,Budget Shopper
ORD03940,2025-03-31,CUST0027,Coimbatore,Tamil Nadu,South,Grocery,Grocery - Sugar,Sugar,6,229.83,0.05,1310.03,117.9,0.09,Wallet,Hypermarket,Regular Shopper
ORD01219,2025-03-31,CUST0915,Noida,Uttar Pradesh,North,Electronics,Electronics - LED Bulb,LED Bulb,7,457.69,0.25,2402.87,432.52,0.18,Cash,Hypermarket,Regular Shopper
ORD00330,2025-03-31,CUST0266,Hyderabad,Telangana,South,Grocery,Grocery - Rice,Rice,6,2364.05,0.2,11347.44,1021.27,0.09,Wallet,Hypermarket,Regular Shopper
ORD02169,2025-03-31,CUST0271,Kolkata,West Bengal,East,Personal Care,Personal Care - Face Wash,Face Wash,5,308.56,0.15,1311.38,262.28,0.2,Wallet,Hypermarket,Budget Shopper
ORD01471,2025-03-31,CUST0087,Nagpur,Maharashtra,West,Grocery,Grocery - Biscuits,Biscuits,1,177.36,0.08,163.17,14.69,0.09,Credit Card,Supermarket,Premium Shopper
ORD03149,2025-04-01,CUST0037,Kolkata,West Bengal,East,Home Care,Home Care - Dishwash,Dishwash,4,1782.71,0.15,6061.21,969.79,0.16,Debit Card,Supermarket,Budget Shopper
ORD02533,2025-04-01,CUST1153,Mangaluru,Karnataka,South,Clothing,Clothing - T-Shirt,T-Shirt,2,380.0,0.05,722.0,180.5,0.25,Wallet,Supermarket,Premium Shopper
ORD04927,2025-04-01,CUST1091,Rajkot,Gujarat,West,Grocery,Grocery - Cooking Oil,Cooking Oil,1,896.87,0.1,807.18,72.65,0.09,Credit Card,Supermarket,Budget Shopper
ORD03921,2025-04-01,CUST0126,Thane,Maharashtra,West,Grocery,Grocery - Rice,Rice,1,571.73,0.25,428.8,38.59,0.09,UPI,Supermarket,Regular Shopper
ORD03372,2025-04-02,CUST0028,Hyderabad,Telangana,South,Grocery,Grocery - Rice,Rice,7,456.14,0.02,3129.12,281.62,0.09,Debit Card,Supermarket,Regular Shopper
ORD04401,2025-04-02,CUST0011,Udaipur,Rajasthan,West,Personal Care,Personal Care - Face Wash,Face Wash,2,1762.4,0.02,3454.3,690.86,0.2,Cash,Hypermarket,Budget Shopper
ORD01903,2025-04-02,CUST0401,Lucknow,Uttar Pradesh,North,Beverages,Beverages - Coffee,Coffee,6,2027.42,0.0,12164.52,1703.03,0.14,Credit Card,Hypermarket,Regular Shopper
ORD04303,2025-04-02,CUST0137,Pune,Maharashtra,West,Home Care,Home Care - Tissue,Tissue,5,1572.46,0.1,7076.07,1132.17,0.16,Wallet,Hypermarket,Premium Shopper
ORD01714,2025-04-02,CUST0323,Madurai,Tamil Nadu,South,Electronics,Electronics - Earphones,Earphones,2,595.19,0.0,1190.38,214.27,0.18,Wallet,Hypermarket,Regular Shopper
ORD03403,2025-04-02,CUST0948,Surat,Gujarat,West,Electronics,Electronics - Mixer,Mixer,1,825.08,0.08,759.07,136.63,0.18,Debit Card,Supermarket,Budget Shopper
ORD01887,2025-04-02,CUST1118,Udaipur,Rajasthan,West,Personal Care,Personal Care - Face Wash,Face Wash,5,1599.86,0.02,7839.31,1567.86,0.2,Wallet,Supermarket,Regular Shopper
ORD02147,2025-04-03,CUST1199,Madurai,Tamil Nadu,South,Personal Care,Personal Care - Toothpaste,Toothpaste,6,324.89,0.08,1793.39,358.68,0.2,Wallet,Supermarket,Regular Shopper
ORD03212,2025-04-03,CUST0664,Lucknow,Uttar Pradesh,North,Electronics,Electronics - Extension Board,Extension Board,3,1443.52,0.05,4114.03,740.53,0.18,Wallet,Supermarket,Budget Shopper
ORD01939,2025-04-03,CUST0350,Jabalpur,Madhya Pradesh,West,Electronics,Electronics - Earphones,Earphones,1,2432.66,0.0,2432.66,437.88,0.18,Cash,Supermarket,Regular Shopper
ORD01669,2025-04-03,CUST0354,Kolkata,West Bengal,East,Personal Care,Personal Care - Face Wash,Face Wash,2,226.32,0.0,452.64,90.53,0.2,Debit Card,Supermarket,Regular Shopper
ORD01671,2025-04-03,CUST0882,Mysuru,Karnataka,South,Grocery,Grocery - Biscuits,Biscuits,2,1777.33,0.1,3199.19,287.93,0.09,UPI,Hypermarket,Regular Shopper
ORD04807,2025-04-03,CUST0005,New Delhi,Delhi,North,Electronics,Electronics - LED Bulb,LED Bulb,5,290.57,0.1,1307.56,235.36,0.18,Wallet,Hypermarket,Regular Shopper
ORD02971,2025-04-04,CUST0367,Vadodara,Gujarat,West,Clothing,Clothing - Socks,Socks,3,457.83,0.1,1236.14,309.04,0.25,Wallet,Supermarket,Budget Shopper
ORD01048,2025-04-04,CUST0290,New Delhi,Delhi,North,Clothing,Clothing - Shirt,Shirt,3,495.61,0.08,1367.88,341.97,0.25,Credit Card,Supermarket,Budget Shopper
ORD02729,2025-04-05,CUST1055,Surat,Gujarat,West,Personal Care,Personal Care - Body Lotion,Body Lotion,5,718.31,0.2,2873.24,574.65,0.2,Credit Card,Supermarket,Budget Shopper
ORD03559,2025-04-05,CUST1167,New Delhi,Delhi,North,Electronics,Electronics - Power Bank,Power Bank,7,2223.02,0.02,15249.92,2744.99,0.18,Credit Card,Hypermarket,Premium Shopper
ORD01420,2025-04-05,CUST0206,Vadodara,Gujarat,West,Grocery,Grocery - Wheat Flour,Wheat Flour,1,1644.77,0.08,1513.19,136.19,0.09,Credit Card,Hypermarket,Regular Shopper
ORD02579,2025-04-05,CUST0491,Madurai,Tamil Nadu,South,Grocery,Grocery - Biscuits,Biscuits,7,85.74,0.02,588.18,52.94,0.09,Credit Card,Supermarket,Budget Shopper
ORD03543,2025-04-05,CUST0184,Hyderabad,Telangana,South,Grocery,Grocery - Biscuits,Biscuits,3,777.17,0.0,2331.51,209.84,0.09,Debit Card,Hypermarket,Regular Shopper
ORD02635,2025-04-05,CUST0708,Lucknow,Uttar Pradesh,North,Clothing,Clothing - Jeans,Jeans,5,1447.0,0.15,6149.75,1537.44,0.25,Wallet,Hypermarket,Regular Shopper
ORD00736,2025-04-06,CUST0456,Lucknow,Uttar Pradesh,North,Home Care,Home Care - Dishwash,Dishwash,2,1109.31,0.05,2107.69,337.23,0.16,Credit Card,Supermarket,Budget Shopper
ORD04237,2025-04-06,CUST0228,Thane,Maharashtra,West,Beverages,Beverages - Tea,Tea,6,1765.45,0.08,9745.28,1364.34,0.14,UPI,Supermarket,Regular Shopper
ORD00957,2025-04-06,CUST0095,Thane,Maharashtra,West,Personal Care,Personal Care - Shampoo,Shampoo,1,1553.43,0.02,1522.36,304.47,0.2,UPI,Supermarket,Regular Shopper
ORD01483,2025-04-06,CUST1082,New Delhi,Delhi,North,Home Care,Home Care - Tissue,Tissue,3,1560.39,0.05,4447.11,711.54,0.16,Wallet,Hypermarket,Regular Shopper
ORD01977,2025-04-06,CUST0045,Hyderabad,Telangana,South,Personal Care,Personal Care - Toothpaste,Toothpaste,4,1661.29,0.08,6113.55,1222.71,0.2,Credit Card,Hypermarket,Budget Shopper
ORD03354,2025-04-06,CUST1115,New Delhi,Delhi,North,Beverages,Beverages - Juice,Juice,6,825.09,0.0,4950.54,693.08,0.14,Debit Card,Supermarket,Regular Shopper
ORD04899,2025-04-06,CUST0938,Indore,Madhya Pradesh,West,Home Care,Home Care - Toilet Cleaner,Toilet Cleaner,2,2093.31,0.15,3558.63,569.38,0.16,Debit Card,Supermarket,Regular Shopper
ORD04173,2025-04-07,CUST0407,Indore,Madhya Pradesh,West,Grocery,Grocery - Cooking Oil,Cooking Oil,7,2105.59,0.08,13560.0,1220.4,0.09,Credit Card,Hypermarket,Budget Shopper
ORD00226,2025-04-07,CUST0554,Jaipur,Rajasthan,West,Beverages,Beverages - Juice,Juice,4,1751.91,0.02,6867.49,961.45,0.14,Debit Card,Hypermarket,Premium Shopper
ORD00381,2025-04-07,CUST1136,New Delhi,Delhi,North,Beverages,Beverages - Tea,Tea,1,1240.07,0.08,1140.86,159.72,0.14,Credit Card,Hypermarket,Regular Shopper
ORD01798,2025-04-07,CUST1105,Jabalpur,Madhya Pradesh,West,Grocery,Grocery - Cooking Oil,Cooking Oil,4,1304.86,0.0,5219.44,469.75,0.09,Wallet,Supermarket,Regular Shopper
ORD04604,2025-04-07,CUST1180,Bhopal,Madhya Pradesh,West,Grocery,Grocery - Biscuits,Biscuits,2,2338.3,0.05,4442.77,399.85,0.09,Credit Card,Hypermarket,Budget Shopper
ORD00469,2025-04-07,CUST0009,New Delhi,Delhi,North,Personal Care,Personal Care - Body Lotion,Body Lotion,5,674.94,0.0,3374.7,674.94,0.2,Credit Card,Hypermarket,Premium Shopper
ORD00173,2025-04-07,CUST0561,Indore,Madhya Pradesh,West,Home Care,Home Care - Tissue,Tissue,5,206.33,0.0,1031.65,165.06,0.16,Wallet,Supermarket,Premium Shopper
ORD02414,2025-04-07,CUST0421,New Delhi,Delhi,North,Home Care,Home Care - Tissue,Tissue,2,831.62,0.2,1330.59,212.89,0.16,Debit Card,Supermarket,Regular Shopper
ORD03587,2025-04-08,CUST0908,Jaipur,Rajasthan,West,Beverages,Beverages - Packaged Water,Packaged Water,2,876.73,0.08,1613.18,225.85,0.14,Wallet,Supermarket,Budget Shopper
ORD02209,2025-04-08,CUST0846,Ahmedabad,Gujarat,West,Personal Care,Personal Care - Body Lotion,Body Lotion,1,1237.6,0.15,1051.96,210.39,0.2,UPI,Hypermarket,Regular Shopper
ORD02046,2025-04-08,CUST0031,Coimbatore,Tamil Nadu,South,Home Care,Home Care - Dishwash,Dishwash,6,1409.25,0.0,8455.5,1352.88,0.16,Credit Card,Hypermarket,Premium Shopper
ORD04583,2025-04-08,CUST1200,Bhopal,Madhya Pradesh,West,Grocery,Grocery - Sugar,Sugar,2,1757.18,0.15,2987.21,268.85,0.09,Debit Card,Hypermarket,Regular Shopper
ORD03316,2025-04-08,CUST0741,Warangal,Telangana,South,Home Care,Home Care - Floor Cleaner,Floor Cleaner,3,1503.28,0.15,3833.36,613.34,0.16,UPI,Hypermarket,Regular Shopper
ORD02104,2025-04-08,CUST0010,Bhopal,Madhya Pradesh,West,Grocery,Grocery - Cooking Oil,Cooking Oil,4,955.51,0.08,3516.28,316.47,0.09,Wallet,Hypermarket,Regular Shopper
ORD03884,2025-04-08,CUST0234,Jabalpur,Madhya Pradesh,West,Grocery,Grocery - Sugar,Sugar,3,867.31,0.05,2471.83,222.46,0.09,Debit Card,Hypermarket,Budget Shopper
ORD00033,2025-04-09,CUST0117,Kolkata,West Bengal,East,Grocery,Grocery - Biscuits,Biscuits,1,2096.51,0.1,1886.86,169.82,0.09,UPI,Supermarket,Premium Shopper
ORD02237,2025-04-09,CUST0973,Kolkata,West Bengal,East,Personal Care,Personal Care - Shampoo,Shampoo,2,1412.95,0.08,2599.83,519.97,0.2,Cash,Supermarket,Regular Shopper
ORD00510,2025-04-10,CUST0982,New Delhi,Delhi,North,Personal Care,Personal Care - Toothpaste,Toothpaste,4,191.11,0.08,703.28,140.66,0.2,Wallet,Supermarket,Premium Shopper
ORD01938,2025-04-10,CUST0315,Nagpur,Maharashtra,West,Grocery,Grocery - Rice,Rice,6,378.37,0.08,2088.6,187.97,0.09,Credit Card,Supermarket,Budget Shopper
ORD00864,2025-04-10,CUST1056,Indore,Madhya Pradesh,West,Grocery,Grocery - Rice,Rice,5,1745.2,0.15,7417.1,667.54,0.09,Debit Card,Supermarket,Budget Shopper
ORD01738,2025-04-10,CUST0970,New Delhi,Delhi,North,Clothing,Clothing - Kids Wear,Kids Wear,4,1522.66,0.08,5603.39,1400.85,0.25,UPI,Hypermarket,Regular Shopper
ORD00816,2025-04-10,CUST0437,Indore,Madhya Pradesh,West,Grocery,Grocery - Cooking Oil,Cooking Oil,6,2224.99,0.08,12281.94,1105.37,0.09,Cash,Hypermarket,Budget Shopper
ORD04122,2025-04-10,CUST0632,New Delhi,Delhi,North,Personal Care,Personal Care - Body Lotion,Body Lotion,2,1850.3,0.0,3700.6,740.12,0.2,UPI,Hypermarket,Budget Shopper
ORD00087,2025-04-10,CUST1025,Kolkata,West Bengal,East,Clothing,Clothing - T-Shirt,T-Shirt,3,806.15,0.1,2176.6,544.15,0.25,Wallet,Hypermarket,Budget Shopper
ORD01086,2025-04-11,CUST1052,New Delhi,Delhi,North,Clothing,Clothing - T-Shirt,T-Shirt,1,2484.01,0.08,2285.29,571.32,0.25,UPI,Supermarket,Regular Shopper
ORD02439,2025-04-11,CUST0312,Mysuru,Karnataka,South,Grocery,Grocery - Biscuits,Biscuits,1,1881.52,0.08,1731.0,155.79,0.09,UPI,Hypermarket,Budget Shopper
ORD01382,2025-04-11,CUST0178,New Delhi,Delhi,North,Personal Care,Personal Care - Face Wash,Face Wash,3,743.33,0.1,2006.99,401.4,0.2,Cash,Supermarket,Regular Shopper
ORD02575,2025-04-11,CUST0590,Mysuru,Karnataka,South,Beverages,Beverages - Packaged Water,Packaged Water,7,1953.16,0.08,12578.35,1760.97,0.14,Debit Card,Hypermarket,Regular Shopper
ORD02382,2025-04-11,CUST1081,Kolkata,West Bengal,East,Clothing,Clothing - T-Shirt,T-Shirt,4,2040.43,0.1,7345.55,1836.39,0.25,Credit Card,Hypermarket,Premium Shopper
ORD04253,2025-04-11,CUST0767,Jabalpur,Madhya Pradesh,West,Grocery,Grocery - Biscuits,Biscuits,6,1543.72,0.05,8799.2,791.93,0.09,Debit Card,Hypermarket,Premium Shopper
ORD01394,2025-04-11,CUST0265,Nashik,Maharashtra,West,Personal Care,Personal Care - Face Wash,Face Wash,5,942.97,0.2,3771.88,754.38,0.2,UPI,Hypermarket,Regular Shopper
ORD02783,2025-04-11,CUST0676,Nashik,Maharashtra,West,Grocery,Grocery - Cooking Oil,Cooking Oil,4,1359.31,0.02,5328.5,479.56,0.09,UPI,Hypermarket,Budget Shopper
ORD02075,2025-04-12,CUST0402,New Delhi,Delhi,North,Personal Care,Personal Care - Face Wash,Face Wash,6,166.73,0.08,920.35,184.07,0.2,Wallet,Supermarket,Budget Shopper
ORD00970,2025-04-12,CUST0522,Indore,Madhya Pradesh,West,Home Care,Home Care - Toilet Cleaner,Toilet Cleaner,5,397.4,0.25,1490.25,238.44,0.16,Credit Card,Supermarket,Regular Shopper
ORD00294,2025-04-12,CUST0491,Hyderabad,Telangana,South,Grocery,Grocery - Cooking Oil,Cooking Oil,4,889.17,0.05,3378.85,304.1,0.09,Cash,Hypermarket,Premium Shopper
ORD01096,2025-04-12,CUST0946,Chennai,Tamil Nadu,South,Personal Care,Personal Care - Shampoo,Shampoo,4,683.91,0.08,2516.79,503.36,0.2,Debit Card,Hypermarket,Regular Shopper
ORD00433,2025-04-13,CUST0288,Bengaluru,Karnataka,South,Personal Care,Personal Care - Toothpaste,Toothpaste,2,1108.53,0.08,2039.7,407.94,0.2,Cash,Supermarket,Regular Shopper
ORD00870,2025-04-13,CUST0228,Kolkata,West Bengal,East,Grocery,Grocery - Wheat Flour,Wheat Flour,2,1581.58,0.08,2910.11,261.91,0.09,Debit Card,Supermarket,Regular Shopper
ORD01225,2025-04-14,CUST0760,New Delhi,Delhi,North,Home Care,Home Care - Detergent,Detergent,2,1007.35,0.02,1974.41,315.91,0.16,UPI,Hypermarket,Budget Shopper
ORD04081,2025-04-14,CUST0655,Madurai,Tamil Nadu,South,Personal Care,Personal Care - Face Wash,Face Wash,4,2215.23,0.02,8683.7,1736.74,0.2,UPI,Supermarket,Regular Shopper
ORD02173,2025-04-14,CUST0828,Ahmedabad,Gujarat,West,Personal Care,Personal Care - Face Wash,Face Wash,6,923.82,0.15,4711.48,942.3,0.2,UPI,Hypermarket,Regular Shopper
ORD01833,2025-04-14,CUST0547,Bengaluru,Karnataka,South,Grocery,Grocery - Wheat Flour,Wheat Flour,5,584.24,0.05,2775.14,249.76,0.09,Cash,Hypermarket,Budget Shopper
ORD02988,2025-04-14,CUST0140,Warangal,Telangana,South,Home Care,Home Care - Toilet Cleaner,Toilet Cleaner,2,856.42,0.08,1575.81,252.13,0.16,Debit Card,Supermarket,Regular Shopper
ORD03317,2025-04-14,CUST0990,Coimbatore,Tamil Nadu,South,Home Care,Home Care - Tissue,Tissue,1,1513.95,0.2,1211.16,193.79,0.16,Credit Card,Hypermarket,Budget Shopper
ORD01500,2025-04-14,CUST0542,Kolkata,West Bengal,East,Home Care,Home Care - Detergent,Detergent,2,1529.91,0.08,2815.03,450.4,0.16,UPI,Hypermarket,Premium Shopper
ORD00873,2025-04-15,CUST0443,Coimbatore,Tamil Nadu,South,Beverages,Beverages - Packaged Water,Packaged Water,5,1554.69,0.08,7151.57,1001.22,0.14,Credit Card,Supermarket,Budget Shopper
ORD03821,2025-04-15,CUST0492,Kolkata,West Bengal,East,Electronics,Electronics - Earphones,Earphones,7,1282.11,0.25,6731.08,1211.59,0.18,Wallet,Supermarket,Budget Shopper
ORD04997,2025-04-15,CUST0733,Warangal,Telangana,South,Grocery,Grocery - Biscuits,Biscuits,1,517.87,0.08,476.44,42.88,0.09,UPI,Supermarket,Budget Shopper
ORD02683,2025-04-16,CUST0634,Jaipur,Rajasthan,West,Grocery,Grocery - Cooking Oil,Cooking Oil,1,1208.26,0.25,906.2,81.56,0.09,UPI,Hypermarket,Budget Shopper
ORD01155,2025-04-16,CUST0576,Hyderabad,Telangana,South,Home Care,Home Care - Tissue,Tissue,1,1779.88,0.02,1744.28,279.08,0.16,UPI,Supermarket,Budget Shopper
ORD00554,2025-04-16,CUST0524,Kolkata,West Bengal,East,Clothing,Clothing - T-Shirt,T-Shirt,6,2286.55,0.1,12347.37,3086.84,0.25,Debit Card,Hypermarket,Premium Shopper
ORD04089,2025-04-16,CUST0909,Kolkata,West Bengal,East,Beverages,Beverages - Tea,Tea,5,2439.97,0.08,11223.86,1571.34,0.14,UPI,Supermarket,Premium Shopper
ORD02738,2025-04-17,CUST0427,Mumbai,Maharashtra,West,Home Care,Home Care - Toilet Cleaner,Toilet Cleaner,5,1295.36,0.05,6152.96,984.47,0.16,Credit Card,Supermarket,Regular Shopper
ORD03408,2025-04-17,CUST0382,Hyderabad,Telangana,South,Personal Care,Personal Care - Body Lotion,Body Lotion,2,2122.62,0.1,3820.72,764.14,0.2,UPI,Hypermarket,Budget Shopper
ORD00362,2025-04-17,CUST0887,Bhopal,Madhya Pradesh,West,Home Care,Home Care - Toilet Cleaner,Toilet Cleaner,2,1975.3,0.1,3555.54,568.89,0.16,Cash,Hypermarket,Budget Shopper
ORD02394,2025-04-18,CUST1170,Udaipur,Rajasthan,West,Electronics,Electronics - LED Bulb,LED Bulb,4,1531.9,0.0,6127.6,1102.97,0.18,UPI,Hypermarket,Budget Shopper
ORD02991,2025-04-18,CUST0794,Mysuru,Karnataka,South,Beverages,Beverages - Juice,Juice,5,888.99,0.08,4089.35,572.51,0.14,Credit Card,Hypermarket,Premium Shopper
ORD02047,2025-04-18,CUST0068,Vadodara,Gujarat,West,Personal Care,Personal Care - Shampoo,Shampoo,2,2458.87,0.05,4671.85,934.37,0.2,Debit Card,Supermarket,Premium Shopper
ORD03848,2025-04-18,CUST1059,Vadodara,Gujarat,West,Personal Care,Personal Care - Shampoo,Shampoo,4,935.61,0.25,2806.83,561.37,0.2,Wallet,Supermarket,Regular Shopper
ORD01655,2025-04-19,CUST0457,Indore,Madhya Pradesh,West,Grocery,Grocery - Wheat Flour,Wheat Flour,2,93.64,0.2,149.82,13.48,0.09,Cash,Supermarket,Regular Shopper
ORD01241,2025-04-19,CUST0150,New Delhi,Delhi,North,Personal Care,Personal Care - Body Lotion,Body Lotion,5,1219.67,0.15,5183.6,1036.72,0.2,Cash,Hypermarket,Regular Shopper
ORD02777,2025-04-19,CUST0992,Coimbatore,Tamil Nadu,South,Clothing,Clothing - Shirt,Shirt,3,2086.67,0.2,5008.01,1252.0,0.25,Credit Card,Supermarket,Regular Shopper
ORD03923,2025-04-19,CUST0012,New Delhi,Delhi,North,Grocery,Grocery - Sugar,Sugar,6,2304.11,0.05,13133.43,1182.01,0.09,Wallet,Hypermarket,Regular Shopper
ORD03447,2025-04-19,CUST0316,Kolkata,West Bengal,East,Beverages,Beverages - Juice,Juice,4,472.43,0.05,1795.23,251.33,0.14,UPI,Supermarket,Regular Shopper
ORD02155,2025-04-19,CUST0756,Hyderabad,Telangana,South,Electronics,Electronics - Extension Board,Extension Board,6,467.66,0.1,2525.36,454.56,0.18,Debit Card,Supermarket,Budget Shopper
ORD03318,2025-04-20,CUST0069,Kolkata,West Bengal,East,Beverages,Beverages - Tea,Tea,7,1608.45,0.08,10358.42,1450.18,0.14,Wallet,Hypermarket,Regular Shopper
ORD04909,2025-04-20,CUST1149,Lucknow,Uttar Pradesh,North,Beverages,Beverages - Soft Drink,Soft Drink,7,2087.76,0.05,13883.6,1943.7,0.14,UPI,Supermarket,Premium Shopper
ORD01693,2025-04-21,CUST0657,Bengaluru,Karnataka,South,Grocery,Grocery - Biscuits,Biscuits,6,2059.28,0.08,11367.23,1023.05,0.09,Credit Card,Hypermarket,Budget Shopper
ORD00827,2025-04-21,CUST0822,Lucknow,Uttar Pradesh,North,Beverages,Beverages - Coffee,Coffee,5,218.05,0.02,1068.44,149.58,0.14,Credit Card,Supermarket,Budget Shopper
ORD02068,2025-04-21,CUST0262,Kolkata,West Bengal,East,Electronics,Electronics - LED Bulb,LED Bulb,3,356.24,0.0,1068.72,192.37,0.18,Credit Card,Hypermarket,Premium Shopper
ORD02784,2025-04-21,CUST0618,Chennai,Tamil Nadu,South,Grocery,Grocery - Biscuits,Biscuits,3,1774.73,0.05,5057.98,455.22,0.09,UPI,Hypermarket,Budget Shopper
ORD02961,2025-04-21,CUST1051,Kolkata,West Bengal,East,Grocery,Grocery - Biscuits,Biscuits,6,1488.89,0.08,8218.67,739.68,0.09,Wallet,Supermarket,Regular Shopper
ORD00734,2025-04-22,CUST0477,Nagpur,Maharashtra,West,Clothing,Clothing - T-Shirt,T-Shirt,1,1849.28,0.2,1479.42,369.86,0.25,Credit Card,Supermarket,Premium Shopper
ORD00657,2025-04-22,CUST0883,Warangal,Telangana,South,Electronics,Electronics - Power Bank,Power Bank,2,1199.45,0.02,2350.92,423.17,0.18,Wallet,Hypermarket,Regular Shopper
ORD02557,2025-04-22,CUST0194,Surat,Gujarat,West,Beverages,Beverages - Juice,Juice,5,1914.43,0.15,8136.33,1139.09,0.14,Credit Card,Supermarket,Budget Shopper
ORD00497,2025-04-22,CUST1147,Jabalpur,Madhya Pradesh,West,Beverages,Beverages - Soft Drink,Soft Drink,1,1704.55,0.05,1619.32,226.7,0.14,Cash,Hypermarket,Regular Shopper
ORD00544,2025-04-22,CUST0025,Noida,Uttar Pradesh,North,Grocery,Grocery - Wheat Flour,Wheat Flour,1,1988.16,0.0,1988.16,178.93,0.09,Wallet,Hypermarket,Budget Shopper
ORD04878,2025-04-22,CUST0249,Bhopal,Madhya Pradesh,West,Clothing,Clothing - Socks,Socks,1,1736.17,0.1,1562.55,390.64,0.25,Wallet,Hypermarket,Regular Shopper
ORD00983,2025-04-22,CUST1197,Kolkata,West Bengal,East,Clothing,Clothing - Kids Wear,Kids Wear,7,1654.03,0.1,10420.39,2605.1,0.25,UPI,Supermarket,Budget Shopper
ORD01163,2025-04-23,CUST1159,New Delhi,Delhi,North,Beverages,Beverages - Juice,Juice,5,1871.07,0.05,8887.58,1244.26,0.14,Debit Card,Hypermarket,Regular Shopper
ORD01278,2025-04-23,CUST0982,Kolkata,West Bengal,East,Beverages,Beverages - Juice,Juice,1,357.19,0.05,339.33,47.51,0.14,Cash,Supermarket,Regular Shopper
ORD04222,2025-04-23,CUST0804,Ahmedabad,Gujarat,West,Beverages,Beverages - Juice,Juice,5,1466.27,0.02,7184.72,1005.86,0.14,Debit Card,Supermarket,Premium Shopper
ORD02167,2025-04-23,CUST0691,New Delhi,Delhi,North,Home Care,Home Care - Tissue,Tissue,7,1451.07,0.1,9141.74,1462.68,0.16,Credit Card,Supermarket,Regular Shopper
ORD03518,2025-04-23,CUST0162,Bengaluru,Karnataka,South,Clothing,Clothing - Shirt,Shirt,6,1801.57,0.2,8647.54,2161.89,0.25,Cash,Hypermarket,Budget Shopper
ORD03040,2025-04-23,CUST0732,Nashik,Maharashtra,West,Grocery,Grocery - Wheat Flour,Wheat Flour,1,469.16,0.1,422.24,38.0,0.09,UPI,Supermarket,Regular Shopper
ORD02489,2025-04-23,CUST0529,Mumbai,Maharashtra,West,Home Care,Home Care - Detergent,Detergent,7,857.3,0.05,5701.04,912.17,0.16,Debit Card,Supermarket,Regular Shopper
ORD04596,2025-04-23,CUST0905,Jabalpur,Madhya Pradesh,West,Electronics,Electronics - Earphones,Earphones,2,2322.33,0.08,4273.09,769.16,0.18,Debit Card,Hypermarket,Regular Shopper
ORD01319,2025-04-24,CUST0031,New Delhi,Delhi,North,Personal Care,Personal Care - Toothpaste,Toothpaste,5,1662.94,0.15,7067.5,1413.5,0.2,UPI,Hypermarket,Premium Shopper
ORD03682,2025-04-24,CUST0829,Kolkata,West Bengal,East,Grocery,Grocery - Biscuits,Biscuits,4,1653.25,0.1,5951.7,535.65,0.09,Credit Card,Hypermarket,Regular Shopper
ORD00742,2025-04-24,CUST0106,Lucknow,Uttar Pradesh,North,Home Care,Home Care - Dishwash,Dishwash,2,1298.51,0.02,2545.08,407.21,0.16,Debit Card,Hypermarket,Regular Shopper
ORD00175,2025-04-24,CUST0453,Vadodara,Gujarat,West,Personal Care,Personal Care - Face Wash,Face Wash,7,1602.0,0.05,10653.3,2130.66,0.2,Credit Card,Supermarket,Budget Shopper
ORD03929,2025-04-24,CUST0411,Nagpur,Maharashtra,West,Personal Care,Personal Care - Soap,Soap,4,514.68,0.05,1955.78,391.16,0.2,Credit Card,Hypermarket,Regular Shopper
ORD03823,2025-04-25,CUST0388,Mangaluru,Karnataka,South,Home Care,Home Care - Tissue,Tissue,5,2031.73,0.15,8634.85,1381.58,0.16,UPI,Supermarket,Budget Shopper
ORD01399,2025-04-25,CUST0732,Ahmedabad,Gujarat,West,Home Care,Home Care - Detergent,Detergent,5,915.98,0.15,3892.91,622.87,0.16,Debit Card,Hypermarket,Budget Shopper
ORD01993,2025-04-25,CUST1133,Jabalpur,Madhya Pradesh,West,Personal Care,Personal Care - Soap,Soap,2,1583.44,0.08,2913.53,582.71,0.2,Credit Card,Supermarket,Budget Shopper
ORD02913,2025-04-25,CUST0570,Bengaluru,Karnataka,South,Beverages,Beverages - Juice,Juice,1,1624.27,0.25,1218.2,170.55,0.14,Debit Card,Supermarket,Budget Shopper
ORD01013,2025-04-25,CUST0703,Coimbatore,Tamil Nadu,South,Grocery,Grocery - Wheat Flour,Wheat Flour,6,210.99,0.08,1164.66,104.82,0.09,Cash,Hypermarket,Regular Shopper
ORD00256,2025-04-26,CUST1196,Rajkot,Gujarat,West,Clothing,Clothing - Kids Wear,Kids Wear,7,1908.0,0.05,12688.2,3172.05,0.25,Credit Card,Hypermarket,Regular Shopper
ORD04823,2025-04-26,CUST0447,Nashik,Maharashtra,West,Clothing,Clothing - Shirt,Shirt,2,1641.03,0.08,3019.5,754.88,0.25,Wallet,Hypermarket,Premium Shopper
ORD03063,2025-04-26,CUST0263,Lucknow,Uttar Pradesh,North,Personal Care,Personal Care - Soap,Soap,4,447.88,0.08,1648.2,329.64,0.2,Cash,Supermarket,Budget Shopper
ORD04449,2025-04-26,CUST0701,Madurai,Tamil Nadu,South,Grocery,Grocery - Sugar,Sugar,4,2429.29,0.02,9522.82,857.05,0.09,Wallet,Supermarket,Regular Shopper
ORD00724,2025-04-26,CUST0757,Kolkata,West Bengal,East,Electronics,Electronics - Mixer,Mixer,4,690.18,0.02,2705.51,486.99,0.18,Cash,Supermarket,Regular Shopper
ORD01622,2025-04-26,CUST0169,Coimbatore,Tamil Nadu,South,Grocery,Grocery - Wheat Flour,Wheat Flour,5,1632.25,0.05,7753.19,697.79,0.09,Cash,Hypermarket,Regular Shopper
ORD04497,2025-04-26,CUST0433,Kanpur,Uttar Pradesh,North,Beverages,Beverages - Coffee,Coffee,6,1842.67,0.05,10503.22,1470.45,0.14,Debit Card,Hypermarket,Premium Shopper
ORD01331,2025-04-26,CUST1060,Madurai,Tamil Nadu,South,Beverages,Beverages - Coffee,Coffee,4,1191.07,0.15,4049.64,566.95,0.14,Debit Card,Supermarket,Budget Shopper
ORD01126,2025-04-26,CUST1097,Jaipur,Rajasthan,West,Personal Care,Personal Care - Body Lotion,Body Lotion,1,1631.49,0.05,1549.92,309.98,0.2,UPI,Supermarket,Premium Shopper
ORD01268,2025-04-26,CUST0335,Pune,Maharashtra,West,Grocery,Grocery - Wheat Flour,Wheat Flour,7,1335.8,0.0,9350.6,841.55,0.09,Cash,Hypermarket,Regular Shopper
ORD03732,2025-04-27,CUST0470,Nagpur,Maharashtra,West,Personal Care,Personal Care - Soap,Soap,4,704.0,0.05,2675.2,535.04,0.2,Debit Card,Supermarket,Budget Shopper
ORD02063,2025-04-27,CUST0430,Noida,Uttar Pradesh,North,Grocery,Grocery - Biscuits,Biscuits,5,1146.45,0.08,5273.67,474.63,0.09,UPI,Supermarket,Budget Shopper
ORD00603,2025-04-27,CUST1117,Coimbatore,Tamil Nadu,South,Electronics,Electronics - Earphones,Earphones,6,1332.6,0.05,7595.82,1367.25,0.18,Wallet,Hypermarket,Regular Shopper
ORD04731,2025-04-27,CUST0047,Hyderabad,Telangana,South,Grocery,Grocery - Cooking Oil,Cooking Oil,7,1914.27,0.0,13399.89,1205.99,0.09,Cash,Hypermarket,Regular Shopper
ORD03295,2025-04-27,CUST0477,Thane,Maharashtra,West,Grocery,Grocery - Biscuits,Biscuits,6,1703.74,0.1,9200.2,828.02,0.09,Cash,Hypermarket,Regular Shopper
ORD01569,2025-04-27,CUST0929,Jodhpur,Rajasthan,West,Beverages,Beverages - Tea,Tea,3,2299.02,0.08,6345.3,888.34,0.14,Credit Card,Supermarket,Premium Shopper
ORD04116,2025-04-27,CUST0863,Kolkata,West Bengal,East,Beverages,Beverages - Soft Drink,Soft Drink,7,134.88,0.02,925.28,129.54,0.14,UPI,Supermarket,Regular Shopper
ORD04616,2025-04-28,CUST0830,Coimbatore,Tamil Nadu,South,Grocery,Grocery - Biscuits,Biscuits,1,303.17,0.1,272.85,24.56,0.09,Cash,Hypermarket,Premium Shopper
ORD01374,2025-04-28,CUST0859,Jabalpur,Madhya Pradesh,West,Personal Care,Personal Care - Toothpaste,Toothpaste,6,575.01,0.2,2760.05,552.01,0.2,Wallet,Hypermarket,Regular Shopper
ORD03947,2025-04-28,CUST0210,Mumbai,Maharashtra,West,Home Care,Home Care - Floor Cleaner,Floor Cleaner,4,1233.37,0.2,3946.78,631.48,0.16,Credit Card,Hypermarket,Budget Shopper
ORD04262,2025-04-28,CUST0749,Kolkata,West Bengal,East,Home Care,Home Care - Floor Cleaner,Floor Cleaner,2,2180.92,0.02,4274.6,683.94,0.16,UPI,Hypermarket,Budget Shopper
ORD00931,2025-04-28,CUST1180,Jodhpur,Rajasthan,West,Grocery,Grocery - Wheat Flour,Wheat Flour,5,1352.96,0.2,5411.84,487.07,0.09,Wallet,Hypermarket,Premium Shopper
ORD03746,2025-04-29,CUST0191,Surat,Gujarat,West,Beverages,Beverages - Tea,Tea,1,1215.13,0.05,1154.37,161.61,0.14,Credit Card,Hypermarket,Premium Shopper
ORD02453,2025-04-29,CUST0171,Kolkata,West Bengal,East,Grocery,Grocery - Biscuits,Biscuits,5,524.6,0.08,2413.16,217.18,0.09,UPI,Hypermarket,Budget Shopper
ORD02447,2025-04-30,CUST0544,Kolkata,West Bengal,East,Electronics,Electronics - Power Bank,Power Bank,6,765.68,0.08,4226.55,760.78,0.18,Wallet,Hypermarket,Premium Shopper
ORD02578,2025-04-30,CUST0517,Kanpur,Uttar Pradesh,North,Grocery,Grocery - Sugar,Sugar,1,2060.32,0.05,1957.3,176.16,0.09,Wallet,Supermarket,Regular Shopper
ORD00939,2025-04-30,CUST1199,Kanpur,Uttar Pradesh,North,Personal Care,Personal Care - Shampoo,Shampoo,5,1539.88,0.05,7314.43,1462.89,0.2,UPI,Supermarket,Regular Shopper
ORD00591,2025-05-01,CUST0214,Udaipur,Rajasthan,West,Home Care,Home Care - Dishwash,Dishwash,4,320.36,0.0,1281.44,205.03,0.16,Wallet,Hypermarket,Regular Shopper
ORD01070,2025-05-01,CUST0792,Vadodara,Gujarat,West,Beverages,Beverages - Tea,Tea,6,1676.23,0.2,8045.9,1126.43,0.14,Debit Card,Supermarket,Regular Shopper
ORD04324,2025-05-01,CUST1137,New Delhi,Delhi,North,Clothing,Clothing - Kids Wear,Kids Wear,3,1089.52,0.25,2451.42,612.86,0.25,Debit Card,Hypermarket,Premium Shopper
ORD00246,2025-05-01,CUST0749,Nagpur,Maharashtra,West,Grocery,Grocery - Cooking Oil,Cooking Oil,5,549.2,0.08,2526.32,227.37,0.09,UPI,Supermarket,Budget Shopper
ORD03184,2025-05-01,CUST0788,Chennai,Tamil Nadu,South,Beverages,Beverages - Soft Drink,Soft Drink,6,1019.71,0.0,6118.26,856.56,0.14,Wallet,Hypermarket,Budget Shopper
ORD01536,2025-05-02,CUST0204,Nagpur,Maharashtra,West,Electronics,Electronics - Mixer,Mixer,3,94.22,0.2,226.13,40.7,0.18,Debit Card,Hypermarket,Regular Shopper
ORD04267,2025-05-02,CUST0926,Bengaluru,Karnataka,South,Grocery,Grocery - Biscuits,Biscuits,5,919.65,0.1,4138.42,372.46,0.09,UPI,Supermarket,Premium Shopper
ORD02615,2025-05-02,CUST0437,Bhopal,Madhya Pradesh,West,Home Care,Home Care - Toilet Cleaner,Toilet Cleaner,1,1434.19,0.15,1219.06,195.05,0.16,Debit Card,Supermarket,Budget Shopper
ORD02863,2025-05-02,CUST0788,Jodhpur,Rajasthan,West,Beverages,Beverages - Coffee,Coffee,2,500.27,0.02,980.53,137.27,0.14,Credit Card,Supermarket,Budget Shopper
ORD03623,2025-05-02,CUST1071,New Delhi,Delhi,North,Beverages,Beverages - Coffee,Coffee,7,723.21,0.08,4657.47,652.05,0.14,Credit Card,Supermarket,Premium Shopper
ORD04891,2025-05-03,CUST0040,Warangal,Telangana,South,Beverages,Beverages - Juice,Juice,5,553.87,0.2,2215.48,310.17,0.14,Debit Card,Supermarket,Budget Shopper
ORD00449,2025-05-03,CUST0877,Noida,Uttar Pradesh,North,Beverages,Beverages - Packaged Water,Packaged Water,4,612.05,0.08,2252.34,315.33,0.14,Credit Card,Supermarket,Budget Shopper
ORD04777,2025-05-03,CUST0718,Lucknow,Uttar Pradesh,North,Clothing,Clothing - Socks,Socks,3,566.81,0.05,1615.41,403.85,0.25,Cash,Supermarket,Budget Shopper
ORD01424,2025-05-03,CUST0872,Mangaluru,Karnataka,South,Beverages,Beverages - Juice,Juice,5,1169.92,0.05,5557.12,778.0,0.14,Credit Card,Hypermarket,Budget Shopper
ORD01450,2025-05-03,CUST0462,Mysuru,Karnataka,South,Grocery,Grocery - Biscuits,Biscuits,4,817.73,0.08,3009.25,270.83,0.09,UPI,Supermarket,Budget Shopper
ORD01138,2025-05-03,CUST0512,Jodhpur,Rajasthan,West,Home Care,Home Care - Toilet Cleaner,Toilet Cleaner,4,1332.0,0.08,4901.76,784.28,0.16,Wallet,Supermarket,Budget Shopper
ORD01369,2025-05-04,CUST0114,Jabalpur,Madhya Pradesh,West,Personal Care,Personal Care - Body Lotion,Body Lotion,1,772.56,0.08,710.76,142.15,0.2,Debit Card,Supermarket,Budget Shopper
ORD03530,2025-05-04,CUST0304,New Delhi,Delhi,North,Grocery,Grocery - Sugar,Sugar,7,2389.49,0.08,15388.32,1384.95,0.09,UPI,Hypermarket,Budget Shopper
ORD02891,2025-05-04,CUST0926,Madurai,Tamil Nadu,South,Beverages,Beverages - Coffee,Coffee,3,909.92,0.1,2456.78,343.95,0.14,Debit Card,Hypermarket,Regular Shopper
ORD03338,2025-05-04,CUST0079,Nashik,Maharashtra,West,Beverages,Beverages - Soft Drink,Soft Drink,6,2101.9,0.02,12359.17,1730.28,0.14,Cash,Supermarket,Regular Shopper
ORD04339,2025-05-04,CUST0836,Ahmedabad,Gujarat,West,Clothing,Clothing - Socks,Socks,1,85.94,0.15,73.05,18.26,0.25,Debit Card,Supermarket,Premium Shopper
ORD00446,2025-05-04,CUST0940,Madurai,Tamil Nadu,South,Grocery,Grocery - Rice,Rice,7,239.35,0.25,1256.59,113.09,0.09,Debit Card,Hypermarket,Budget Shopper
ORD01695,2025-05-05,CUST0418,Kolkata,West Bengal,East,Grocery,Grocery - Rice,Rice,6,1989.76,0.02,11699.79,1052.98,0.09,Cash,Hypermarket,Regular Shopper
ORD00662,2025-05-05,CUST0850,Nagpur,Maharashtra,West,Grocery,Grocery - Cooking Oil,Cooking Oil,6,1755.68,0.15,8953.97,805.86,0.09,Debit Card,Supermarket,Budget Shopper
ORD03145,2025-05-05,CUST0970,Jaipur,Rajasthan,West,Home Care,Home Care - Dishwash,Dishwash,2,141.92,0.02,278.16,44.51,0.16,Cash,Supermarket,Regular Shopper
ORD01297,2025-05-05,CUST0615,Indore,Madhya Pradesh,West,Personal Care,Personal Care - Toothpaste,Toothpaste,4,1314.19,0.05,4993.92,998.78,0.2,Wallet,Hypermarket,Regular Shopper
ORD00396,2025-05-05,CUST0139,Indore,Madhya Pradesh,West,Beverages,Beverages - Tea,Tea,3,114.06,0.05,325.07,45.51,0.14,Debit Card,Hypermarket,Budget Shopper
ORD01856,2025-05-06,CUST0874,Madurai,Tamil Nadu,South,Electronics,Electronics - Extension Board,Extension Board,1,74.42,0.1,66.98,12.06,0.1801,Wallet,Hypermarket,Budget Shopper
ORD02786,2025-05-07,CUST1181,Vadodara,Gujarat,West,Beverages,Beverages - Soft Drink,Soft Drink,5,973.74,0.08,4479.2,627.09,0.14,Debit Card,Supermarket,Premium Shopper
ORD00829,2025-05-07,CUST1161,New Delhi,Delhi,North,Grocery,Grocery - Cooking Oil,Cooking Oil,7,880.26,0.1,5545.64,499.11,0.09,Wallet,Supermarket,Budget Shopper
ORD03272,2025-05-07,CUST1065,Bhopal,Madhya Pradesh,West,Grocery,Grocery - Rice,Rice,3,1427.56,0.05,4068.55,366.17,0.09,Debit Card,Supermarket,Budget Shopper
ORD00942,2025-05-07,CUST1168,Bhopal,Madhya Pradesh,West,Beverages,Beverages - Packaged Water,Packaged Water,6,313.22,0.15,1597.42,223.64,0.14,Cash,Hypermarket,Budget Shopper
ORD02819,2025-05-08,CUST0383,Bengaluru,Karnataka,South,Grocery,Grocery - Biscuits,Biscuits,1,475.79,0.02,466.27,41.96,0.09,Credit Card,Supermarket,Regular Shopper
ORD04652,2025-05-08,CUST0795,Kolkata,West Bengal,East,Clothing,Clothing - Shirt,Shirt,7,1533.22,0.02,10517.89,2629.47,0.25,Wallet,Hypermarket,Budget Shopper
ORD02904,2025-05-08,CUST0610,Chennai,Tamil Nadu,South,Grocery,Grocery - Biscuits,Biscuits,4,836.9,0.2,2678.08,241.03,0.09,UPI,Supermarket,Premium Shopper
ORD00818,2025-05-08,CUST0039,Lucknow,Uttar Pradesh,North,Beverages,Beverages - Packaged Water,Packaged Water,1,1241.97,0.08,1142.61,159.97,0.14,Debit Card,Hypermarket,Regular Shopper
ORD04439,2025-05-09,CUST0600,New Delhi,Delhi,North,Grocery,Grocery - Sugar,Sugar,1,1628.41,0.05,1546.99,139.23,0.09,Cash,Supermarket,Budget Shopper
ORD02478,2025-05-09,CUST0320,Kolkata,West Bengal,East,Beverages,Beverages - Juice,Juice,4,1509.96,0.08,5556.65,777.93,0.14,Wallet,Supermarket,Premium Shopper
ORD03549,2025-05-09,CUST0807,Bhopal,Madhya Pradesh,West,Grocery,Grocery - Cooking Oil,Cooking Oil,5,2184.52,0.02,10704.15,963.37,0.09,Debit Card,Supermarket,Regular Shopper
ORD04217,2025-05-09,CUST0659,Pune,Maharashtra,West,Beverages,Beverages - Soft Drink,Soft Drink,6,1592.23,0.08,8789.11,1230.48,0.14,Credit Card,Supermarket,Regular Shopper
ORD02243,2025-05-09,CUST1150,Kolkata,West Bengal,East,Home Care,Home Care - Toilet Cleaner,Toilet Cleaner,5,1819.15,0.05,8640.96,1382.55,0.16,Wallet,Hypermarket,Premium Shopper
ORD03700,2025-05-09,CUST0079,Jodhpur,Rajasthan,West,Beverages,Beverages - Tea,Tea,7,181.92,0.05,1209.77,169.37,0.14,Wallet,Supermarket,Regular Shopper
ORD02201,2025-05-10,CUST0270,Kanpur,Uttar Pradesh,North,Home Care,Home Care - Tissue,Tissue,1,1738.46,0.05,1651.54,264.25,0.16,Debit Card,Supermarket,Budget Shopper
ORD00279,2025-05-10,CUST1018,Lucknow,Uttar Pradesh,North,Beverages,Beverages - Soft Drink,Soft Drink,6,155.26,0.1,838.4,117.38,0.14,Credit Card,Supermarket,Budget Shopper
ORD00406,2025-05-10,CUST0870,Jaipur,Rajasthan,West,Grocery,Grocery - Biscuits,Biscuits,3,596.64,0.1,1610.93,144.98,0.09,UPI,Supermarket,Budget Shopper
ORD01590,2025-05-10,CUST0053,Nagpur,Maharashtra,West,Beverages,Beverages - Packaged Water,Packaged Water,3,752.71,0.0,2258.13,316.14,0.14,Credit Card,Hypermarket,Budget Shopper
ORD01512,2025-05-11,CUST0877,Mumbai,Maharashtra,West,Personal Care,Personal Care - Soap,Soap,6,950.12,0.0,5700.72,1140.14,0.2,Cash,Hypermarket,Budget Shopper
ORD04723,2025-05-11,CUST0666,Vadodara,Gujarat,West,Home Care,Home Care - Detergent,Detergent,6,148.23,0.02,871.59,139.45,0.16,Cash,Hypermarket,Budget Shopper
ORD00740,2025-05-11,CUST0702,Hyderabad,Telangana,South,Clothing,Clothing - T-Shirt,T-Shirt,5,1063.53,0.0,5317.65,1329.41,0.25,Cash,Hypermarket,Regular Shopper
ORD02040,2025-05-11,CUST1028,Jaipur,Rajasthan,West,Personal Care,Personal Care - Face Wash,Face Wash,2,203.77,0.05,387.16,77.43,0.2,Cash,Hypermarket,Budget Shopper
ORD02975,2025-05-12,CUST0878,Bhopal,Madhya Pradesh,West,Home Care,Home Care - Dishwash,Dishwash,1,1963.19,0.15,1668.71,266.99,0.16,UPI,Hypermarket,Premium Shopper
ORD01817,2025-05-12,CUST1056,New Delhi,Delhi,North,Grocery,Grocery - Sugar,Sugar,5,1204.66,0.0,6023.3,542.1,0.09,Credit Card,Supermarket,Regular Shopper
ORD01393,2025-05-12,CUST1161,Kolkata,West Bengal,East,Grocery,Grocery - Rice,Rice,3,680.57,0.08,1878.37,169.05,0.09,Cash,Supermarket,Regular Shopper
ORD01287,2025-05-12,CUST0480,Jabalpur,Madhya Pradesh,West,Home Care,Home Care - Dishwash,Dishwash,3,1141.81,0.05,3254.16,520.67,0.16,UPI,Supermarket,Budget Shopper
ORD01631,2025-05-13,CUST0043,Indore,Madhya Pradesh,West,Personal Care,Personal Care - Toothpaste,Toothpaste,4,1401.47,0.08,5157.41,1031.48,0.2,Cash,Supermarket,Regular Shopper
ORD02281,2025-05-13,CUST0671,Hyderabad,Telangana,South,Personal Care,Personal Care - Body Lotion,Body Lotion,5,1299.52,0.2,5198.08,1039.62,0.2,Cash,Supermarket,Budget Shopper
ORD03510,2025-05-13,CUST0369,Mangaluru,Karnataka,South,Personal Care,Personal Care - Face Wash,Face Wash,4,2243.97,0.05,8527.09,1705.42,0.2,Wallet,Supermarket,Budget Shopper
ORD00559,2025-05-13,CUST1191,Hyderabad,Telangana,South,Beverages,Beverages - Soft Drink,Soft Drink,3,912.8,0.0,2738.4,383.38,0.14,Debit Card,Supermarket,Premium Shopper
ORD03207,2025-05-13,CUST0613,Mangaluru,Karnataka,South,Clothing,Clothing - Socks,Socks,1,2290.76,0.25,1718.07,429.52,0.25,Debit Card,Supermarket,Premium Shopper
ORD02620,2025-05-14,CUST0717,Mysuru,Karnataka,South,Beverages,Beverages - Coffee,Coffee,7,1613.99,0.2,9038.34,1265.37,0.14,Cash,Supermarket,Regular Shopper
ORD02987,2025-05-14,CUST0286,Jabalpur,Madhya Pradesh,West,Home Care,Home Care - Floor Cleaner,Floor Cleaner,1,2474.99,0.08,2276.99,364.32,0.16,UPI,Hypermarket,Regular Shopper
ORD01899,2025-05-14,CUST0134,Jodhpur,Rajasthan,West,Home Care,Home Care - Toilet Cleaner,Toilet Cleaner,6,96.8,0.05,551.76,88.28,0.16,Debit Card,Hypermarket,Premium Shopper
ORD01607,2025-05-14,CUST0632,Mysuru,Karnataka,South,Personal Care,Personal Care - Face Wash,Face Wash,1,1788.29,0.1,1609.46,321.89,0.2,UPI,Hypermarket,Regular Shopper
ORD00106,2025-05-15,CUST0102,Mysuru,Karnataka,South,Clothing,Clothing - Kids Wear,Kids Wear,5,293.61,0.02,1438.69,359.67,0.25,Debit Card,Hypermarket,Budget Shopper
ORD03755,2025-05-15,CUST0616,Rajkot,Gujarat,West,Home Care,Home Care - Dishwash,Dishwash,1,1136.48,0.05,1079.66,172.75,0.16,Debit Card,Hypermarket,Budget Shopper
ORD04930,2025-05-15,CUST0644,New Delhi,Delhi,North,Grocery,Grocery - Rice,Rice,5,852.82,0.08,3922.97,353.07,0.09,Credit Card,Hypermarket,Budget Shopper
ORD04623,2025-05-15,CUST0261,Coimbatore,Tamil Nadu,South,Grocery,Grocery - Cooking Oil,Cooking Oil,5,806.36,0.08,3709.26,333.83,0.09,Wallet,Supermarket,Regular Shopper
ORD01959,2025-05-15,CUST0759,Kolkata,West Bengal,East,Personal Care,Personal Care - Face Wash,Face Wash,1,933.92,0.05,887.22,177.44,0.2,Credit Card,Supermarket,Budget Shopper
ORD02442,2025-05-15,CUST0148,Kolkata,West Bengal,East,Beverages,Beverages - Packaged Water,Packaged Water,2,491.76,0.15,835.99,117.04,0.14,UPI,Hypermarket,Budget Shopper
ORD03238,2025-05-15,CUST0803,Jabalpur,Madhya Pradesh,West,Grocery,Grocery - Wheat Flour,Wheat Flour,3,1169.18,0.15,2981.41,268.33,0.09,UPI,Supermarket,Budget Shopper
ORD02598,2025-05-15,CUST1115,Indore,Madhya Pradesh,West,Grocery,Grocery - Wheat Flour,Wheat Flour,1,271.71,0.05,258.12,23.23,0.09,Cash,Supermarket,Budget Shopper
ORD02929,2025-05-16,CUST0232,Indore,Madhya Pradesh,West,Clothing,Clothing - T-Shirt,T-Shirt,7,1398.6,0.1,8811.18,2202.8,0.25,Credit Card,Supermarket,Regular Shopper
ORD02517,2025-05-16,CUST0868,Mangaluru,Karnataka,South,Home Care,Home Care - Dishwash,Dishwash,7,1146.57,0.1,7223.39,1155.74,0.16,Credit Card,Supermarket,Budget Shopper
ORD01609,2025-05-16,CUST0139,Kolkata,West Bengal,East,Beverages,Beverages - Soft Drink,Soft Drink,2,1830.28,0.1,3294.5,461.23,0.14,Debit Card,Supermarket,Budget Shopper
ORD04273,2025-05-16,CUST0895,Kolkata,West Bengal,East,Home Care,Home Care - Tissue,Tissue,4,437.69,0.08,1610.7,257.71,0.16,Wallet,Supermarket,Budget Shopper
ORD01222,2025-05-16,CUST0363,New Delhi,Delhi,North,Home Care,Home Care - Detergent,Detergent,5,1904.33,0.05,9045.57,1447.29,0.16,Wallet,Supermarket,Budget Shopper
ORD01638,2025-05-17,CUST0400,Chennai,Tamil Nadu,South,Beverages,Beverages - Tea,Tea,1,601.67,0.15,511.42,71.6,0.14,Cash,Hypermarket,Regular Shopper
ORD01254,2025-05-17,CUST0290,Rajkot,Gujarat,West,Beverages,Beverages - Juice,Juice,4,79.1,0.1,284.76,39.87,0.14,Debit Card,Hypermarket,Budget Shopper
ORD01460,2025-05-17,CUST0984,Coimbatore,Tamil Nadu,South,Beverages,Beverages - Soft Drink,Soft Drink,4,1410.09,0.08,5189.13,726.48,0.14,Debit Card,Hypermarket,Regular Shopper
ORD02874,2025-05-17,CUST0624,Jaipur,Rajasthan,West,Clothing,Clothing - Jeans,Jeans,3,1878.42,0.08,5184.44,1296.11,0.25,Cash,Supermarket,Budget Shopper
ORD00837,2025-05-18,CUST0325,Chennai,Tamil Nadu,South,Home Care,Home Care - Toilet Cleaner,Toilet Cleaner,4,2477.15,0.15,8422.31,1347.57,0.16,Cash,Hypermarket,Budget Shopper
ORD02396,2025-05-18,CUST0846,Kanpur,Uttar Pradesh,North,Grocery,Grocery - Biscuits,Biscuits,5,1639.42,0.1,7377.39,663.97,0.09,Credit Card,Hypermarket,Budget Shopper
ORD00585,2025-05-18,CUST0324,New Delhi,Delhi,North,Electronics,Electronics - Power Bank,Power Bank,6,207.37,0.05,1182.01,212.76,0.18,Cash,Hypermarket,Regular Shopper
ORD00610,2025-05-18,CUST0161,Udaipur,Rajasthan,West,Grocery,Grocery - Rice,Rice,2,2370.36,0.2,3792.58,341.33,0.09,Cash,Supermarket,Regular Shopper
ORD04784,2025-05-19,CUST0517,Coimbatore,Tamil Nadu,South,Personal Care,Personal Care - Soap,Soap,6,1196.92,0.05,6822.44,1364.49,0.2,UPI,Hypermarket,Budget Shopper
ORD01046,2025-05-19,CUST0196,Vadodara,Gujarat,West,Clothing,Clothing - Shirt,Shirt,2,702.95,0.0,1405.9,351.47,0.25,UPI,Supermarket,Regular Shopper
ORD00944,2025-05-19,CUST0160,Kolkata,West Bengal,East,Clothing,Clothing - T-Shirt,T-Shirt,4,1583.79,0.05,6018.4,1504.6,0.25,Credit Card,Supermarket,Regular Shopper
ORD03760,2025-05-19,CUST0362,Pune,Maharashtra,West,Grocery,Grocery - Cooking Oil,Cooking Oil,6,84.69,0.2,406.51,36.59,0.09,Cash,Hypermarket,Premium Shopper
ORD04836,2025-05-19,CUST0082,Kanpur,Uttar Pradesh,North,Beverages,Beverages - Packaged Water,Packaged Water,5,548.69,0.15,2331.93,326.47,0.14,Wallet,Hypermarket,Budget Shopper
ORD02612,2025-05-19,CUST0446,Jaipur,Rajasthan,West,Grocery,Grocery - Rice,Rice,4,115.4,0.2,369.28,33.24,0.09,Wallet,Supermarket,Regular Shopper
ORD04249,2025-05-20,CUST0272,Jaipur,Rajasthan,West,Home Care,Home Care - Toilet Cleaner,Toilet Cleaner,3,430.4,0.08,1187.9,190.06,0.16,Credit Card,Hypermarket,Regular Shopper
ORD00875,2025-05-21,CUST0132,Kanpur,Uttar Pradesh,North,Personal Care,Personal Care - Body Lotion,Body Lotion,3,2243.31,0.05,6393.43,1278.69,0.2,Credit Card,Supermarket,Budget Shopper
ORD02725,2025-05-22,CUST0836,Hyderabad,Telangana,South,Clothing,Clothing - Shirt,Shirt,6,2034.72,0.2,9766.66,2441.66,0.25,Credit Card,Supermarket,Budget Shopper
ORD03371,2025-05-22,CUST0469,New Delhi,Delhi,North,Home Care,Home Care - Dishwash,Dishwash,1,500.24,0.25,375.18,60.03,0.16,Debit Card,Hypermarket,Regular Shopper
ORD03677,2025-05-22,CUST1016,Rajkot,Gujarat,West,Personal Care,Personal Care - Body Lotion,Body Lotion,4,106.41,0.0,425.64,85.13,0.2,Debit Card,Supermarket,Budget Shopper
ORD00707,2025-05-22,CUST1046,Coimbatore,Tamil Nadu,South,Home Care,Home Care - Dishwash,Dishwash,5,531.19,0.08,2443.47,390.96,0.16,Debit Card,Supermarket,Budget Shopper
ORD02814,2025-05-23,CUST0401,Coimbatore,Tamil Nadu,South,Grocery,Grocery - Sugar,Sugar,4,1045.47,0.15,3554.6,319.91,0.09,Wallet,Supermarket,Budget Shopper
ORD01430,2025-05-23,CUST0064,Chennai,Tamil Nadu,South,Grocery,Grocery - Wheat Flour,Wheat Flour,3,235.5,0.08,649.98,58.5,0.09,Debit Card,Hypermarket,Regular Shopper
ORD02049,2025-05-23,CUST1140,Nashik,Maharashtra,West,Grocery,Grocery - Rice,Rice,5,2348.7,0.02,11508.63,1035.78,0.09,Wallet,Supermarket,Budget Shopper
ORD03134,2025-05-23,CUST0425,Bhopal,Madhya Pradesh,West,Personal Care,Personal Care - Soap,Soap,2,2361.4,0.0,4722.8,944.56,0.2,Debit Card,Supermarket,Regular Shopper
ORD03325,2025-05-24,CUST0507,Jodhpur,Rajasthan,West,Clothing,Clothing - T-Shirt,T-Shirt,7,1204.41,0.0,8430.87,2107.72,0.25,UPI,Supermarket,Regular Shopper
ORD03850,2025-05-24,CUST0218,Jaipur,Rajasthan,West,Grocery,Grocery - Biscuits,Biscuits,2,669.62,0.1,1205.32,108.48,0.09,UPI,Hypermarket,Budget Shopper
ORD02736,2025-05-24,CUST1026,Lucknow,Uttar Pradesh,North,Grocery,Grocery - Sugar,Sugar,2,567.63,0.0,1135.26,102.17,0.09,Wallet,Supermarket,Budget Shopper
ORD04491,2025-05-24,CUST0318,Kolkata,West Bengal,East,Clothing,Clothing - Shirt,Shirt,1,821.85,0.08,756.1,189.02,0.25,Credit Card,Hypermarket,Budget Shopper
ORD04317,2025-05-24,CUST0759,Nagpur,Maharashtra,West,Grocery,Grocery - Cooking Oil,Cooking Oil,7,81.22,0.25,426.4,38.38,0.09,Debit Card,Supermarket,Regular Shopper
ORD02431,2025-05-25,CUST0913,Jodhpur,Rajasthan,West,Electronics,Electronics - Earphones,Earphones,6,869.76,0.08,4801.08,864.19,0.18,Wallet,Hypermarket,Budget Shopper
ORD00936,2025-05-25,CUST0799,Hyderabad,Telangana,South,Home Care,Home Care - Dishwash,Dishwash,4,995.79,0.15,3385.69,541.71,0.16,Debit Card,Hypermarket,Regular Shopper
ORD00089,2025-05-25,CUST0955,Vadodara,Gujarat,West,Personal Care,Personal Care - Toothpaste,Toothpaste,6,2285.36,0.02,13437.92,2687.58,0.2,Cash,Supermarket,Budget Shopper
ORD00203,2025-05-25,CUST0129,Madurai,Tamil Nadu,South,Grocery,Grocery - Wheat Flour,Wheat Flour,1,1827.1,0.05,1735.74,156.22,0.09,Debit Card,Supermarket,Premium Shopper
ORD02719,2025-05-25,CUST0684,New Delhi,Delhi,North,Personal Care,Personal Care - Face Wash,Face Wash,4,1718.83,0.08,6325.29,1265.06,0.2,Wallet,Hypermarket,Budget Shopper
ORD03604,2025-05-25,CUST1001,Kolkata,West Bengal,East,Grocery,Grocery - Biscuits,Biscuits,6,2062.69,0.15,10519.72,946.77,0.09,UPI,Hypermarket,Budget Shopper
ORD03342,2025-05-25,CUST1123,Noida,Uttar Pradesh,North,Home Care,Home Care - Dishwash,Dishwash,3,1706.12,0.2,4094.69,655.15,0.16,UPI,Hypermarket,Regular Shopper
ORD04961,2025-05-26,CUST0676,Vadodara,Gujarat,West,Grocery,Grocery - Sugar,Sugar,2,1094.21,0.1,1969.58,177.26,0.09,UPI,Supermarket,Regular Shopper
ORD03241,2025-05-26,CUST0164,Kolkata,West Bengal,East,Personal Care,Personal Care - Face Wash,Face Wash,4,1920.98,0.1,6915.53,1383.11,0.2,Wallet,Hypermarket,Regular Shopper
ORD03912,2025-05-26,CUST0028,Kanpur,Uttar Pradesh,North,Clothing,Clothing - Socks,Socks,1,2474.9,0.15,2103.66,525.92,0.25,Debit Card,Hypermarket,Budget Shopper
ORD01400,2025-05-26,CUST0963,Ahmedabad,Gujarat,West,Grocery,Grocery - Biscuits,Biscuits,2,543.86,0.15,924.56,83.21,0.09,Wallet,Hypermarket,Budget Shopper
ORD00310,2025-05-26,CUST0279,Lucknow,Uttar Pradesh,North,Personal Care,Personal Care - Face Wash,Face Wash,6,132.42,0.08,730.96,146.19,0.2,UPI,Hypermarket,Regular Shopper
ORD03068,2025-05-27,CUST0851,Vadodara,Gujarat,West,Home Care,Home Care - Toilet Cleaner,Toilet Cleaner,3,393.72,0.1,1063.04,170.09,0.16,Credit Card,Supermarket,Budget Shopper
ORD04547,2025-05-27,CUST0462,Noida,Uttar Pradesh,North,Electronics,Electronics - Mixer,Mixer,7,903.62,0.0,6325.34,1138.56,0.18,Cash,Hypermarket,Budget Shopper
ORD04960,2025-05-27,CUST0426,Chennai,Tamil Nadu,South,Grocery,Grocery - Cooking Oil,Cooking Oil,6,1743.5,0.05,9937.95,894.42,0.09,UPI,Supermarket,Premium Shopper
ORD04986,2025-05-27,CUST0035,Jodhpur,Rajasthan,West,Clothing,Clothing - Socks,Socks,6,1861.6,0.08,10276.03,2569.01,0.25,Credit Card,Hypermarket,Budget Shopper
ORD01019,2025-05-27,CUST0165,Chennai,Tamil Nadu,South,Grocery,Grocery - Sugar,Sugar,7,1180.64,0.0,8264.48,743.8,0.09,UPI,Supermarket,Regular Shopper
ORD01644,2025-05-27,CUST1081,Bhopal,Madhya Pradesh,West,Personal Care,Personal Care - Soap,Soap,7,1351.53,0.0,9460.71,1892.14,0.2,UPI,Hypermarket,Budget Shopper
ORD02424,2025-05-27,CUST0721,Bengaluru,Karnataka,South,Beverages,Beverages - Juice,Juice,5,1262.17,0.08,5805.98,812.84,0.14,Debit Card,Hypermarket,Budget Shopper
ORD02290,2025-05-27,CUST0193,Madurai,Tamil Nadu,South,Grocery,Grocery - Rice,Rice,4,1851.59,0.1,6665.72,599.91,0.09,Wallet,Hypermarket,Budget Shopper
ORD03200,2025-05-27,CUST0006,Udaipur,Rajasthan,West,Personal Care,Personal Care - Toothpaste,Toothpaste,5,420.29,0.08,1933.33,386.67,0.2,Debit Card,Supermarket,Regular Shopper
ORD04488,2025-05-28,CUST0354,New Delhi,Delhi,North,Beverages,Beverages - Soft Drink,Soft Drink,1,505.32,0.02,495.21,69.33,0.14,Debit Card,Hypermarket,Regular Shopper
ORD02095,2025-05-28,CUST0994,Jodhpur,Rajasthan,West,Clothing,Clothing - T-Shirt,T-Shirt,3,945.92,0.1,2553.98,638.49,0.25,Wallet,Hypermarket,Budget Shopper
ORD04308,2025-05-28,CUST1042,Indore,Madhya Pradesh,West,Grocery,Grocery - Wheat Flour,Wheat Flour,2,817.26,0.05,1552.79,139.75,0.09,Cash,Supermarket,Budget Shopper
ORD00467,2025-05-28,CUST0123,Kolkata,West Bengal,East,Grocery,Grocery - Biscuits,Biscuits,2,391.68,0.05,744.19,66.98,0.09,Debit Card,Supermarket,Budget Shopper
ORD02840,2025-05-28,CUST0432,Kolkata,West Bengal,East,Grocery,Grocery - Biscuits,Biscuits,3,1470.38,0.1,3970.03,357.3,0.09,Cash,Supermarket,Regular Shopper
ORD03197,2025-05-28,CUST0390,Mysuru,Karnataka,South,Beverages,Beverages - Tea,Tea,1,1282.08,0.2,1025.66,143.59,0.14,Debit Card,Hypermarket,Regular Shopper
ORD01470,2025-05-29,CUST0098,New Delhi,Delhi,North,Grocery,Grocery - Cooking Oil,Cooking Oil,6,1703.92,0.05,9712.34,874.11,0.09,Credit Card,Supermarket,Regular Shopper
ORD03606,2025-05-29,CUST0219,Bengaluru,Karnataka,South,Grocery,Grocery - Biscuits,Biscuits,6,1331.68,0.08,7350.87,661.58,0.09,UPI,Hypermarket,Regular Shopper
ORD00828,2025-05-29,CUST1046,Mysuru,Karnataka,South,Beverages,Beverages - Soft Drink,Soft Drink,6,2261.5,0.02,13297.62,1861.67,0.14,Debit Card,Hypermarket,Premium Shopper
ORD00420,2025-05-29,CUST0150,Jabalpur,Madhya Pradesh,West,Electronics,Electronics - Mixer,Mixer,5,1563.58,0.25,5863.42,1055.42,0.18,Debit Card,Hypermarket,Regular Shopper
ORD04813,2025-05-30,CUST1005,Surat,Gujarat,West,Grocery,Grocery - Sugar,Sugar,5,2375.97,0.08,10929.46,983.65,0.09,Debit Card,Supermarket,Regular Shopper
ORD00237,2025-05-30,CUST0596,Mangaluru,Karnataka,South,Electronics,Electronics - Power Bank,Power Bank,6,143.38,0.2,688.22,123.88,0.18,UPI,Hypermarket,Premium Shopper
ORD01944,2025-05-30,CUST0889,Hyderabad,Telangana,South,Grocery,Grocery - Sugar,Sugar,6,1104.64,0.02,6495.28,584.58,0.09,Cash,Supermarket,Regular Shopper
ORD02219,2025-05-30,CUST0544,Jodhpur,Rajasthan,West,Clothing,Clothing - Socks,Socks,1,1417.45,0.2,1133.96,283.49,0.25,Wallet,Supermarket,Budget Shopper
ORD04335,2025-05-30,CUST0740,New Delhi,Delhi,North,Personal Care,Personal Care - Shampoo,Shampoo,5,915.32,0.25,3432.45,686.49,0.2,Wallet,Hypermarket,Budget Shopper
ORD01281,2025-05-30,CUST0561,Madurai,Tamil Nadu,South,Personal Care,Personal Care - Shampoo,Shampoo,7,1710.83,0.08,11017.75,2203.55,0.2,Cash,Hypermarket,Budget Shopper
ORD01010,2025-05-30,CUST1044,Jodhpur,Rajasthan,West,Grocery,Grocery - Rice,Rice,7,185.9,0.08,1197.2,107.75,0.09,Wallet,Hypermarket,Regular Shopper
ORD04701,2025-05-31,CUST0082,Ahmedabad,Gujarat,West,Grocery,Grocery - Wheat Flour,Wheat Flour,6,1997.89,0.1,10788.61,970.97,0.09,Wallet,Hypermarket,Budget Shopper
ORD03794,2025-05-31,CUST0802,New Delhi,Delhi,North,Electronics,Electronics - LED Bulb,LED Bulb,7,57.33,0.05,381.24,68.62,0.18,Cash,Hypermarket,Regular Shopper
ORD03312,2025-05-31,CUST0343,Kanpur,Uttar Pradesh,North,Home Care,Home Care - Toilet Cleaner,Toilet Cleaner,2,327.3,0.08,602.23,96.36,0.16,Credit Card,Supermarket,Budget Shopper
ORD03556,2025-06-01,CUST1035,Nashik,Maharashtra,West,Home Care,Home Care - Toilet Cleaner,Toilet Cleaner,5,545.61,0.05,2591.65,414.66,0.16,Cash,Supermarket,Budget Shopper
ORD02092,2025-06-01,CUST0229,Mysuru,Karnataka,South,Personal Care,Personal Care - Toothpaste,Toothpaste,4,311.03,0.1,1119.71,223.94,0.2,Debit Card,Hypermarket,Budget Shopper
ORD04951,2025-06-01,CUST0409,Hyderabad,Telangana,South,Electronics,Electronics - Mixer,Mixer,7,1260.53,0.02,8647.24,1556.5,0.18,Credit Card,Hypermarket,Regular Shopper
ORD04533,2025-06-01,CUST0613,Jodhpur,Rajasthan,West,Grocery,Grocery - Biscuits,Biscuits,3,992.9,0.05,2829.76,254.68,0.09,Wallet,Supermarket,Budget Shopper
ORD01315,2025-06-01,CUST0786,Kolkata,West Bengal,East,Home Care,Home Care - Floor Cleaner,Floor Cleaner,5,275.35,0.2,1101.4,176.22,0.16,Debit Card,Supermarket,Premium Shopper
ORD04873,2025-06-01,CUST0020,Jaipur,Rajasthan,West,Grocery,Grocery - Rice,Rice,4,302.06,0.05,1147.83,103.3,0.09,UPI,Hypermarket,Regular Shopper
ORD03461,2025-06-01,CUST0224,Udaipur,Rajasthan,West,Beverages,Beverages - Tea,Tea,3,2371.39,0.1,6402.75,896.39,0.14,UPI,Supermarket,Premium Shopper
ORD01060,2025-06-02,CUST1055,Madurai,Tamil Nadu,South,Home Care,Home Care - Dishwash,Dishwash,7,483.75,0.05,3216.94,514.71,0.16,Cash,Supermarket,Premium Shopper
ORD01629,2025-06-02,CUST1024,Bengaluru,Karnataka,South,Grocery,Grocery - Biscuits,Biscuits,5,2150.19,0.05,10213.4,919.21,0.09,Credit Card,Hypermarket,Budget Shopper
ORD04125,2025-06-02,CUST0582,Chennai,Tamil Nadu,South,Electronics,Electronics - Extension Board,Extension Board,3,573.74,0.08,1583.52,285.03,0.18,Credit Card,Hypermarket,Regular Shopper
ORD00605,2025-06-03,CUST1097,Kolkata,West Bengal,East,Grocery,Grocery - Rice,Rice,7,1564.58,0.1,9856.85,887.12,0.09,Cash,Hypermarket,Budget Shopper
ORD00815,2025-06-03,CUST0690,Noida,Uttar Pradesh,North,Beverages,Beverages - Tea,Tea,7,808.86,0.05,5378.92,753.05,0.14,UPI,Hypermarket,Budget Shopper
ORD04456,2025-06-03,CUST0174,New Delhi,Delhi,North,Clothing,Clothing - Socks,Socks,6,54.58,0.02,320.93,80.23,0.25,Credit Card,Hypermarket,Budget Shopper
ORD04704,2025-06-03,CUST0959,Hyderabad,Telangana,South,Grocery,Grocery - Wheat Flour,Wheat Flour,4,1023.02,0.1,3682.87,331.46,0.09,Cash,Supermarket,Budget Shopper
ORD03201,2025-06-04,CUST0709,Kolkata,West Bengal,East,Clothing,Clothing - Socks,Socks,7,343.33,0.02,2355.24,588.81,0.25,Debit Card,Hypermarket,Regular Shopper
ORD04801,2025-06-04,CUST0834,Jaipur,Rajasthan,West,Grocery,Grocery - Wheat Flour,Wheat Flour,1,2103.58,0.2,1682.86,151.46,0.09,Credit Card,Supermarket,Budget Shopper
ORD00430,2025-06-04,CUST0830,Mangaluru,Karnataka,South,Clothing,Clothing - Shirt,Shirt,6,679.18,0.05,3871.33,967.83,0.25,Cash,Hypermarket,Budget Shopper
ORD01530,2025-06-04,CUST0115,Madurai,Tamil Nadu,South,Personal Care,Personal Care - Soap,Soap,2,340.64,0.05,647.22,129.44,0.2,Wallet,Hypermarket,Premium Shopper
ORD03344,2025-06-04,CUST0222,Vadodara,Gujarat,West,Beverages,Beverages - Coffee,Coffee,2,2146.23,0.05,4077.84,570.9,0.14,UPI,Hypermarket,Regular Shopper
ORD03503,2025-06-05,CUST0821,Hyderabad,Telangana,South,Home Care,Home Care - Tissue,Tissue,3,1298.3,0.1,3505.41,560.87,0.16,Cash,Supermarket,Budget Shopper
ORD03353,2025-06-05,CUST0762,Pune,Maharashtra,West,Clothing,Clothing - Socks,Socks,2,343.18,0.2,549.09,137.27,0.25,UPI,Supermarket,Budget Shopper
ORD00932,2025-06-05,CUST0982,Pune,Maharashtra,West,Personal Care,Personal Care - Face Wash,Face Wash,2,588.46,0.08,1082.77,216.55,0.2,Credit Card,Supermarket,Regular Shopper
ORD00228,2025-06-05,CUST0814,Bhopal,Madhya Pradesh,West,Grocery,Grocery - Rice,Rice,7,2419.13,0.08,15579.2,1402.13,0.09,Wallet,Hypermarket,Regular Shopper
ORD02906,2025-06-05,CUST1194,New Delhi,Delhi,North,Beverages,Beverages - Juice,Juice,6,1277.87,0.05,7283.86,1019.74,0.14,Cash,Hypermarket,Premium Shopper
ORD02171,2025-06-05,CUST0536,Madurai,Tamil Nadu,South,Home Care,Home Care - Dishwash,Dishwash,6,1682.43,0.1,9085.12,1453.62,0.16,Cash,Supermarket,Budget Shopper
ORD00434,2025-06-05,CUST0907,Jaipur,Rajasthan,West,Personal Care,Personal Care - Shampoo,Shampoo,7,284.88,0.0,1994.16,398.83,0.2,Credit Card,Supermarket,Budget Shopper
ORD03152,2025-06-05,CUST0472,Chennai,Tamil Nadu,South,Personal Care,Personal Care - Toothpaste,Toothpaste,2,1051.81,0.08,1935.33,387.07,0.2,Wallet,Supermarket,Regular Shopper
ORD01123,2025-06-06,CUST0875,Jaipur,Rajasthan,West,Beverages,Beverages - Packaged Water,Packaged Water,2,64.5,0.15,109.65,15.35,0.14,Wallet,Supermarket,Budget Shopper
ORD01291,2025-06-06,CUST0210,Vadodara,Gujarat,West,Home Care,Home Care - Floor Cleaner,Floor Cleaner,1,2164.07,0.25,1623.05,259.69,0.16,Wallet,Hypermarket,Budget Shopper
ORD03330,2025-06-06,CUST1069,Jaipur,Rajasthan,West,Personal Care,Personal Care - Shampoo,Shampoo,6,1649.07,0.2,7915.54,1583.11,0.2,Wallet,Hypermarket,Budget Shopper
ORD02464,2025-06-06,CUST0072,Mysuru,Karnataka,South,Electronics,Electronics - LED Bulb,LED Bulb,2,768.51,0.02,1506.28,271.13,0.18,Credit Card,Supermarket,Premium Shopper
ORD01865,2025-06-06,CUST0439,Jaipur,Rajasthan,West,Grocery,Grocery - Cooking Oil,Cooking Oil,6,1356.17,0.1,7323.32,659.1,0.09,Credit Card,Supermarket,Budget Shopper
ORD02214,2025-06-06,CUST0965,Kanpur,Uttar Pradesh,North,Grocery,Grocery - Rice,Rice,6,1516.83,0.25,6825.74,614.32,0.09,Debit Card,Supermarket,Premium Shopper
ORD02269,2025-06-06,CUST0586,Hyderabad,Telangana,South,Personal Care,Personal Care - Face Wash,Face Wash,1,1708.68,0.1,1537.81,307.56,0.2,UPI,Hypermarket,Budget Shopper
ORD00404,2025-06-07,CUST0984,Hyderabad,Telangana,South,Personal Care,Personal Care - Body Lotion,Body Lotion,6,999.7,0.2,4798.56,959.71,0.2,Cash,Hypermarket,Budget Shopper
ORD01178,2025-06-07,CUST0178,Kanpur,Uttar Pradesh,North,Personal Care,Personal Care - Body Lotion,Body Lotion,2,664.03,0.15,1128.85,225.77,0.2,Cash,Hypermarket,Premium Shopper
ORD03047,2025-06-07,CUST0236,Vadodara,Gujarat,West,Beverages,Beverages - Packaged Water,Packaged Water,6,941.15,0.08,5195.15,727.32,0.14,Cash,Supermarket,Regular Shopper
ORD01582,2025-06-07,CUST0709,Indore,Madhya Pradesh,West,Personal Care,Personal Care - Toothpaste,Toothpaste,5,1160.78,0.1,5223.51,1044.7,0.2,Cash,Hypermarket,Budget Shopper
ORD02166,2025-06-07,CUST0392,Jaipur,Rajasthan,West,Grocery,Grocery - Biscuits,Biscuits,4,2090.9,0.05,7945.42,715.09,0.09,Cash,Supermarket,Premium Shopper
ORD04200,2025-06-07,CUST1031,Chennai,Tamil Nadu,South,Home Care,Home Care - Detergent,Detergent,1,1587.52,0.2,1270.02,203.2,0.16,Wallet,Hypermarket,Regular Shopper
ORD04234,2025-06-07,CUST0348,Thane,Maharashtra,West,Grocery,Grocery - Biscuits,Biscuits,7,2464.88,0.2,13803.33,1242.3,0.09,Cash,Supermarket,Budget Shopper
ORD00137,2025-06-07,CUST0588,Jabalpur,Madhya Pradesh,West,Grocery,Grocery - Rice,Rice,7,1444.43,0.08,9302.13,837.19,0.09,Cash,Supermarket,Budget Shopper
ORD02168,2025-06-07,CUST0366,Jodhpur,Rajasthan,West,Clothing,Clothing - Shirt,Shirt,5,1349.45,0.05,6409.89,1602.47,0.25,Cash,Hypermarket,Regular Shopper
ORD01080,2025-06-08,CUST1189,Mangaluru,Karnataka,South,Clothing,Clothing - Socks,Socks,6,1603.56,0.05,9140.29,2285.07,0.25,Debit Card,Hypermarket,Regular Shopper
ORD03083,2025-06-08,CUST0046,Vadodara,Gujarat,West,Personal Care,Personal Care - Body Lotion,Body Lotion,7,1516.51,0.02,10403.26,2080.65,0.2,Cash,Supermarket,Regular Shopper
ORD03475,2025-06-08,CUST0394,Warangal,Telangana,South,Grocery,Grocery - Biscuits,Biscuits,2,962.62,0.15,1636.45,147.28,0.09,UPI,Supermarket,Premium Shopper
ORD04732,2025-06-08,CUST0091,Lucknow,Uttar Pradesh,North,Grocery,Grocery - Rice,Rice,1,830.73,0.1,747.66,67.29,0.09,Debit Card,Hypermarket,Premium Shopper
ORD00695,2025-06-08,CUST0967,Thane,Maharashtra,West,Grocery,Grocery - Rice,Rice,1,2109.12,0.02,2066.94,186.02,0.09,Cash,Supermarket,Regular Shopper
ORD00464,2025-06-09,CUST0580,Nashik,Maharashtra,West,Grocery,Grocery - Wheat Flour,Wheat Flour,1,1486.48,0.08,1367.56,123.08,0.09,Credit Card,Supermarket,Premium Shopper
ORD00044,2025-06-09,CUST0948,Chennai,Tamil Nadu,South,Beverages,Beverages - Soft Drink,Soft Drink,5,563.31,0.15,2394.07,335.17,0.14,UPI,Hypermarket,Budget Shopper
ORD02133,2025-06-09,CUST0518,Nagpur,Maharashtra,West,Home Care,Home Care - Dishwash,Dishwash,2,2255.68,0.15,3834.66,613.55,0.16,Credit Card,Supermarket,Budget Shopper
ORD01174,2025-06-09,CUST1006,Warangal,Telangana,South,Grocery,Grocery - Wheat Flour,Wheat Flour,4,1852.18,0.1,6667.85,600.11,0.09,Cash,Supermarket,Regular Shopper
ORD01767,2025-06-09,CUST0884,Surat,Gujarat,West,Personal Care,Personal Care - Face Wash,Face Wash,7,223.58,0.2,1252.05,250.41,0.2,UPI,Hypermarket,Premium Shopper
ORD03711,2025-06-09,CUST0680,Jodhpur,Rajasthan,West,Personal Care,Personal Care - Body Lotion,Body Lotion,7,1021.79,0.08,6580.33,1316.07,0.2,Cash,Hypermarket,Budget Shopper
ORD00132,2025-06-10,CUST0570,Bengaluru,Karnataka,South,Personal Care,Personal Care - Toothpaste,Toothpaste,2,1822.08,0.05,3461.95,692.39,0.2,UPI,Hypermarket,Regular Shopper
ORD00284,2025-06-10,CUST0873,Rajkot,Gujarat,West,Beverages,Beverages - Coffee,Coffee,5,2153.03,0.08,9903.94,1386.55,0.14,Wallet,Supermarket,Premium Shopper
ORD02576,2025-06-10,CUST0457,Lucknow,Uttar Pradesh,North,Electronics,Electronics - Power Bank,Power Bank,6,1417.19,0.1,7652.83,1377.51,0.18,Debit Card,Supermarket,Regular Shopper
ORD01889,2025-06-10,CUST1107,Coimbatore,Tamil Nadu,South,Grocery,Grocery - Rice,Rice,6,1810.68,0.25,8148.06,733.33,0.09,Wallet,Hypermarket,Budget Shopper
ORD03630,2025-06-10,CUST0707,Jaipur,Rajasthan,West,Grocery,Grocery - Sugar,Sugar,6,1866.37,0.08,10302.36,927.21,0.09,Credit Card,Supermarket,Regular Shopper
ORD04625,2025-06-10,CUST0117,Thane,Maharashtra,West,Clothing,Clothing - Shirt,Shirt,3,1090.67,0.1,2944.81,736.2,0.25,Cash,Hypermarket,Regular Shopper
ORD02130,2025-06-11,CUST1008,Kanpur,Uttar Pradesh,North,Electronics,Electronics - LED Bulb,LED Bulb,6,512.97,0.08,2831.59,509.69,0.18,Debit Card,Hypermarket,Regular Shopper
ORD02037,2025-06-11,CUST0993,Jaipur,Rajasthan,West,Personal Care,Personal Care - Face Wash,Face Wash,5,2372.74,0.05,11270.51,2254.1,0.2,Debit Card,Supermarket,Regular Shopper
ORD00617,2025-06-11,CUST1053,Warangal,Telangana,South,Clothing,Clothing - T-Shirt,T-Shirt,1,439.9,0.05,417.9,104.48,0.25,Credit Card,Hypermarket,Regular Shopper
ORD00484,2025-06-11,CUST0345,New Delhi,Delhi,North,Grocery,Grocery - Wheat Flour,Wheat Flour,5,1501.36,0.08,6906.26,621.56,0.09,UPI,Supermarket,Budget Shopper
ORD00723,2025-06-11,CUST0060,Jabalpur,Madhya Pradesh,West,Electronics,Electronics - Earphones,Earphones,3,729.92,0.1,1970.78,354.74,0.18,Wallet,Hypermarket,Premium Shopper
ORD03899,2025-06-12,CUST0087,New Delhi,Delhi,North,Clothing,Clothing - Socks,Socks,4,1068.75,0.08,3933.0,983.25,0.25,Cash,Hypermarket,Budget Shopper
ORD04626,2025-06-12,CUST0414,Kolkata,West Bengal,East,Home Care,Home Care - Toilet Cleaner,Toilet Cleaner,1,409.61,0.05,389.13,62.26,0.16,Debit Card,Hypermarket,Budget Shopper
ORD02449,2025-06-12,CUST1003,Coimbatore,Tamil Nadu,South,Grocery,Grocery - Wheat Flour,Wheat Flour,6,1724.09,0.05,9827.31,884.46,0.09,Wallet,Supermarket,Budget Shopper
ORD00112,2025-06-12,CUST1132,Lucknow,Uttar Pradesh,North,Home Care,Home Care - Tissue,Tissue,3,1067.06,0.15,2721.0,435.36,0.16,Debit Card,Hypermarket,Budget Shopper
ORD00494,2025-06-12,CUST1139,Kanpur,Uttar Pradesh,North,Personal Care,Personal Care - Toothpaste,Toothpaste,3,807.68,0.02,2374.58,474.92,0.2,Wallet,Supermarket,Budget Shopper
ORD04322,2025-06-12,CUST0700,Kanpur,Uttar Pradesh,North,Grocery,Grocery - Biscuits,Biscuits,1,1518.52,0.2,1214.82,109.33,0.09,Debit Card,Supermarket,Budget Shopper
ORD01011,2025-06-13,CUST0482,Bhopal,Madhya Pradesh,West,Personal Care,Personal Care - Body Lotion,Body Lotion,5,963.11,0.2,3852.44,770.49,0.2,Wallet,Supermarket,Budget Shopper
ORD02789,2025-06-13,CUST0568,Jabalpur,Madhya Pradesh,West,Clothing,Clothing - Jeans,Jeans,2,814.5,0.1,1466.1,366.53,0.25,Cash,Hypermarket,Regular Shopper
ORD04904,2025-06-13,CUST0900,New Delhi,Delhi,North,Beverages,Beverages - Soft Drink,Soft Drink,2,973.6,0.1,1752.48,245.35,0.14,Debit Card,Supermarket,Budget Shopper
ORD04157,2025-06-13,CUST1174,Kolkata,West Bengal,East,Home Care,Home Care - Tissue,Tissue,5,923.67,0.02,4525.98,724.16,0.16,UPI,Supermarket,Regular Shopper
ORD04628,2025-06-14,CUST1029,Kolkata,West Bengal,East,Grocery,Grocery - Wheat Flour,Wheat Flour,7,2220.8,0.15,13213.76,1189.24,0.09,Debit Card,Supermarket,Budget Shopper
ORD00949,2025-06-14,CUST0706,Rajkot,Gujarat,West,Grocery,Grocery - Rice,Rice,5,350.38,0.2,1401.52,126.14,0.09,Credit Card,Supermarket,Budget Shopper
ORD03364,2025-06-14,CUST0491,Warangal,Telangana,South,Clothing,Clothing - Socks,Socks,2,2146.27,0.08,3949.14,987.28,0.25,Cash,Hypermarket,Regular Shopper
ORD03553,2025-06-15,CUST0222,Indore,Madhya Pradesh,West,Clothing,Clothing - Jeans,Jeans,5,299.62,0.15,1273.38,318.35,0.25,Cash,Hypermarket,Regular Shopper
ORD01677,2025-06-15,CUST0861,Lucknow,Uttar Pradesh,North,Electronics,Electronics - Mixer,Mixer,5,965.87,0.05,4587.88,825.82,0.18,Credit Card,Hypermarket,Regular Shopper
ORD04148,2025-06-15,CUST0842,Nagpur,Maharashtra,West,Grocery,Grocery - Rice,Rice,6,1109.31,0.02,6522.74,587.05,0.09,Credit Card,Supermarket,Premium Shopper
ORD03177,2025-06-16,CUST0411,Hyderabad,Telangana,South,Clothing,Clothing - Jeans,Jeans,5,1554.5,0.1,6995.25,1748.81,0.25,Cash,Supermarket,Regular Shopper
ORD04703,2025-06-16,CUST0716,Hyderabad,Telangana,South,Beverages,Beverages - Coffee,Coffee,5,1143.59,0.08,5260.51,736.47,0.14,Cash,Hypermarket,Budget Shopper
ORD00075,2025-06-16,CUST0172,Pune,Maharashtra,West,Personal Care,Personal Care - Body Lotion,Body Lotion,2,832.99,0.02,1632.66,326.53,0.2,Wallet,Hypermarket,Regular Shopper
ORD03490,2025-06-16,CUST0916,Chennai,Tamil Nadu,South,Personal Care,Personal Care - Shampoo,Shampoo,5,216.76,0.08,997.1,199.42,0.2,Cash,Hypermarket,Budget Shopper
ORD03491,2025-06-16,CUST0517,Pune,Maharashtra,West,Grocery,Grocery - Wheat Flour,Wheat Flour,2,2045.62,0.15,3477.55,312.98,0.09,Debit Card,Hypermarket,Budget Shopper
ORD02033,2025-06-16,CUST1130,Madurai,Tamil Nadu,South,Beverages,Beverages - Soft Drink,Soft Drink,1,199.88,0.15,169.9,23.79,0.14,Credit Card,Supermarket,Premium Shopper
ORD02188,2025-06-16,CUST0975,New Delhi,Delhi,North,Clothing,Clothing - Shirt,Shirt,7,1702.5,0.15,10129.88,2532.47,0.25,Wallet,Hypermarket,Regular Shopper
ORD04065,2025-06-17,CUST0578,Udaipur,Rajasthan,West,Personal Care,Personal Care - Soap,Soap,7,795.34,0.05,5289.01,1057.8,0.2,Cash,Hypermarket,Budget Shopper
ORD01581,2025-06-17,CUST0978,Nagpur,Maharashtra,West,Electronics,Electronics - Extension Board,Extension Board,1,2392.32,0.08,2200.93,396.17,0.18,Debit Card,Supermarket,Regular Shopper
ORD00862,2025-06-17,CUST0494,Lucknow,Uttar Pradesh,North,Clothing,Clothing - Socks,Socks,7,707.6,0.15,4210.22,1052.56,0.25,Debit Card,Supermarket,Budget Shopper
ORD01675,2025-06-18,CUST0496,Jabalpur,Madhya Pradesh,West,Clothing,Clothing - Kids Wear,Kids Wear,2,2247.45,0.08,4135.31,1033.83,0.25,UPI,Hypermarket,Regular Shopper
ORD04990,2025-06-18,CUST0323,Mumbai,Maharashtra,West,Beverages,Beverages - Tea,Tea,1,526.66,0.0,526.66,73.73,0.14,Wallet,Supermarket,Budget Shopper
ORD03133,2025-06-19,CUST0648,Kolkata,West Bengal,East,Grocery,Grocery - Sugar,Sugar,6,256.07,0.15,1305.96,117.54,0.09,Debit Card,Supermarket,Budget Shopper
ORD01689,2025-06-19,CUST0133,Jabalpur,Madhya Pradesh,West,Personal Care,Personal Care - Face Wash,Face Wash,6,1156.69,0.08,6384.93,1276.99,0.2,Credit Card,Hypermarket,Regular Shopper
ORD02627,2025-06-19,CUST1047,Kolkata,West Bengal,East,Beverages,Beverages - Coffee,Coffee,5,783.82,0.15,3331.24,466.37,0.14,Credit Card,Supermarket,Regular Shopper
ORD04534,2025-06-19,CUST0730,Surat,Gujarat,West,Grocery,Grocery - Rice,Rice,1,294.99,0.2,235.99,21.24,0.09,Cash,Hypermarket,Regular Shopper
ORD04536,2025-06-19,CUST0779,Lucknow,Uttar Pradesh,North,Grocery,Grocery - Cooking Oil,Cooking Oil,6,1828.82,0.08,10095.09,908.56,0.09,Cash,Hypermarket,Budget Shopper
ORD04713,2025-06-19,CUST0616,Jabalpur,Madhya Pradesh,West,Electronics,Electronics - Extension Board,Extension Board,2,1634.33,0.02,3203.29,576.59,0.18,Credit Card,Hypermarket,Budget Shopper
ORD04860,2025-06-19,CUST1166,New Delhi,Delhi,North,Electronics,Electronics - Extension Board,Extension Board,6,1384.96,0.08,7644.98,1376.1,0.18,UPI,Hypermarket,Budget Shopper
ORD00880,2025-06-20,CUST0480,New Delhi,Delhi,North,Personal Care,Personal Care - Toothpaste,Toothpaste,1,46.99,0.2,37.59,7.52,0.2001,Wallet,Supermarket,Regular Shopper
ORD03816,2025-06-20,CUST0017,Mangaluru,Karnataka,South,Home Care,Home Care - Floor Cleaner,Floor Cleaner,2,773.48,0.0,1546.96,247.51,0.16,Debit Card,Hypermarket,Regular Shopper
ORD03259,2025-06-20,CUST0309,Jaipur,Rajasthan,West,Grocery,Grocery - Biscuits,Biscuits,2,160.54,0.08,295.39,26.59,0.09,Cash,Supermarket,Regular Shopper
ORD01611,2025-06-20,CUST0375,Bengaluru,Karnataka,South,Grocery,Grocery - Wheat Flour,Wheat Flour,3,2181.01,0.08,6019.59,541.76,0.09,Debit Card,Supermarket,Regular Shopper
ORD02329,2025-06-20,CUST0929,Chennai,Tamil Nadu,South,Personal Care,Personal Care - Face Wash,Face Wash,5,1366.95,0.08,6287.97,1257.59,0.2,Debit Card,Hypermarket,Regular Shopper
ORD01705,2025-06-21,CUST0535,Warangal,Telangana,South,Grocery,Grocery - Sugar,Sugar,4,300.53,0.15,1021.8,91.96,0.09,Wallet,Hypermarket,Budget Shopper
ORD03522,2025-06-21,CUST0293,Bhopal,Madhya Pradesh,West,Home Care,Home Care - Dishwash,Dishwash,6,1648.11,0.08,9097.57,1455.61,0.16,Debit Card,Supermarket,Regular Shopper
ORD01555,2025-06-21,CUST0341,Jabalpur,Madhya Pradesh,West,Personal Care,Personal Care - Face Wash,Face Wash,6,390.46,0.08,2155.34,431.07,0.2,UPI,Hypermarket,Budget Shopper
ORD03718,2025-06-22,CUST0229,Kolkata,West Bengal,East,Grocery,Grocery - Wheat Flour,Wheat Flour,3,2102.44,0.1,5676.59,510.89,0.09,Debit Card,Hypermarket,Regular Shopper
ORD01246,2025-06-22,CUST0032,Indore,Madhya Pradesh,West,Clothing,Clothing - T-Shirt,T-Shirt,7,2059.96,0.1,12977.75,3244.44,0.25,Credit Card,Hypermarket,Budget Shopper
ORD01439,2025-06-22,CUST0424,Jabalpur,Madhya Pradesh,West,Personal Care,Personal Care - Face Wash,Face Wash,5,2439.84,0.0,12199.2,2439.84,0.2,Wallet,Hypermarket,Budget Shopper
ORD04178,2025-06-22,CUST1143,Mangaluru,Karnataka,South,Grocery,Grocery - Cooking Oil,Cooking Oil,6,1541.34,0.05,8785.64,790.71,0.09,UPI,Supermarket,Regular Shopper
ORD04199,2025-06-23,CUST0317,Warangal,Telangana,South,Home Care,Home Care - Dishwash,Dishwash,5,799.12,0.25,2996.7,479.47,0.16,UPI,Hypermarket,Budget Shopper
ORD01061,2025-06-23,CUST0733,Rajkot,Gujarat,West,Clothing,Clothing - Socks,Socks,1,581.8,0.0,581.8,145.45,0.25,Cash,Hypermarket,Budget Shopper
ORD01299,2025-06-23,CUST1091,Kolkata,West Bengal,East,Clothing,Clothing - Jeans,Jeans,2,1519.36,0.08,2795.62,698.9,0.25,Credit Card,Hypermarket,Budget Shopper
ORD04268,2025-06-23,CUST0426,Madurai,Tamil Nadu,South,Personal Care,Personal Care - Face Wash,Face Wash,7,734.72,0.0,5143.04,1028.61,0.2,Credit Card,Supermarket,Budget Shopper
ORD04591,2025-06-23,CUST0775,Pune,Maharashtra,West,Personal Care,Personal Care - Shampoo,Shampoo,2,1841.86,0.1,3315.35,663.07,0.2,Credit Card,Supermarket,Regular Shopper
ORD03815,2025-06-23,CUST0387,New Delhi,Delhi,North,Beverages,Beverages - Juice,Juice,6,1701.86,0.1,9190.04,1286.61,0.14,UPI,Supermarket,Budget Shopper
ORD03669,2025-06-23,CUST0673,Noida,Uttar Pradesh,North,Grocery,Grocery - Wheat Flour,Wheat Flour,5,2223.47,0.25,8338.01,750.42,0.09,Wallet,Supermarket,Regular Shopper
ORD01029,2025-06-24,CUST0830,Jodhpur,Rajasthan,West,Electronics,Electronics - Extension Board,Extension Board,5,635.09,0.2,2540.36,457.26,0.18,Cash,Hypermarket,Regular Shopper
ORD02599,2025-06-24,CUST0343,Kolkata,West Bengal,East,Clothing,Clothing - Socks,Socks,6,2474.98,0.1,13364.89,3341.22,0.25,Cash,Supermarket,Budget Shopper
ORD04462,2025-06-24,CUST0044,Warangal,Telangana,South,Grocery,Grocery - Sugar,Sugar,2,48.59,0.1,87.46,7.87,0.09,UPI,Hypermarket,Budget Shopper
ORD03592,2025-06-24,CUST0862,Nashik,Maharashtra,West,Personal Care,Personal Care - Toothpaste,Toothpaste,4,1483.32,0.15,5043.29,1008.66,0.2,Wallet,Supermarket,Regular Shopper
ORD00589,2025-06-24,CUST0184,Coimbatore,Tamil Nadu,South,Personal Care,Personal Care - Body Lotion,Body Lotion,2,1594.04,0.08,2933.03,586.61,0.2,Debit Card,Hypermarket,Regular Shopper
ORD02093,2025-06-24,CUST1143,New Delhi,Delhi,North,Beverages,Beverages - Juice,Juice,7,610.22,0.15,3630.81,508.31,0.14,Credit Card,Hypermarket,Budget Shopper
ORD00546,2025-06-24,CUST0309,Surat,Gujarat,West,Beverages,Beverages - Packaged Water,Packaged Water,1,1034.43,0.25,775.82,108.61,0.14,Credit Card,Supermarket,Premium Shopper
ORD02351,2025-06-25,CUST0501,Kolkata,West Bengal,East,Home Care,Home Care - Detergent,Detergent,4,2384.1,0.15,8105.94,1296.95,0.16,Cash,Hypermarket,Budget Shopper
ORD02131,2025-06-25,CUST0896,Bengaluru,Karnataka,South,Grocery,Grocery - Sugar,Sugar,4,468.16,0.05,1779.01,160.11,0.09,UPI,Hypermarket,Regular Shopper
ORD03837,2025-06-25,CUST0921,New Delhi,Delhi,North,Personal Care,Personal Care - Body Lotion,Body Lotion,2,1185.16,0.02,2322.91,464.58,0.2,Wallet,Hypermarket,Budget Shopper
ORD02797,2025-06-25,CUST1169,Hyderabad,Telangana,South,Grocery,Grocery - Cooking Oil,Cooking Oil,5,2281.05,0.1,10264.72,923.82,0.09,UPI,Hypermarket,Regular Shopper
ORD04924,2025-06-25,CUST1199,Jaipur,Rajasthan,West,Grocery,Grocery - Biscuits,Biscuits,6,1721.03,0.0,10326.18,929.36,0.09,Credit Card,Supermarket,Regular Shopper
ORD03077,2025-06-25,CUST1056,Hyderabad,Telangana,South,Home Care,Home Care - Tissue,Tissue,5,2287.55,0.2,9150.2,1464.03,0.16,Cash,Hypermarket,Regular Shopper
ORD01105,2025-06-26,CUST0492,Mangaluru,Karnataka,South,Electronics,Electronics - LED Bulb,LED Bulb,1,771.97,0.2,617.58,111.16,0.18,UPI,Hypermarket,Regular Shopper
ORD02829,2025-06-26,CUST0338,Nashik,Maharashtra,West,Home Care,Home Care - Dishwash,Dishwash,2,1738.42,0.05,3303.0,528.48,0.16,UPI,Supermarket,Regular Shopper
ORD04933,2025-06-26,CUST0965,Hyderabad,Telangana,South,Personal Care,Personal Care - Shampoo,Shampoo,1,1081.4,0.15,919.19,183.84,0.2,Credit Card,Supermarket,Regular Shopper
ORD04962,2025-06-26,CUST0624,Bengaluru,Karnataka,South,Electronics,Electronics - LED Bulb,LED Bulb,1,1733.64,0.05,1646.96,296.45,0.18,UPI,Hypermarket,Budget Shopper
ORD04564,2025-06-26,CUST0743,Madurai,Tamil Nadu,South,Clothing,Clothing - Kids Wear,Kids Wear,3,1918.44,0.15,4892.02,1223.01,0.25,Wallet,Supermarket,Budget Shopper
ORD00958,2025-06-26,CUST0491,Indore,Madhya Pradesh,West,Grocery,Grocery - Sugar,Sugar,7,1075.36,0.02,7376.97,663.93,0.09,Credit Card,Supermarket,Regular Shopper
ORD04232,2025-06-26,CUST1169,Ahmedabad,Gujarat,West,Grocery,Grocery - Rice,Rice,7,916.21,0.02,6285.2,565.67,0.09,Cash,Hypermarket,Regular Shopper
ORD02500,2025-06-26,CUST0778,Bhopal,Madhya Pradesh,West,Home Care,Home Care - Floor Cleaner,Floor Cleaner,6,337.56,0.1,1822.82,291.65,0.16,UPI,Supermarket,Premium Shopper
ORD00264,2025-06-27,CUST0483,Bengaluru,Karnataka,South,Personal Care,Personal Care - Body Lotion,Body Lotion,3,1580.54,0.05,4504.54,900.91,0.2,Wallet,Hypermarket,Regular Shopper
ORD01885,2025-06-27,CUST1035,Lucknow,Uttar Pradesh,North,Grocery,Grocery - Sugar,Sugar,1,1596.15,0.08,1468.46,132.16,0.09,UPI,Hypermarket,Budget Shopper
ORD04825,2025-06-27,CUST1155,Madurai,Tamil Nadu,South,Personal Care,Personal Care - Soap,Soap,1,1973.01,0.02,1933.55,386.71,0.2,Cash,Supermarket,Budget Shopper
ORD01144,2025-06-27,CUST1083,Udaipur,Rajasthan,West,Personal Care,Personal Care - Shampoo,Shampoo,6,648.48,0.2,3112.7,622.54,0.2,Credit Card,Supermarket,Budget Shopper
ORD00631,2025-06-28,CUST1123,Kolkata,West Bengal,East,Electronics,Electronics - LED Bulb,LED Bulb,7,1375.63,0.08,8859.06,1594.63,0.18,Credit Card,Hypermarket,Regular Shopper
ORD04998,2025-06-28,CUST0330,Warangal,Telangana,South,Grocery,Grocery - Biscuits,Biscuits,4,656.44,0.05,2494.47,224.5,0.09,Wallet,Hypermarket,Regular Shopper
ORD02457,2025-06-28,CUST0608,Indore,Madhya Pradesh,West,Grocery,Grocery - Cooking Oil,Cooking Oil,2,1044.78,0.08,1922.4,173.02,0.09,Wallet,Hypermarket,Budget Shopper
ORD03841,2025-06-28,CUST0801,Indore,Madhya Pradesh,West,Electronics,Electronics - Earphones,Earphones,6,547.81,0.05,3122.52,562.05,0.18,Debit Card,Supermarket,Regular Shopper
ORD01652,2025-06-28,CUST0816,New Delhi,Delhi,North,Home Care,Home Care - Dishwash,Dishwash,3,1553.03,0.2,3727.27,596.36,0.16,Wallet,Hypermarket,Premium Shopper
ORD04599,2025-06-29,CUST0967,Thane,Maharashtra,West,Grocery,Grocery - Sugar,Sugar,7,2162.64,0.02,14835.71,1335.21,0.09,Cash,Supermarket,Regular Shopper
ORD04645,2025-06-29,CUST0964,Jaipur,Rajasthan,West,Grocery,Grocery - Sugar,Sugar,2,2356.99,0.15,4006.88,360.62,0.09,Cash,Hypermarket,Budget Shopper
ORD03464,2025-06-29,CUST0643,Warangal,Telangana,South,Clothing,Clothing - Socks,Socks,1,2447.4,0.08,2251.61,562.9,0.25,UPI,Hypermarket,Premium Shopper
ORD02637,2025-06-29,CUST0307,Udaipur,Rajasthan,West,Home Care,Home Care - Dishwash,Dishwash,6,679.66,0.2,3262.37,521.98,0.16,UPI,Hypermarket,Budget Shopper
ORD04525,2025-06-29,CUST0625,New Delhi,Delhi,North,Clothing,Clothing - Socks,Socks,1,1573.52,0.0,1573.52,393.38,0.25,Wallet,Supermarket,Budget Shopper
ORD00711,2025-06-29,CUST0071,Jabalpur,Madhya Pradesh,West,Clothing,Clothing - Jeans,Jeans,4,2167.89,0.08,7977.84,1994.46,0.25,Credit Card,Supermarket,Regular Shopper
ORD04632,2025-06-29,CUST1045,Udaipur,Rajasthan,West,Clothing,Clothing - Jeans,Jeans,2,557.31,0.1,1003.16,250.79,0.25,UPI,Supermarket,Regular Shopper
ORD03297,2025-06-29,CUST0789,Kanpur,Uttar Pradesh,North,Clothing,Clothing - Shirt,Shirt,5,1714.32,0.0,8571.6,2142.9,0.25,UPI,Supermarket,Budget Shopper
ORD03213,2025-06-30,CUST0566,Coimbatore,Tamil Nadu,South,Grocery,Grocery - Wheat Flour,Wheat Flour,6,756.62,0.02,4448.93,400.4,0.09,Debit Card,Supermarket,Budget Shopper
ORD03204,2025-06-30,CUST0880,Kanpur,Uttar Pradesh,North,Home Care,Home Care - Detergent,Detergent,7,1311.73,0.05,8723.0,1395.68,0.16,UPI,Hypermarket,Budget Shopper
ORD00529,2025-06-30,CUST1158,Kolkata,West Bengal,East,Personal Care,Personal Care - Face Wash,Face Wash,7,1221.52,0.15,7268.04,1453.61,0.2,Debit Card,Supermarket,Budget Shopper
ORD00283,2025-07-01,CUST0810,Lucknow,Uttar Pradesh,North,Personal Care,Personal Care - Toothpaste,Toothpaste,7,925.72,0.08,5961.64,1192.33,0.2,UPI,Hypermarket,Regular Shopper
ORD00193,2025-07-01,CUST0079,New Delhi,Delhi,North,Clothing,Clothing - T-Shirt,T-Shirt,5,203.96,0.02,999.4,249.85,0.25,Cash,Hypermarket,Budget Shopper
ORD02080,2025-07-01,CUST0745,Warangal,Telangana,South,Clothing,Clothing - Shirt,Shirt,2,1130.41,0.08,2079.95,519.99,0.25,Debit Card,Supermarket,Premium Shopper
ORD02864,2025-07-01,CUST0726,Kolkata,West Bengal,East,Personal Care,Personal Care - Body Lotion,Body Lotion,6,187.63,0.1,1013.2,202.64,0.2,Debit Card,Supermarket,Budget Shopper
ORD00685,2025-07-01,CUST0503,Kolkata,West Bengal,East,Grocery,Grocery - Sugar,Sugar,7,349.01,0.08,2247.62,202.29,0.09,Cash,Supermarket,Premium Shopper
ORD03265,2025-07-01,CUST0396,Mumbai,Maharashtra,West,Electronics,Electronics - Power Bank,Power Bank,4,1060.26,0.15,3604.88,648.88,0.18,Cash,Supermarket,Budget Shopper
ORD01769,2025-07-02,CUST0833,Warangal,Telangana,South,Personal Care,Personal Care - Toothpaste,Toothpaste,1,326.5,0.1,293.85,58.77,0.2,Cash,Supermarket,Regular Shopper
ORD00370,2025-07-02,CUST0189,Noida,Uttar Pradesh,North,Grocery,Grocery - Cooking Oil,Cooking Oil,6,931.58,0.08,5142.32,462.81,0.09,Debit Card,Hypermarket,Regular Shopper
ORD00972,2025-07-02,CUST0757,New Delhi,Delhi,North,Personal Care,Personal Care - Shampoo,Shampoo,7,2356.42,0.05,15670.19,3134.04,0.2,Debit Card,Hypermarket,Premium Shopper
ORD04765,2025-07-02,CUST0209,Mangaluru,Karnataka,South,Beverages,Beverages - Tea,Tea,4,1510.1,0.08,5557.17,778.0,0.14,Credit Card,Supermarket,Regular Shopper
ORD00691,2025-07-02,CUST0512,Nagpur,Maharashtra,West,Grocery,Grocery - Sugar,Sugar,3,2135.84,0.0,6407.52,576.68,0.09,Debit Card,Hypermarket,Regular Shopper
ORD04958,2025-07-02,CUST0212,Kolkata,West Bengal,East,Electronics,Electronics - Extension Board,Extension Board,4,1275.54,0.05,4847.05,872.47,0.18,UPI,Supermarket,Budget Shopper
ORD01267,2025-07-02,CUST0542,Jodhpur,Rajasthan,West,Grocery,Grocery - Wheat Flour,Wheat Flour,2,1176.04,0.2,1881.66,169.35,0.09,Credit Card,Hypermarket,Regular Shopper
ORD04484,2025-07-03,CUST0564,Jaipur,Rajasthan,West,Personal Care,Personal Care - Body Lotion,Body Lotion,6,2048.49,0.05,11676.39,2335.28,0.2,Cash,Hypermarket,Regular Shopper
ORD02197,2025-07-03,CUST1144,New Delhi,Delhi,North,Grocery,Grocery - Biscuits,Biscuits,1,2413.25,0.0,2413.25,217.19,0.09,Credit Card,Supermarket,Regular Shopper
ORD02331,2025-07-03,CUST0993,Bhopal,Madhya Pradesh,West,Electronics,Electronics - Extension Board,Extension Board,7,1512.01,0.15,8996.46,1619.36,0.18,Cash,Supermarket,Budget Shopper
ORD04356,2025-07-03,CUST0579,Hyderabad,Telangana,South,Personal Care,Personal Care - Shampoo,Shampoo,1,2304.8,0.2,1843.84,368.77,0.2,UPI,Supermarket,Premium Shopper
ORD01404,2025-07-03,CUST0983,Ahmedabad,Gujarat,West,Home Care,Home Care - Toilet Cleaner,Toilet Cleaner,5,2218.18,0.08,10203.63,1632.58,0.16,Wallet,Hypermarket,Budget Shopper
ORD00935,2025-07-03,CUST0874,Surat,Gujarat,West,Clothing,Clothing - Shirt,Shirt,1,2119.25,0.0,2119.25,529.81,0.25,Cash,Hypermarket,Premium Shopper
ORD00213,2025-07-03,CUST0757,Indore,Madhya Pradesh,West,Electronics,Electronics - Power Bank,Power Bank,6,677.87,0.05,3863.86,695.49,0.18,Wallet,Hypermarket,Regular Shopper
ORD00642,2025-07-03,CUST0013,Bengaluru,Karnataka,South,Personal Care,Personal Care - Body Lotion,Body Lotion,1,1548.27,0.02,1517.3,303.46,0.2,Debit Card,Supermarket,Regular Shopper
ORD00023,2025-07-04,CUST0816,Hyderabad,Telangana,South,Grocery,Grocery - Biscuits,Biscuits,7,941.51,0.1,5931.51,533.84,0.09,UPI,Supermarket,Budget Shopper
ORD04118,2025-07-04,CUST0628,Lucknow,Uttar Pradesh,North,Electronics,Electronics - LED Bulb,LED Bulb,2,420.53,0.08,773.78,139.28,0.18,Debit Card,Supermarket,Regular Shopper
ORD01066,2025-07-04,CUST0269,Nashik,Maharashtra,West,Grocery,Grocery - Sugar,Sugar,5,663.61,0.02,3251.69,292.65,0.09,Credit Card,Supermarket,Regular Shopper
ORD00667,2025-07-04,CUST0250,Madurai,Tamil Nadu,South,Personal Care,Personal Care - Soap,Soap,4,431.53,0.1,1553.51,310.7,0.2,Debit Card,Hypermarket,Premium Shopper
ORD02712,2025-07-04,CUST1187,Warangal,Telangana,South,Personal Care,Personal Care - Body Lotion,Body Lotion,4,1423.38,0.15,4839.49,967.9,0.2,Credit Card,Hypermarket,Budget Shopper
ORD03913,2025-07-05,CUST0421,Hyderabad,Telangana,South,Personal Care,Personal Care - Shampoo,Shampoo,1,2251.15,0.1,2026.04,405.21,0.2,Credit Card,Supermarket,Budget Shopper
ORD03852,2025-07-05,CUST0408,Noida,Uttar Pradesh,North,Clothing,Clothing - Shirt,Shirt,2,1737.26,0.08,3196.56,799.14,0.25,Wallet,Hypermarket,Regular Shopper
ORD03352,2025-07-05,CUST0553,Mysuru,Karnataka,South,Clothing,Clothing - T-Shirt,T-Shirt,5,2005.39,0.08,9224.79,2306.2,0.25,Debit Card,Supermarket,Budget Shopper
ORD04378,2025-07-06,CUST1022,New Delhi,Delhi,North,Electronics,Electronics - Extension Board,Extension Board,7,765.59,0.05,5091.17,916.41,0.18,Debit Card,Supermarket,Budget Shopper
ORD00808,2025-07-06,CUST0815,Vadodara,Gujarat,West,Grocery,Grocery - Biscuits,Biscuits,5,1270.49,0.15,5399.58,485.96,0.09,Cash,Supermarket,Budget Shopper
ORD00868,2025-07-06,CUST0758,Udaipur,Rajasthan,West,Clothing,Clothing - Kids Wear,Kids Wear,4,956.61,0.1,3443.8,860.95,0.25,Credit Card,Hypermarket,Budget Shopper
ORD03027,2025-07-06,CUST0206,Kanpur,Uttar Pradesh,North,Grocery,Grocery - Rice,Rice,7,2028.89,0.05,13492.12,1214.29,0.09,Wallet,Hypermarket,Regular Shopper
ORD03221,2025-07-06,CUST0532,Bengaluru,Karnataka,South,Beverages,Beverages - Coffee,Coffee,7,1423.55,0.08,9167.66,1283.47,0.14,Cash,Hypermarket,Regular Shopper
ORD02471,2025-07-06,CUST1033,Udaipur,Rajasthan,West,Electronics,Electronics - Mixer,Mixer,2,1218.75,0.1,2193.75,394.87,0.18,Cash,Supermarket,Budget Shopper
ORD00167,2025-07-06,CUST0887,Kolkata,West Bengal,East,Grocery,Grocery - Biscuits,Biscuits,6,2055.2,0.1,11098.08,998.83,0.09,Credit Card,Hypermarket,Regular Shopper
ORD02149,2025-07-06,CUST0025,New Delhi,Delhi,North,Grocery,Grocery - Biscuits,Biscuits,5,1515.01,0.05,7196.3,647.67,0.09,Credit Card,Supermarket,Budget Shopper
ORD04688,2025-07-06,CUST1082,Indore,Madhya Pradesh,West,Home Care,Home Care - Toilet Cleaner,Toilet Cleaner,3,753.45,0.25,1695.26,271.24,0.16,Credit Card,Hypermarket,Budget Shopper
ORD03383,2025-07-06,CUST1045,Coimbatore,Tamil Nadu,South,Beverages,Beverages - Packaged Water,Packaged Water,1,1490.91,0.05,1416.36,198.29,0.14,Debit Card,Hypermarket,Regular Shopper
ORD00798,2025-07-06,CUST0417,Kolkata,West Bengal,East,Clothing,Clothing - T-Shirt,T-Shirt,7,1939.34,0.08,12489.35,3122.34,0.25,Cash,Hypermarket,Regular Shopper
ORD03761,2025-07-06,CUST0768,New Delhi,Delhi,North,Clothing,Clothing - Kids Wear,Kids Wear,1,1270.27,0.1,1143.24,285.81,0.25,Wallet,Hypermarket,Budget Shopper
ORD00149,2025-07-07,CUST0301,Madurai,Tamil Nadu,South,Personal Care,Personal Care - Face Wash,Face Wash,3,1156.32,0.2,2775.17,555.03,0.2,Credit Card,Hypermarket,Budget Shopper
ORD04206,2025-07-07,CUST1118,Lucknow,Uttar Pradesh,North,Home Care,Home Care - Tissue,Tissue,5,2446.25,0.08,11252.75,1800.44,0.16,UPI,Hypermarket,Budget Shopper
ORD00819,2025-07-07,CUST0957,Udaipur,Rajasthan,West,Beverages,Beverages - Packaged Water,Packaged Water,2,1410.24,0.08,2594.84,363.28,0.14,UPI,Supermarket,Budget Shopper
ORD02483,2025-07-08,CUST0133,Mangaluru,Karnataka,South,Grocery,Grocery - Rice,Rice,2,2010.47,0.02,3940.52,354.65,0.09,Cash,Hypermarket,Regular Shopper
ORD02587,2025-07-08,CUST0924,Vadodara,Gujarat,West,Home Care,Home Care - Floor Cleaner,Floor Cleaner,7,1989.64,0.1,12534.73,2005.56,0.16,Cash,Supermarket,Premium Shopper
ORD03237,2025-07-08,CUST0930,New Delhi,Delhi,North,Electronics,Electronics - Power Bank,Power Bank,5,423.67,0.2,1694.68,305.04,0.18,UPI,Hypermarket,Regular Shopper
ORD02747,2025-07-08,CUST0062,Bengaluru,Karnataka,South,Beverages,Beverages - Juice,Juice,6,1985.21,0.15,10124.57,1417.44,0.14,UPI,Hypermarket,Budget Shopper
ORD04950,2025-07-08,CUST0396,Kolkata,West Bengal,East,Personal Care,Personal Care - Shampoo,Shampoo,6,1592.98,0.08,8793.25,1758.65,0.2,Debit Card,Supermarket,Budget Shopper
ORD00720,2025-07-08,CUST0202,Warangal,Telangana,South,Grocery,Grocery - Rice,Rice,5,421.32,0.1,1895.94,170.63,0.09,UPI,Hypermarket,Budget Shopper
ORD00196,2025-07-09,CUST0360,Bhopal,Madhya Pradesh,West,Grocery,Grocery - Sugar,Sugar,7,2440.94,0.05,16232.25,1460.9,0.09,UPI,Supermarket,Regular Shopper
ORD02927,2025-07-09,CUST1029,New Delhi,Delhi,North,Beverages,Beverages - Coffee,Coffee,4,2168.78,0.02,8501.62,1190.23,0.14,Debit Card,Supermarket,Budget Shopper
ORD00454,2025-07-09,CUST0538,Jodhpur,Rajasthan,West,Personal Care,Personal Care - Shampoo,Shampoo,3,192.61,0.0,577.83,115.57,0.2,Debit Card,Supermarket,Regular Shopper
ORD02888,2025-07-09,CUST1160,Mangaluru,Karnataka,South,Home Care,Home Care - Detergent,Detergent,2,1128.99,0.02,2212.82,354.05,0.16,Debit Card,Hypermarket,Budget Shopper
ORD04073,2025-07-09,CUST0591,Vadodara,Gujarat,West,Grocery,Grocery - Sugar,Sugar,1,1682.17,0.1,1513.95,136.26,0.09,Wallet,Hypermarket,Premium Shopper
ORD00501,2025-07-09,CUST0765,Lucknow,Uttar Pradesh,North,Personal Care,Personal Care - Body Lotion,Body Lotion,3,380.39,0.05,1084.11,216.82,0.2,UPI,Hypermarket,Regular Shopper
ORD03308,2025-07-09,CUST0398,Jabalpur,Madhya Pradesh,West,Home Care,Home Care - Tissue,Tissue,5,1117.03,0.15,4747.38,759.58,0.16,Debit Card,Supermarket,Budget Shopper
ORD03123,2025-07-10,CUST0230,Warangal,Telangana,South,Personal Care,Personal Care - Soap,Soap,1,136.19,0.08,125.29,25.06,0.2,UPI,Hypermarket,Regular Shopper
ORD04531,2025-07-11,CUST0365,Noida,Uttar Pradesh,North,Electronics,Electronics - Extension Board,Extension Board,2,415.32,0.05,789.11,142.04,0.18,UPI,Hypermarket,Premium Shopper
ORD04368,2025-07-11,CUST0408,Hyderabad,Telangana,South,Grocery,Grocery - Wheat Flour,Wheat Flour,4,2466.93,0.05,9374.33,843.69,0.09,Credit Card,Supermarket,Regular Shopper
ORD03296,2025-07-11,CUST0548,Mumbai,Maharashtra,West,Grocery,Grocery - Sugar,Sugar,7,558.74,0.15,3324.5,299.2,0.09,UPI,Supermarket,Regular Shopper
ORD02185,2025-07-11,CUST0104,Ahmedabad,Gujarat,West,Grocery,Grocery - Sugar,Sugar,3,1358.62,0.1,3668.27,330.14,0.09,Credit Card,Supermarket,Premium Shopper
ORD00594,2025-07-11,CUST0493,Warangal,Telangana,South,Home Care,Home Care - Dishwash,Dishwash,7,580.86,0.02,3984.7,637.55,0.16,Wallet,Hypermarket,Budget Shopper
ORD01119,2025-07-11,CUST0967,Bhopal,Madhya Pradesh,West,Grocery,Grocery - Cooking Oil,Cooking Oil,6,1549.28,0.08,8552.03,769.68,0.09,UPI,Supermarket,Regular Shopper
ORD01668,2025-07-12,CUST0777,Rajkot,Gujarat,West,Personal Care,Personal Care - Toothpaste,Toothpaste,3,1994.78,0.05,5685.12,1137.02,0.2,UPI,Supermarket,Budget Shopper
ORD03038,2025-07-12,CUST0441,Warangal,Telangana,South,Electronics,Electronics - LED Bulb,LED Bulb,5,1450.21,0.1,6525.95,1174.67,0.18,Cash,Supermarket,Regular Shopper
ORD01345,2025-07-13,CUST1195,Coimbatore,Tamil Nadu,South,Clothing,Clothing - Socks,Socks,2,2208.41,0.08,4063.47,1015.87,0.25,Credit Card,Supermarket,Budget Shopper
ORD01962,2025-07-13,CUST0950,Udaipur,Rajasthan,West,Grocery,Grocery - Wheat Flour,Wheat Flour,7,1547.95,0.05,10293.87,926.45,0.09,UPI,Hypermarket,Budget Shopper
ORD01223,2025-07-13,CUST0324,Warangal,Telangana,South,Clothing,Clothing - T-Shirt,T-Shirt,4,1209.22,0.05,4595.04,1148.76,0.25,UPI,Hypermarket,Budget Shopper
ORD03954,2025-07-13,CUST0071,Rajkot,Gujarat,West,Personal Care,Personal Care - Shampoo,Shampoo,1,1691.18,0.1,1522.06,304.41,0.2,Cash,Hypermarket,Budget Shopper
ORD02817,2025-07-14,CUST0432,New Delhi,Delhi,North,Beverages,Beverages - Soft Drink,Soft Drink,6,1612.33,0.05,9190.28,1286.64,0.14,Credit Card,Supermarket,Budget Shopper
ORD02283,2025-07-14,CUST0164,Warangal,Telangana,South,Personal Care,Personal Care - Shampoo,Shampoo,7,2080.55,0.0,14563.85,2912.77,0.2,Credit Card,Hypermarket,Premium Shopper
ORD00114,2025-07-14,CUST0266,New Delhi,Delhi,North,Grocery,Grocery - Rice,Rice,7,1067.71,0.08,6876.05,618.84,0.09,UPI,Supermarket,Budget Shopper
ORD04890,2025-07-14,CUST0716,Kolkata,West Bengal,East,Home Care,Home Care - Detergent,Detergent,4,514.7,0.05,1955.86,312.94,0.16,Debit Card,Supermarket,Regular Shopper
ORD02555,2025-07-14,CUST1182,New Delhi,Delhi,North,Beverages,Beverages - Tea,Tea,6,1454.62,0.25,6545.79,916.41,0.14,Debit Card,Hypermarket,Budget Shopper
ORD03581,2025-07-15,CUST0104,Kolkata,West Bengal,East,Grocery,Grocery - Sugar,Sugar,4,239.9,0.1,863.64,77.73,0.09,UPI,Supermarket,Premium Shopper
ORD04832,2025-07-15,CUST0388,Lucknow,Uttar Pradesh,North,Grocery,Grocery - Rice,Rice,2,2367.2,0.1,4260.96,383.49,0.09,UPI,Supermarket,Premium Shopper
ORD01516,2025-07-15,CUST0420,Chennai,Tamil Nadu,South,Grocery,Grocery - Sugar,Sugar,3,1695.46,0.25,3814.78,343.33,0.09,Credit Card,Hypermarket,Budget Shopper
ORD02821,2025-07-15,CUST0313,Jaipur,Rajasthan,West,Personal Care,Personal Care - Toothpaste,Toothpaste,3,1596.76,0.0,4790.28,958.06,0.2,Wallet,Hypermarket,Regular Shopper
ORD02490,2025-07-15,CUST0076,Hyderabad,Telangana,South,Home Care,Home Care - Dishwash,Dishwash,5,1983.79,0.15,8431.11,1348.98,0.16,Credit Card,Supermarket,Regular Shopper
ORD04746,2025-07-15,CUST0300,Indore,Madhya Pradesh,West,Grocery,Grocery - Sugar,Sugar,6,436.99,0.02,2569.5,231.26,0.09,Debit Card,Supermarket,Regular Shopper
ORD02301,2025-07-15,CUST0511,Indore,Madhya Pradesh,West,Grocery,Grocery - Wheat Flour,Wheat Flour,1,955.76,0.2,764.61,68.81,0.09,UPI,Supermarket,Budget Shopper
ORD04420,2025-07-15,CUST0678,Bhopal,Madhya Pradesh,West,Clothing,Clothing - T-Shirt,T-Shirt,7,1214.7,0.0,8502.9,2125.73,0.25,UPI,Supermarket,Regular Shopper
ORD00915,2025-07-15,CUST0533,Kolkata,West Bengal,East,Grocery,Grocery - Rice,Rice,1,1569.91,0.2,1255.93,113.03,0.09,Wallet,Hypermarket,Regular Shopper
ORD01922,2025-07-17,CUST0812,Jaipur,Rajasthan,West,Grocery,Grocery - Wheat Flour,Wheat Flour,4,923.07,0.08,3396.9,305.72,0.09,UPI,Hypermarket,Budget Shopper
ORD00648,2025-07-17,CUST1097,Vadodara,Gujarat,West,Beverages,Beverages - Soft Drink,Soft Drink,6,2338.97,0.1,12630.44,1768.26,0.14,Debit Card,Supermarket,Regular Shopper
ORD01357,2025-07-17,CUST0136,Mangaluru,Karnataka,South,Personal Care,Personal Care - Toothpaste,Toothpaste,2,1815.21,0.15,3085.86,617.17,0.2,Debit Card,Supermarket,Regular Shopper
ORD01709,2025-07-17,CUST0507,Jaipur,Rajasthan,West,Grocery,Grocery - Biscuits,Biscuits,3,542.01,0.15,1382.13,124.39,0.09,Credit Card,Supermarket,Regular Shopper
ORD03232,2025-07-18,CUST0688,Warangal,Telangana,South,Grocery,Grocery - Biscuits,Biscuits,7,806.47,0.1,5080.76,457.27,0.09,Wallet,Hypermarket,Regular Shopper
ORD04579,2025-07-18,CUST0164,New Delhi,Delhi,North,Clothing,Clothing - Jeans,Jeans,6,712.37,0.05,4060.51,1015.13,0.25,Cash,Supermarket,Regular Shopper
ORD04146,2025-07-18,CUST0446,Kolkata,West Bengal,East,Beverages,Beverages - Tea,Tea,3,947.39,0.0,2842.17,397.9,0.14,UPI,Supermarket,Budget Shopper
ORD00802,2025-07-18,CUST0564,New Delhi,Delhi,North,Grocery,Grocery - Biscuits,Biscuits,3,1824.68,0.08,5036.12,453.25,0.09,Wallet,Hypermarket,Premium Shopper
ORD02425,2025-07-19,CUST1128,Coimbatore,Tamil Nadu,South,Home Care,Home Care - Toilet Cleaner,Toilet Cleaner,7,2064.22,0.15,12282.11,1965.14,0.16,Credit Card,Supermarket,Regular Shopper
ORD04529,2025-07-19,CUST0754,Chennai,Tamil Nadu,South,Electronics,Electronics - Power Bank,Power Bank,2,860.47,0.1,1548.85,278.79,0.18,Cash,Hypermarket,Regular Shopper
ORD03993,2025-07-20,CUST0471,Kanpur,Uttar Pradesh,North,Electronics,Electronics - Power Bank,Power Bank,3,1142.49,0.05,3256.1,586.1,0.18,Credit Card,Hypermarket,Budget Shopper
ORD04972,2025-07-20,CUST0463,Bengaluru,Karnataka,South,Home Care,Home Care - Tissue,Tissue,3,171.56,0.1,463.21,74.11,0.16,Cash,Supermarket,Budget Shopper
ORD01052,2025-07-20,CUST1081,Jodhpur,Rajasthan,West,Personal Care,Personal Care - Soap,Soap,2,1667.0,0.05,3167.3,633.46,0.2,Debit Card,Supermarket,Premium Shopper
ORD04991,2025-07-20,CUST0896,New Delhi,Delhi,North,Beverages,Beverages - Juice,Juice,3,399.92,0.1,1079.78,151.17,0.14,UPI,Hypermarket,Premium Shopper
ORD04126,2025-07-20,CUST0081,Udaipur,Rajasthan,West,Clothing,Clothing - Socks,Socks,3,1664.58,0.15,4244.68,1061.17,0.25,Cash,Hypermarket,Budget Shopper
ORD01344,2025-07-21,CUST0179,New Delhi,Delhi,North,Beverages,Beverages - Packaged Water,Packaged Water,7,250.25,0.15,1488.99,208.46,0.14,Cash,Supermarket,Budget Shopper
ORD01305,2025-07-21,CUST0927,Thane,Maharashtra,West,Beverages,Beverages - Packaged Water,Packaged Water,2,760.38,0.25,1140.57,159.68,0.14,UPI,Hypermarket,Budget Shopper
ORD01035,2025-07-21,CUST0053,Bengaluru,Karnataka,South,Electronics,Electronics - Extension Board,Extension Board,4,746.83,0.05,2837.95,510.83,0.18,Credit Card,Hypermarket,Regular Shopper
ORD01746,2025-07-21,CUST0111,Noida,Uttar Pradesh,North,Beverages,Beverages - Juice,Juice,4,1935.26,0.05,7353.99,1029.56,0.14,UPI,Supermarket,Budget Shopper
ORD01264,2025-07-22,CUST0260,Hyderabad,Telangana,South,Grocery,Grocery - Biscuits,Biscuits,3,322.37,0.02,947.77,85.3,0.09,Cash,Hypermarket,Budget Shopper
ORD03414,2025-07-22,CUST0759,Udaipur,Rajasthan,West,Grocery,Grocery - Wheat Flour,Wheat Flour,6,1491.95,0.05,8504.12,765.37,0.09,Debit Card,Supermarket,Regular Shopper
ORD02639,2025-07-22,CUST0250,Lucknow,Uttar Pradesh,North,Clothing,Clothing - Jeans,Jeans,6,1186.25,0.15,6049.88,1512.47,0.25,UPI,Supermarket,Budget Shopper
ORD00340,2025-07-22,CUST0974,Jabalpur,Madhya Pradesh,West,Beverages,Beverages - Tea,Tea,1,1651.73,0.2,1321.38,184.99,0.14,Wallet,Supermarket,Regular Shopper
ORD00503,2025-07-23,CUST0597,Pune,Maharashtra,West,Grocery,Grocery - Sugar,Sugar,6,829.3,0.05,4727.01,425.43,0.09,UPI,Hypermarket,Budget Shopper
ORD00794,2025-07-23,CUST0657,Hyderabad,Telangana,South,Electronics,Electronics - Earphones,Earphones,7,1083.5,0.05,7205.28,1296.95,0.18,UPI,Hypermarket,Budget Shopper
ORD02790,2025-07-23,CUST0688,Kanpur,Uttar Pradesh,North,Electronics,Electronics - Extension Board,Extension Board,4,1053.8,0.08,3877.98,698.04,0.18,Credit Card,Supermarket,Regular Shopper
ORD00239,2025-07-24,CUST0676,Mangaluru,Karnataka,South,Personal Care,Personal Care - Body Lotion,Body Lotion,1,687.76,0.0,687.76,137.55,0.2,Cash,Hypermarket,Regular Shopper
ORD03492,2025-07-24,CUST0662,Hyderabad,Telangana,South,Personal Care,Personal Care - Face Wash,Face Wash,3,1742.35,0.15,4442.99,888.6,0.2,UPI,Supermarket,Regular Shopper
ORD04186,2025-07-24,CUST0743,Jodhpur,Rajasthan,West,Beverages,Beverages - Soft Drink,Soft Drink,6,1013.21,0.0,6079.26,851.1,0.14,Cash,Hypermarket,Budget Shopper
ORD03138,2025-07-24,CUST0963,Kanpur,Uttar Pradesh,North,Clothing,Clothing - Shirt,Shirt,5,1969.47,0.15,8370.25,2092.56,0.25,Cash,Supermarket,Regular Shopper
ORD03427,2025-07-24,CUST0617,Mysuru,Karnataka,South,Clothing,Clothing - Jeans,Jeans,6,897.36,0.08,4953.43,1238.36,0.25,UPI,Supermarket,Premium Shopper
ORD04446,2025-07-24,CUST1030,Jabalpur,Madhya Pradesh,West,Electronics,Electronics - Earphones,Earphones,5,725.54,0.1,3264.93,587.69,0.18,Cash,Hypermarket,Budget Shopper
ORD00111,2025-07-24,CUST1195,Bengaluru,Karnataka,South,Grocery,Grocery - Biscuits,Biscuits,7,1124.94,0.0,7874.58,708.71,0.09,UPI,Supermarket,Regular Shopper
ORD04799,2025-07-24,CUST0774,Coimbatore,Tamil Nadu,South,Grocery,Grocery - Biscuits,Biscuits,1,435.08,0.08,400.27,36.02,0.09,UPI,Hypermarket,Regular Shopper
ORD02474,2025-07-25,CUST0461,Warangal,Telangana,South,Clothing,Clothing - Socks,Socks,6,160.13,0.08,883.92,220.98,0.25,Credit Card,Hypermarket,Budget Shopper
ORD03395,2025-07-25,CUST1026,Jodhpur,Rajasthan,West,Beverages,Beverages - Soft Drink,Soft Drink,5,1695.9,0.02,8309.91,1163.39,0.14,Credit Card,Supermarket,Regular Shopper
ORD01735,2025-07-25,CUST0303,Madurai,Tamil Nadu,South,Grocery,Grocery - Wheat Flour,Wheat Flour,3,1628.39,0.0,4885.17,439.67,0.09,Wallet,Hypermarket,Regular Shopper
ORD04600,2025-07-26,CUST0565,Jaipur,Rajasthan,West,Electronics,Electronics - Power Bank,Power Bank,6,2374.72,0.08,13108.45,2359.52,0.18,Cash,Hypermarket,Regular Shopper
ORD04848,2025-07-26,CUST1154,Kolkata,West Bengal,East,Clothing,Clothing - Kids Wear,Kids Wear,3,725.5,0.1,1958.85,489.71,0.25,UPI,Hypermarket,Regular Shopper
ORD02551,2025-07-27,CUST0463,Jaipur,Rajasthan,West,Home Care,Home Care - Detergent,Detergent,4,1160.3,0.15,3945.02,631.2,0.16,Cash,Hypermarket,Budget Shopper
ORD00179,2025-07-27,CUST0406,Jodhpur,Rajasthan,West,Home Care,Home Care - Floor Cleaner,Floor Cleaner,4,1453.48,0.15,4941.83,790.69,0.16,Credit Card,Supermarket,Premium Shopper
ORD00452,2025-07-27,CUST0652,New Delhi,Delhi,North,Grocery,Grocery - Biscuits,Biscuits,5,2356.28,0.0,11781.4,1060.33,0.09,UPI,Hypermarket,Regular Shopper
ORD01756,2025-07-27,CUST1092,Warangal,Telangana,South,Personal Care,Personal Care - Toothpaste,Toothpaste,3,889.09,0.1,2400.54,480.11,0.2,Credit Card,Hypermarket,Regular Shopper
ORD04841,2025-07-27,CUST0819,Ahmedabad,Gujarat,West,Grocery,Grocery - Wheat Flour,Wheat Flour,1,1263.63,0.2,1010.9,90.98,0.09,Cash,Supermarket,Budget Shopper
ORD00705,2025-07-27,CUST0477,Mangaluru,Karnataka,South,Grocery,Grocery - Sugar,Sugar,1,1470.71,0.08,1353.05,121.77,0.09,Cash,Supermarket,Regular Shopper
ORD03597,2025-07-27,CUST0849,Thane,Maharashtra,West,Home Care,Home Care - Detergent,Detergent,2,40.01,0.08,73.62,11.78,0.16,UPI,Supermarket,Budget Shopper
ORD03089,2025-07-27,CUST0119,Nagpur,Maharashtra,West,Beverages,Beverages - Juice,Juice,7,1829.18,0.08,11779.92,1649.19,0.14,Wallet,Supermarket,Regular Shopper
ORD04091,2025-07-27,CUST1121,Jabalpur,Madhya Pradesh,West,Electronics,Electronics - Mixer,Mixer,4,348.74,0.02,1367.06,246.07,0.18,Cash,Supermarket,Regular Shopper
ORD02410,2025-07-27,CUST0630,New Delhi,Delhi,North,Electronics,Electronics - Power Bank,Power Bank,6,1601.97,0.1,8650.64,1557.12,0.18,UPI,Hypermarket,Regular Shopper
ORD00950,2025-07-28,CUST0088,Coimbatore,Tamil Nadu,South,Electronics,Electronics - Extension Board,Extension Board,7,1124.28,0.08,7240.36,1303.26,0.18,Cash,Supermarket,Regular Shopper
ORD00512,2025-07-28,CUST0569,Jabalpur,Madhya Pradesh,West,Home Care,Home Care - Floor Cleaner,Floor Cleaner,2,91.06,0.05,173.01,27.68,0.16,Cash,Hypermarket,Regular Shopper
ORD01888,2025-07-28,CUST0403,Lucknow,Uttar Pradesh,North,Personal Care,Personal Care - Soap,Soap,2,263.31,0.08,484.49,96.9,0.2,Credit Card,Hypermarket,Budget Shopper
ORD03274,2025-07-28,CUST0201,Jabalpur,Madhya Pradesh,West,Grocery,Grocery - Sugar,Sugar,3,109.3,0.1,295.11,26.56,0.09,Cash,Supermarket,Regular Shopper
ORD04892,2025-07-29,CUST0544,Hyderabad,Telangana,South,Grocery,Grocery - Biscuits,Biscuits,1,1797.4,0.15,1527.79,137.5,0.09,Credit Card,Hypermarket,Budget Shopper
ORD01570,2025-07-29,CUST0464,Hyderabad,Telangana,South,Clothing,Clothing - Jeans,Jeans,2,496.51,0.15,844.07,211.02,0.25,UPI,Hypermarket,Budget Shopper
ORD00269,2025-07-29,CUST0116,Hyderabad,Telangana,South,Electronics,Electronics - Earphones,Earphones,1,1120.31,0.05,1064.29,191.57,0.18,Debit Card,Hypermarket,Premium Shopper
ORD03757,2025-07-29,CUST1126,Noida,Uttar Pradesh,North,Beverages,Beverages - Soft Drink,Soft Drink,5,316.67,0.08,1456.68,203.94,0.14,UPI,Supermarket,Budget Shopper
ORD04515,2025-07-30,CUST0941,Mysuru,Karnataka,South,Clothing,Clothing - Shirt,Shirt,1,1507.15,0.05,1431.79,357.95,0.25,UPI,Hypermarket,Budget Shopper
ORD01620,2025-07-30,CUST1160,Jaipur,Rajasthan,West,Beverages,Beverages - Soft Drink,Soft Drink,3,2281.39,0.15,5817.54,814.46,0.14,Wallet,Supermarket,Budget Shopper
ORD02263,2025-07-30,CUST0066,Madurai,Tamil Nadu,South,Personal Care,Personal Care - Body Lotion,Body Lotion,1,1249.49,0.15,1062.07,212.41,0.2,Credit Card,Hypermarket,Premium Shopper
ORD00652,2025-07-31,CUST0226,Jaipur,Rajasthan,West,Electronics,Electronics - Extension Board,Extension Board,2,168.61,0.15,286.64,51.6,0.18,Credit Card,Supermarket,Budget Shopper
ORD00010,2025-07-31,CUST0613,Jabalpur,Madhya Pradesh,West,Personal Care,Personal Care - Toothpaste,Toothpaste,1,1794.58,0.1,1615.12,323.02,0.2,Debit Card,Hypermarket,Regular Shopper
ORD01197,2025-08-01,CUST0367,Kolkata,West Bengal,East,Home Care,Home Care - Floor Cleaner,Floor Cleaner,6,1681.42,0.1,9079.67,1452.75,0.16,Credit Card,Supermarket,Regular Shopper
ORD00302,2025-08-01,CUST0456,Coimbatore,Tamil Nadu,South,Beverages,Beverages - Juice,Juice,5,274.68,0.05,1304.73,182.66,0.14,Wallet,Hypermarket,Premium Shopper
ORD01690,2025-08-01,CUST0356,New Delhi,Delhi,North,Beverages,Beverages - Tea,Tea,6,1423.21,0.25,6404.44,896.62,0.14,Credit Card,Supermarket,Regular Shopper
ORD04768,2025-08-01,CUST1166,Mangaluru,Karnataka,South,Personal Care,Personal Care - Toothpaste,Toothpaste,6,1402.65,0.15,7153.52,1430.7,0.2,UPI,Supermarket,Premium Shopper
ORD03869,2025-08-02,CUST1146,Kanpur,Uttar Pradesh,North,Beverages,Beverages - Soft Drink,Soft Drink,5,2387.2,0.1,10742.4,1503.94,0.14,Wallet,Supermarket,Premium Shopper
ORD03153,2025-08-02,CUST0047,Jodhpur,Rajasthan,West,Home Care,Home Care - Floor Cleaner,Floor Cleaner,2,969.36,0.05,1841.78,294.68,0.16,UPI,Hypermarket,Budget Shopper
ORD04839,2025-08-02,CUST0329,Indore,Madhya Pradesh,West,Personal Care,Personal Care - Face Wash,Face Wash,7,1368.52,0.08,8813.27,1762.65,0.2,UPI,Supermarket,Regular Shopper
ORD03686,2025-08-02,CUST0924,Warangal,Telangana,South,Grocery,Grocery - Sugar,Sugar,5,2021.43,0.05,9601.79,864.16,0.09,Cash,Supermarket,Regular Shopper
ORD02103,2025-08-02,CUST0738,Mysuru,Karnataka,South,Electronics,Electronics - Mixer,Mixer,7,1764.31,0.08,11362.16,2045.19,0.18,Credit Card,Hypermarket,Regular Shopper
ORD00165,2025-08-02,CUST0002,Kolkata,West Bengal,East,Home Care,Home Care - Dishwash,Dishwash,2,2442.74,0.02,4787.77,766.04,0.16,Debit Card,Hypermarket,Regular Shopper
ORD04590,2025-08-02,CUST0098,Mangaluru,Karnataka,South,Electronics,Electronics - LED Bulb,LED Bulb,1,556.32,0.05,528.5,95.13,0.18,Debit Card,Supermarket,Regular Shopper
ORD02315,2025-08-02,CUST0255,Mysuru,Karnataka,South,Clothing,Clothing - Jeans,Jeans,5,1262.94,0.05,5998.96,1499.74,0.25,Wallet,Supermarket,Budget Shopper
ORD04676,2025-08-02,CUST0170,Lucknow,Uttar Pradesh,North,Grocery,Grocery - Wheat Flour,Wheat Flour,4,1721.08,0.15,5851.67,526.65,0.09,Cash,Supermarket,Budget Shopper
ORD03827,2025-08-03,CUST0418,Lucknow,Uttar Pradesh,North,Grocery,Grocery - Wheat Flour,Wheat Flour,5,2061.73,0.15,8762.35,788.61,0.09,Wallet,Hypermarket,Premium Shopper
ORD03666,2025-08-03,CUST0668,Mysuru,Karnataka,South,Personal Care,Personal Care - Soap,Soap,3,1891.21,0.15,4822.59,964.52,0.2,Cash,Supermarket,Budget Shopper
ORD00334,2025-08-03,CUST0170,Bengaluru,Karnataka,South,Personal Care,Personal Care - Shampoo,Shampoo,7,1796.57,0.05,11947.19,2389.44,0.2,Cash,Hypermarket,Budget Shopper
ORD00306,2025-08-04,CUST0824,Lucknow,Uttar Pradesh,North,Personal Care,Personal Care - Toothpaste,Toothpaste,4,1091.65,0.15,3711.61,742.32,0.2,Debit Card,Hypermarket,Budget Shopper
ORD02811,2025-08-04,CUST1100,Warangal,Telangana,South,Home Care,Home Care - Dishwash,Dishwash,1,1287.52,0.05,1223.14,195.7,0.16,Cash,Hypermarket,Premium Shopper
ORD04648,2025-08-04,CUST0615,Coimbatore,Tamil Nadu,South,Grocery,Grocery - Sugar,Sugar,1,1738.38,0.0,1738.38,156.45,0.09,Debit Card,Supermarket,Budget Shopper
ORD04307,2025-08-04,CUST0879,Mumbai,Maharashtra,West,Grocery,Grocery - Biscuits,Biscuits,6,2480.04,0.1,13392.22,1205.3,0.09,Credit Card,Hypermarket,Premium Shopper
ORD03766,2025-08-04,CUST0552,Indore,Madhya Pradesh,West,Grocery,Grocery - Biscuits,Biscuits,1,156.89,0.08,144.34,12.99,0.09,UPI,Supermarket,Budget Shopper
ORD01737,2025-08-04,CUST1066,Hyderabad,Telangana,South,Grocery,Grocery - Biscuits,Biscuits,6,608.17,0.05,3466.57,311.99,0.09,Wallet,Supermarket,Budget Shopper
ORD00767,2025-08-04,CUST1015,Surat,Gujarat,West,Beverages,Beverages - Coffee,Coffee,3,1789.36,0.1,4831.27,676.38,0.14,Debit Card,Supermarket,Regular Shopper
ORD02574,2025-08-05,CUST1011,Bhopal,Madhya Pradesh,West,Clothing,Clothing - Shirt,Shirt,5,2201.87,0.25,8257.01,2064.25,0.25,Cash,Supermarket,Budget Shopper
ORD00082,2025-08-05,CUST0216,Bhopal,Madhya Pradesh,West,Personal Care,Personal Care - Face Wash,Face Wash,5,1017.33,0.08,4679.72,935.94,0.2,Wallet,Hypermarket,Budget Shopper
ORD02800,2025-08-05,CUST0992,Pune,Maharashtra,West,Grocery,Grocery - Biscuits,Biscuits,3,1768.62,0.05,5040.57,453.65,0.09,Cash,Supermarket,Budget Shopper
ORD01879,2025-08-05,CUST0117,Vadodara,Gujarat,West,Beverages,Beverages - Packaged Water,Packaged Water,5,1935.49,0.02,9483.9,1327.75,0.14,Debit Card,Supermarket,Regular Shopper
ORD01760,2025-08-05,CUST1009,Warangal,Telangana,South,Beverages,Beverages - Soft Drink,Soft Drink,7,1798.22,0.2,10070.03,1409.8,0.14,Debit Card,Hypermarket,Regular Shopper
ORD03034,2025-08-05,CUST0135,Kanpur,Uttar Pradesh,North,Electronics,Electronics - LED Bulb,LED Bulb,2,643.77,0.1,1158.79,208.58,0.18,Cash,Hypermarket,Budget Shopper
ORD02567,2025-08-06,CUST1168,Indore,Madhya Pradesh,West,Beverages,Beverages - Juice,Juice,3,1760.45,0.08,4858.84,680.24,0.14,UPI,Supermarket,Budget Shopper
ORD03726,2025-08-06,CUST1184,Bhopal,Madhya Pradesh,West,Grocery,Grocery - Biscuits,Biscuits,5,1397.15,0.08,6426.89,578.42,0.09,Debit Card,Hypermarket,Regular Shopper
ORD00513,2025-08-06,CUST0789,Chennai,Tamil Nadu,South,Electronics,Electronics - Power Bank,Power Bank,3,381.95,0.15,973.97,175.31,0.18,Credit Card,Supermarket,Budget Shopper
ORD00463,2025-08-07,CUST0172,Madurai,Tamil Nadu,South,Home Care,Home Care - Tissue,Tissue,7,352.66,0.2,1974.9,315.98,0.16,Cash,Supermarket,Budget Shopper
ORD04010,2025-08-07,CUST0926,Jodhpur,Rajasthan,West,Clothing,Clothing - Shirt,Shirt,6,669.03,0.15,3412.05,853.01,0.25,Wallet,Supermarket,Regular Shopper
ORD03980,2025-08-07,CUST1165,Udaipur,Rajasthan,West,Grocery,Grocery - Cooking Oil,Cooking Oil,6,2102.25,0.15,10721.48,964.93,0.09,Credit Card,Hypermarket,Budget Shopper
ORD02044,2025-08-07,CUST0914,Mangaluru,Karnataka,South,Beverages,Beverages - Coffee,Coffee,1,1103.55,0.05,1048.37,146.77,0.14,Debit Card,Supermarket,Budget Shopper
ORD01660,2025-08-07,CUST0057,Chennai,Tamil Nadu,South,Clothing,Clothing - T-Shirt,T-Shirt,6,936.35,0.2,4494.48,1123.62,0.25,UPI,Hypermarket,Regular Shopper
ORD00643,2025-08-07,CUST0687,Surat,Gujarat,West,Grocery,Grocery - Rice,Rice,5,2051.84,0.2,8207.36,738.66,0.09,Wallet,Supermarket,Regular Shopper
ORD03776,2025-08-08,CUST0884,Thane,Maharashtra,West,Grocery,Grocery - Biscuits,Biscuits,5,1187.84,0.08,5464.06,491.77,0.09,Credit Card,Supermarket,Budget Shopper
ORD03100,2025-08-09,CUST0476,Mysuru,Karnataka,South,Clothing,Clothing - Socks,Socks,2,1049.11,0.08,1930.36,482.59,0.25,UPI,Supermarket,Budget Shopper
ORD03537,2025-08-09,CUST0072,Lucknow,Uttar Pradesh,North,Electronics,Electronics - Extension Board,Extension Board,6,2485.17,0.02,14612.8,2630.3,0.18,Wallet,Hypermarket,Regular Shopper
ORD01680,2025-08-09,CUST1091,Bhopal,Madhya Pradesh,West,Clothing,Clothing - Socks,Socks,3,751.87,0.08,2075.16,518.79,0.25,UPI,Hypermarket,Budget Shopper
ORD00841,2025-08-09,CUST0898,Mysuru,Karnataka,South,Home Care,Home Care - Floor Cleaner,Floor Cleaner,3,2059.01,0.15,5250.48,840.08,0.16,Credit Card,Hypermarket,Premium Shopper
ORD04672,2025-08-09,CUST1055,Noida,Uttar Pradesh,North,Home Care,Home Care - Dishwash,Dishwash,1,1881.34,0.08,1730.83,276.93,0.16,Wallet,Hypermarket,Regular Shopper
ORD00543,2025-08-09,CUST1042,Coimbatore,Tamil Nadu,South,Home Care,Home Care - Detergent,Detergent,4,1885.38,0.15,6410.29,1025.65,0.16,Credit Card,Hypermarket,Budget Shopper
ORD01000,2025-08-09,CUST0235,Mumbai,Maharashtra,West,Electronics,Electronics - Extension Board,Extension Board,3,1972.95,0.05,5622.91,1012.12,0.18,Cash,Supermarket,Regular Shopper
ORD01653,2025-08-09,CUST0691,New Delhi,Delhi,North,Grocery,Grocery - Cooking Oil,Cooking Oil,6,2250.9,0.15,11479.59,1033.16,0.09,Cash,Supermarket,Regular Shopper
ORD02944,2025-08-09,CUST1007,Udaipur,Rajasthan,West,Beverages,Beverages - Coffee,Coffee,5,977.52,0.2,3910.08,547.41,0.14,UPI,Supermarket,Budget Shopper
ORD02494,2025-08-09,CUST0747,Coimbatore,Tamil Nadu,South,Home Care,Home Care - Floor Cleaner,Floor Cleaner,1,1068.78,0.15,908.46,145.35,0.16,Credit Card,Hypermarket,Budget Shopper
ORD04748,2025-08-09,CUST1179,Udaipur,Rajasthan,West,Personal Care,Personal Care - Soap,Soap,5,98.89,0.1,445.0,89.0,0.2,UPI,Supermarket,Regular Shopper
ORD04238,2025-08-10,CUST1122,Chennai,Tamil Nadu,South,Home Care,Home Care - Tissue,Tissue,2,1973.21,0.15,3354.46,536.71,0.16,Credit Card,Supermarket,Budget Shopper
ORD02794,2025-08-10,CUST0136,Jaipur,Rajasthan,West,Grocery,Grocery - Sugar,Sugar,2,1260.65,0.05,2395.24,215.57,0.09,Debit Card,Hypermarket,Budget Shopper
ORD03488,2025-08-10,CUST0909,New Delhi,Delhi,North,Beverages,Beverages - Soft Drink,Soft Drink,6,1174.91,0.25,5287.1,740.19,0.14,Credit Card,Supermarket,Regular Shopper
ORD01371,2025-08-11,CUST0959,Kolkata,West Bengal,East,Grocery,Grocery - Sugar,Sugar,5,907.09,0.0,4535.45,408.19,0.09,Wallet,Hypermarket,Budget Shopper
ORD02021,2025-08-11,CUST0342,Ahmedabad,Gujarat,West,Home Care,Home Care - Detergent,Detergent,2,1049.42,0.08,1930.93,308.95,0.16,UPI,Supermarket,Regular Shopper
ORD01059,2025-08-11,CUST0732,Rajkot,Gujarat,West,Grocery,Grocery - Rice,Rice,2,1955.27,0.1,3519.49,316.75,0.09,Credit Card,Supermarket,Budget Shopper
ORD03702,2025-08-11,CUST0204,Kolkata,West Bengal,East,Grocery,Grocery - Cooking Oil,Cooking Oil,2,836.66,0.15,1422.32,128.01,0.09,UPI,Hypermarket,Budget Shopper
ORD03208,2025-08-11,CUST0727,Bengaluru,Karnataka,South,Home Care,Home Care - Dishwash,Dishwash,3,1830.91,0.15,4668.82,747.01,0.16,Wallet,Supermarket,Budget Shopper
ORD00994,2025-08-12,CUST1039,Mangaluru,Karnataka,South,Clothing,Clothing - Kids Wear,Kids Wear,7,1730.98,0.02,11874.52,2968.63,0.25,UPI,Supermarket,Regular Shopper
ORD00922,2025-08-12,CUST1069,Mangaluru,Karnataka,South,Grocery,Grocery - Sugar,Sugar,3,61.33,0.08,169.27,15.23,0.09,UPI,Hypermarket,Regular Shopper
ORD03275,2025-08-12,CUST1191,Kolkata,West Bengal,East,Home Care,Home Care - Dishwash,Dishwash,5,299.49,0.08,1377.65,220.42,0.16,Debit Card,Supermarket,Premium Shopper
ORD04993,2025-08-13,CUST0267,Kolkata,West Bengal,East,Home Care,Home Care - Toilet Cleaner,Toilet Cleaner,5,350.28,0.15,1488.69,238.19,0.16,Wallet,Hypermarket,Budget Shopper
ORD04612,2025-08-13,CUST0782,Udaipur,Rajasthan,West,Personal Care,Personal Care - Soap,Soap,6,968.62,0.2,4649.38,929.88,0.2,Credit Card,Supermarket,Budget Shopper
ORD00135,2025-08-13,CUST1017,Nashik,Maharashtra,West,Grocery,Grocery - Rice,Rice,6,197.95,0.05,1128.31,101.55,0.09,Credit Card,Supermarket,Budget Shopper
ORD00867,2025-08-13,CUST0529,Kolkata,West Bengal,East,Beverages,Beverages - Packaged Water,Packaged Water,4,565.95,0.2,1811.04,253.55,0.14,Cash,Supermarket,Regular Shopper
ORD04779,2025-08-13,CUST0403,Jaipur,Rajasthan,West,Beverages,Beverages - Packaged Water,Packaged Water,3,1989.18,0.0,5967.54,835.46,0.14,Credit Card,Supermarket,Budget Shopper
ORD00803,2025-08-13,CUST0573,New Delhi,Delhi,North,Electronics,Electronics - Power Bank,Power Bank,7,2335.99,0.08,15043.78,2707.88,0.18,Wallet,Hypermarket,Regular Shopper
ORD03231,2025-08-14,CUST0480,Udaipur,Rajasthan,West,Grocery,Grocery - Cooking Oil,Cooking Oil,5,1177.72,0.1,5299.74,476.98,0.09,UPI,Supermarket,Regular Shopper
ORD04405,2025-08-14,CUST1039,Jodhpur,Rajasthan,West,Electronics,Electronics - LED Bulb,LED Bulb,6,424.53,0.08,2343.41,421.81,0.18,UPI,Hypermarket,Budget Shopper
ORD03925,2025-08-14,CUST0784,Warangal,Telangana,South,Grocery,Grocery - Sugar,Sugar,1,2245.53,0.15,1908.7,171.78,0.09,Cash,Supermarket,Budget Shopper
ORD01167,2025-08-14,CUST0357,Hyderabad,Telangana,South,Grocery,Grocery - Biscuits,Biscuits,3,605.8,0.08,1672.01,150.48,0.09,Cash,Supermarket,Budget Shopper
ORD02746,2025-08-14,CUST0204,Jabalpur,Madhya Pradesh,West,Personal Care,Personal Care - Toothpaste,Toothpaste,3,613.0,0.05,1747.05,349.41,0.2,Credit Card,Hypermarket,Budget Shopper
ORD04306,2025-08-14,CUST0948,Kanpur,Uttar Pradesh,North,Beverages,Beverages - Tea,Tea,1,681.72,0.25,511.29,71.58,0.14,UPI,Supermarket,Regular Shopper
ORD04111,2025-08-14,CUST0927,New Delhi,Delhi,North,Grocery,Grocery - Cooking Oil,Cooking Oil,4,2056.6,0.05,7815.08,703.36,0.09,UPI,Supermarket,Regular Shopper
ORD01597,2025-08-14,CUST0277,New Delhi,Delhi,North,Electronics,Electronics - Mixer,Mixer,6,2342.07,0.05,13349.8,2402.96,0.18,Cash,Supermarket,Regular Shopper
ORD01276,2025-08-14,CUST0254,Madurai,Tamil Nadu,South,Grocery,Grocery - Wheat Flour,Wheat Flour,5,1728.17,0.02,8468.03,762.12,0.09,Cash,Supermarket,Budget Shopper
ORD02322,2025-08-15,CUST0960,Mysuru,Karnataka,South,Beverages,Beverages - Soft Drink,Soft Drink,7,2437.25,0.05,16207.71,2269.08,0.14,Wallet,Hypermarket,Premium Shopper
ORD02105,2025-08-15,CUST0588,Warangal,Telangana,South,Home Care,Home Care - Detergent,Detergent,6,459.42,0.05,2618.69,418.99,0.16,Credit Card,Supermarket,Regular Shopper
ORD02264,2025-08-15,CUST1181,Surat,Gujarat,West,Grocery,Grocery - Sugar,Sugar,6,2332.76,0.0,13996.56,1259.69,0.09,Wallet,Supermarket,Budget Shopper
ORD00953,2025-08-15,CUST0097,Thane,Maharashtra,West,Personal Care,Personal Care - Shampoo,Shampoo,4,1384.2,0.1,4983.12,996.62,0.2,Cash,Hypermarket,Budget Shopper
ORD01485,2025-08-15,CUST0369,Mumbai,Maharashtra,West,Grocery,Grocery - Wheat Flour,Wheat Flour,4,758.75,0.08,2792.2,251.3,0.09,UPI,Hypermarket,Regular Shopper
ORD02590,2025-08-15,CUST0412,Udaipur,Rajasthan,West,Clothing,Clothing - T-Shirt,T-Shirt,7,745.83,0.08,4803.15,1200.79,0.25,Credit Card,Hypermarket,Budget Shopper
ORD00115,2025-08-15,CUST0146,New Delhi,Delhi,North,Beverages,Beverages - Coffee,Coffee,1,1489.21,0.2,1191.37,166.79,0.14,UPI,Hypermarket,Budget Shopper
ORD00053,2025-08-16,CUST0502,Chennai,Tamil Nadu,South,Grocery,Grocery - Cooking Oil,Cooking Oil,1,1358.8,0.08,1250.1,112.51,0.09,Wallet,Supermarket,Budget Shopper
ORD00987,2025-08-16,CUST0740,Mumbai,Maharashtra,West,Clothing,Clothing - Kids Wear,Kids Wear,4,2337.29,0.08,8601.23,2150.31,0.25,Debit Card,Supermarket,Regular Shopper
ORD03539,2025-08-16,CUST0391,Vadodara,Gujarat,West,Grocery,Grocery - Wheat Flour,Wheat Flour,2,427.47,0.05,812.19,73.1,0.09,Cash,Supermarket,Regular Shopper
ORD00309,2025-08-16,CUST0040,Chennai,Tamil Nadu,South,Beverages,Beverages - Tea,Tea,2,857.19,0.15,1457.22,204.01,0.14,Credit Card,Supermarket,Budget Shopper
ORD03142,2025-08-16,CUST0872,Kolkata,West Bengal,East,Grocery,Grocery - Sugar,Sugar,7,568.53,0.0,3979.71,358.17,0.09,Credit Card,Hypermarket,Regular Shopper
ORD01257,2025-08-16,CUST0766,Rajkot,Gujarat,West,Home Care,Home Care - Tissue,Tissue,3,832.94,0.1,2248.94,359.83,0.16,Debit Card,Supermarket,Regular Shopper
ORD03218,2025-08-16,CUST0992,Nashik,Maharashtra,West,Grocery,Grocery - Rice,Rice,4,2346.21,0.05,8915.6,802.4,0.09,Cash,Supermarket,Budget Shopper
ORD03854,2025-08-17,CUST0954,Indore,Madhya Pradesh,West,Home Care,Home Care - Tissue,Tissue,2,696.43,0.15,1183.93,189.43,0.16,Debit Card,Hypermarket,Regular Shopper
ORD03770,2025-08-17,CUST0255,Pune,Maharashtra,West,Beverages,Beverages - Soft Drink,Soft Drink,1,2283.78,0.02,2238.1,313.33,0.14,Cash,Hypermarket,Budget Shopper
ORD02912,2025-08-17,CUST0410,Bhopal,Madhya Pradesh,West,Personal Care,Personal Care - Toothpaste,Toothpaste,7,1150.44,0.08,7408.83,1481.77,0.2,Credit Card,Supermarket,Regular Shopper
ORD04288,2025-08-17,CUST0604,Jaipur,Rajasthan,West,Electronics,Electronics - Extension Board,Extension Board,1,1435.02,0.25,1076.26,193.73,0.18,Debit Card,Supermarket,Premium Shopper
ORD04879,2025-08-17,CUST1099,Jaipur,Rajasthan,West,Electronics,Electronics - Extension Board,Extension Board,5,2056.06,0.25,7710.22,1387.84,0.18,UPI,Supermarket,Regular Shopper
ORD03282,2025-08-18,CUST1195,Rajkot,Gujarat,West,Grocery,Grocery - Sugar,Sugar,6,241.95,0.05,1379.11,124.12,0.09,Wallet,Hypermarket,Budget Shopper
ORD01015,2025-08-18,CUST0548,Madurai,Tamil Nadu,South,Home Care,Home Care - Dishwash,Dishwash,2,1138.64,0.15,1935.69,309.71,0.16,UPI,Supermarket,Premium Shopper
ORD01448,2025-08-19,CUST0720,Kolkata,West Bengal,East,Personal Care,Personal Care - Soap,Soap,1,2313.96,0.05,2198.26,439.65,0.2,Debit Card,Supermarket,Regular Shopper
ORD00099,2025-08-19,CUST0552,Pune,Maharashtra,West,Grocery,Grocery - Rice,Rice,7,1598.36,0.05,10629.09,956.62,0.09,Debit Card,Supermarket,Premium Shopper
ORD04988,2025-08-20,CUST0962,Kolkata,West Bengal,East,Grocery,Grocery - Rice,Rice,7,1111.58,0.0,7781.06,700.3,0.09,Credit Card,Hypermarket,Budget Shopper
ORD00341,2025-08-20,CUST0455,Pune,Maharashtra,West,Electronics,Electronics - LED Bulb,LED Bulb,4,2042.75,0.08,7517.32,1353.12,0.18,Cash,Hypermarket,Budget Shopper
ORD02134,2025-08-20,CUST0432,Warangal,Telangana,South,Electronics,Electronics - Mixer,Mixer,1,310.93,0.05,295.38,53.17,0.18,Cash,Supermarket,Regular Shopper
ORD00796,2025-08-20,CUST0620,Bengaluru,Karnataka,South,Beverages,Beverages - Soft Drink,Soft Drink,2,175.57,0.1,316.03,44.24,0.14,Credit Card,Hypermarket,Regular Shopper
ORD04483,2025-08-21,CUST0844,Ahmedabad,Gujarat,West,Beverages,Beverages - Juice,Juice,2,1530.74,0.08,2816.56,394.32,0.14,Credit Card,Supermarket,Budget Shopper
ORD01110,2025-08-21,CUST0422,Lucknow,Uttar Pradesh,North,Grocery,Grocery - Wheat Flour,Wheat Flour,6,1864.13,0.2,8947.82,805.3,0.09,Debit Card,Supermarket,Budget Shopper
ORD01158,2025-08-21,CUST0307,Coimbatore,Tamil Nadu,South,Personal Care,Personal Care - Soap,Soap,1,302.62,0.1,272.36,54.47,0.2,UPI,Supermarket,Budget Shopper
ORD01417,2025-08-21,CUST0185,Noida,Uttar Pradesh,North,Beverages,Beverages - Juice,Juice,3,1469.72,0.1,3968.24,555.55,0.14,Debit Card,Hypermarket,Regular Shopper
ORD02505,2025-08-22,CUST0730,Mangaluru,Karnataka,South,Grocery,Grocery - Cooking Oil,Cooking Oil,6,1768.1,0.2,8486.88,763.82,0.09,Debit Card,Supermarket,Budget Shopper
ORD00122,2025-08-22,CUST0796,Surat,Gujarat,West,Electronics,Electronics - Extension Board,Extension Board,2,2479.03,0.08,4561.42,821.06,0.18,Wallet,Hypermarket,Regular Shopper
ORD03662,2025-08-22,CUST0295,Coimbatore,Tamil Nadu,South,Personal Care,Personal Care - Soap,Soap,3,462.74,0.02,1360.46,272.09,0.2,Credit Card,Hypermarket,Regular Shopper
ORD03444,2025-08-22,CUST0879,Jabalpur,Madhya Pradesh,West,Beverages,Beverages - Juice,Juice,6,173.19,0.05,987.18,138.21,0.14,Wallet,Hypermarket,Regular Shopper
ORD03673,2025-08-22,CUST0147,Jodhpur,Rajasthan,West,Clothing,Clothing - Jeans,Jeans,2,1462.26,0.05,2778.29,694.57,0.25,Credit Card,Supermarket,Regular Shopper
ORD02141,2025-08-23,CUST0145,Udaipur,Rajasthan,West,Personal Care,Personal Care - Toothpaste,Toothpaste,5,326.7,0.05,1551.82,310.36,0.2,Credit Card,Hypermarket,Budget Shopper
ORD02759,2025-08-23,CUST0244,Kolkata,West Bengal,East,Personal Care,Personal Care - Body Lotion,Body Lotion,1,1342.71,0.0,1342.71,268.54,0.2,Credit Card,Hypermarket,Premium Shopper
ORD04336,2025-08-23,CUST0736,Thane,Maharashtra,West,Grocery,Grocery - Rice,Rice,6,593.74,0.08,3277.44,294.97,0.09,UPI,Hypermarket,Budget Shopper
ORD03192,2025-08-24,CUST0214,Udaipur,Rajasthan,West,Grocery,Grocery - Sugar,Sugar,6,1389.31,0.1,7502.27,675.2,0.09,UPI,Hypermarket,Regular Shopper
ORD03186,2025-08-24,CUST0680,Jodhpur,Rajasthan,West,Beverages,Beverages - Packaged Water,Packaged Water,1,1007.56,0.25,755.67,105.79,0.14,Credit Card,Hypermarket,Regular Shopper
ORD03084,2025-08-24,CUST0599,Kanpur,Uttar Pradesh,North,Personal Care,Personal Care - Shampoo,Shampoo,7,446.05,0.0,3122.35,624.47,0.2,Debit Card,Supermarket,Budget Shopper
ORD01301,2025-08-24,CUST0194,Jodhpur,Rajasthan,West,Personal Care,Personal Care - Shampoo,Shampoo,6,1965.33,0.02,11556.14,2311.23,0.2,Credit Card,Hypermarket,Premium Shopper
ORD03891,2025-08-25,CUST0850,Kanpur,Uttar Pradesh,North,Personal Care,Personal Care - Shampoo,Shampoo,6,1617.42,0.08,8928.16,1785.63,0.2,Credit Card,Hypermarket,Regular Shopper
ORD02739,2025-08-25,CUST0573,Mangaluru,Karnataka,South,Electronics,Electronics - Earphones,Earphones,5,687.55,0.05,3265.86,587.85,0.18,Wallet,Hypermarket,Regular Shopper
ORD04365,2025-08-26,CUST0170,Udaipur,Rajasthan,West,Home Care,Home Care - Dishwash,Dishwash,3,2294.43,0.02,6745.62,1079.3,0.16,Wallet,Supermarket,Regular Shopper
ORD03777,2025-08-26,CUST0522,Lucknow,Uttar Pradesh,North,Personal Care,Personal Care - Shampoo,Shampoo,7,1561.48,0.2,8744.29,1748.86,0.2,Wallet,Hypermarket,Regular Shopper
ORD02900,2025-08-26,CUST0263,Bengaluru,Karnataka,South,Home Care,Home Care - Floor Cleaner,Floor Cleaner,4,216.24,0.1,778.46,124.55,0.16,Cash,Hypermarket,Budget Shopper
ORD04557,2025-08-27,CUST0418,New Delhi,Delhi,North,Home Care,Home Care - Detergent,Detergent,2,1388.49,0.05,2638.13,422.1,0.16,Debit Card,Hypermarket,Budget Shopper
ORD01255,2025-08-27,CUST0596,Kanpur,Uttar Pradesh,North,Grocery,Grocery - Biscuits,Biscuits,5,86.21,0.08,396.57,35.69,0.09,Wallet,Hypermarket,Regular Shopper
ORD00599,2025-08-27,CUST0387,Warangal,Telangana,South,Electronics,Electronics - Earphones,Earphones,2,1668.05,0.1,3002.49,540.45,0.18,Wallet,Supermarket,Regular Shopper
ORD02025,2025-08-27,CUST0907,Udaipur,Rajasthan,West,Home Care,Home Care - Tissue,Tissue,2,1898.25,0.0,3796.5,607.44,0.16,UPI,Hypermarket,Budget Shopper
ORD01580,2025-08-27,CUST0713,Surat,Gujarat,West,Grocery,Grocery - Biscuits,Biscuits,4,1048.38,0.15,3564.49,320.8,0.09,UPI,Supermarket,Regular Shopper
ORD00598,2025-08-27,CUST0960,Surat,Gujarat,West,Grocery,Grocery - Biscuits,Biscuits,2,175.55,0.08,323.01,29.07,0.09,Wallet,Hypermarket,Regular Shopper
ORD03497,2025-08-28,CUST0074,Kolkata,West Bengal,East,Beverages,Beverages - Coffee,Coffee,4,953.96,0.02,3739.52,523.53,0.14,Debit Card,Hypermarket,Regular Shopper
ORD01563,2025-08-28,CUST1006,Kanpur,Uttar Pradesh,North,Beverages,Beverages - Juice,Juice,4,1705.89,0.05,6482.38,907.53,0.14,Cash,Hypermarket,Budget Shopper
ORD00549,2025-08-28,CUST0898,New Delhi,Delhi,North,Personal Care,Personal Care - Soap,Soap,2,1868.85,0.08,3438.68,687.74,0.2,Cash,Supermarket,Budget Shopper
ORD01188,2025-08-28,CUST0579,Kanpur,Uttar Pradesh,North,Home Care,Home Care - Tissue,Tissue,2,1349.53,0.2,2159.25,345.48,0.16,Debit Card,Supermarket,Premium Shopper
ORD04278,2025-08-28,CUST0204,New Delhi,Delhi,North,Home Care,Home Care - Toilet Cleaner,Toilet Cleaner,4,471.18,0.2,1507.78,241.24,0.16,Credit Card,Hypermarket,Premium Shopper
ORD02292,2025-08-28,CUST0509,Kanpur,Uttar Pradesh,North,Beverages,Beverages - Coffee,Coffee,6,1229.04,0.1,6636.82,929.15,0.14,Debit Card,Hypermarket,Regular Shopper
ORD00951,2025-08-28,CUST0558,Udaipur,Rajasthan,West,Clothing,Clothing - Kids Wear,Kids Wear,7,1750.26,0.05,11639.23,2909.81,0.25,Cash,Hypermarket,Regular Shopper
ORD02469,2025-08-28,CUST0783,Vadodara,Gujarat,West,Personal Care,Personal Care - Soap,Soap,1,2101.37,0.15,1786.16,357.23,0.2,Debit Card,Supermarket,Budget Shopper
ORD00557,2025-08-29,CUST0215,Hyderabad,Telangana,South,Home Care,Home Care - Toilet Cleaner,Toilet Cleaner,5,627.98,0.08,2888.71,462.19,0.16,Wallet,Hypermarket,Budget Shopper
ORD04429,2025-08-29,CUST0258,Madurai,Tamil Nadu,South,Grocery,Grocery - Wheat Flour,Wheat Flour,5,2480.37,0.05,11781.76,1060.36,0.09,UPI,Hypermarket,Premium Shopper
ORD03672,2025-08-29,CUST0120,Mysuru,Karnataka,South,Beverages,Beverages - Tea,Tea,6,1581.41,0.1,8539.61,1195.55,0.14,Cash,Supermarket,Budget Shopper
ORD00998,2025-08-29,CUST0304,Lucknow,Uttar Pradesh,North,Clothing,Clothing - Shirt,Shirt,4,282.3,0.15,959.82,239.96,0.25,Wallet,Hypermarket,Budget Shopper
ORD01017,2025-08-30,CUST0329,Kolkata,West Bengal,East,Grocery,Grocery - Sugar,Sugar,6,1892.33,0.1,10218.58,919.67,0.09,UPI,Supermarket,Budget Shopper
ORD00934,2025-08-30,CUST1189,Bhopal,Madhya Pradesh,West,Grocery,Grocery - Sugar,Sugar,7,1870.36,0.1,11783.27,1060.49,0.09,Debit Card,Supermarket,Regular Shopper
ORD03479,2025-08-30,CUST1042,Warangal,Telangana,South,Grocery,Grocery - Cooking Oil,Cooking Oil,1,120.9,0.2,96.72,8.7,0.09,Cash,Hypermarket,Budget Shopper
ORD02484,2025-08-30,CUST0108,Surat,Gujarat,West,Personal Care,Personal Care - Shampoo,Shampoo,4,2404.8,0.1,8657.28,1731.46,0.2,UPI,Supermarket,Budget Shopper
ORD04851,2025-08-31,CUST0433,Jodhpur,Rajasthan,West,Home Care,Home Care - Floor Cleaner,Floor Cleaner,1,1401.48,0.0,1401.48,224.24,0.16,Cash,Hypermarket,Premium Shopper
ORD00205,2025-08-31,CUST0209,Bhopal,Madhya Pradesh,West,Clothing,Clothing - Kids Wear,Kids Wear,2,538.1,0.15,914.77,228.69,0.25,Cash,Hypermarket,Regular Shopper
ORD00614,2025-08-31,CUST0479,Nashik,Maharashtra,West,Personal Care,Personal Care - Shampoo,Shampoo,2,880.7,0.1,1585.26,317.05,0.2,Debit Card,Hypermarket,Premium Shopper
ORD00558,2025-08-31,CUST0105,Mysuru,Karnataka,South,Grocery,Grocery - Wheat Flour,Wheat Flour,1,1008.64,0.02,988.47,88.96,0.09,Credit Card,Hypermarket,Budget Shopper
ORD03147,2025-09-01,CUST0983,Bhopal,Madhya Pradesh,West,Grocery,Grocery - Sugar,Sugar,7,1709.98,0.08,11012.27,991.1,0.09,Wallet,Supermarket,Premium Shopper
ORD03168,2025-09-01,CUST0349,Bhopal,Madhya Pradesh,West,Grocery,Grocery - Cooking Oil,Cooking Oil,2,1295.88,0.1,2332.58,209.93,0.09,UPI,Supermarket,Budget Shopper
ORD01505,2025-09-01,CUST0130,Kanpur,Uttar Pradesh,North,Clothing,Clothing - Socks,Socks,2,2331.14,0.15,3962.94,990.74,0.25,Cash,Supermarket,Budget Shopper
ORD01136,2025-09-01,CUST0562,Ahmedabad,Gujarat,West,Home Care,Home Care - Tissue,Tissue,3,2311.53,0.1,6241.13,998.58,0.16,Wallet,Hypermarket,Regular Shopper
ORD02497,2025-09-01,CUST1060,Kanpur,Uttar Pradesh,North,Grocery,Grocery - Biscuits,Biscuits,1,2073.92,0.1,1866.53,167.99,0.09,Debit Card,Hypermarket,Budget Shopper
ORD03456,2025-09-01,CUST0015,Hyderabad,Telangana,South,Home Care,Home Care - Tissue,Tissue,6,1629.08,0.0,9774.48,1563.92,0.16,Wallet,Supermarket,Budget Shopper
ORD03055,2025-09-01,CUST1088,Kolkata,West Bengal,East,Personal Care,Personal Care - Face Wash,Face Wash,7,719.26,0.05,4783.08,956.62,0.2,Debit Card,Supermarket,Regular Shopper
ORD01341,2025-09-01,CUST0980,Lucknow,Uttar Pradesh,North,Beverages,Beverages - Packaged Water,Packaged Water,2,784.07,0.1,1411.33,197.59,0.14,UPI,Hypermarket,Premium Shopper
ORD01725,2025-09-01,CUST0093,Hyderabad,Telangana,South,Clothing,Clothing - Kids Wear,Kids Wear,7,326.71,0.0,2286.97,571.74,0.25,Wallet,Hypermarket,Budget Shopper
ORD01006,2025-09-01,CUST0520,Jodhpur,Rajasthan,West,Grocery,Grocery - Biscuits,Biscuits,3,646.85,0.1,1746.5,157.18,0.09,Debit Card,Supermarket,Budget Shopper
ORD04580,2025-09-01,CUST0975,Bhopal,Madhya Pradesh,West,Beverages,Beverages - Tea,Tea,2,1096.45,0.02,2149.04,300.87,0.14,Cash,Hypermarket,Regular Shopper
ORD00003,2025-09-02,CUST0700,Lucknow,Uttar Pradesh,North,Personal Care,Personal Care - Soap,Soap,6,612.62,0.15,3124.36,624.87,0.2,Debit Card,Supermarket,Regular Shopper
ORD02772,2025-09-02,CUST0403,Vadodara,Gujarat,West,Personal Care,Personal Care - Face Wash,Face Wash,3,2043.68,0.2,4904.83,980.97,0.2,Debit Card,Hypermarket,Budget Shopper
ORD00688,2025-09-02,CUST0221,Hyderabad,Telangana,South,Beverages,Beverages - Juice,Juice,6,1781.53,0.0,10689.18,1496.49,0.14,Debit Card,Supermarket,Budget Shopper
ORD02004,2025-09-02,CUST0374,Nashik,Maharashtra,West,Clothing,Clothing - Shirt,Shirt,5,1616.73,0.08,7436.96,1859.24,0.25,Credit Card,Supermarket,Budget Shopper
ORD00917,2025-09-02,CUST0550,Bhopal,Madhya Pradesh,West,Clothing,Clothing - Kids Wear,Kids Wear,6,2015.49,0.15,10279.0,2569.75,0.25,Wallet,Supermarket,Premium Shopper
ORD04558,2025-09-02,CUST0990,Jabalpur,Madhya Pradesh,West,Clothing,Clothing - Socks,Socks,6,2059.57,0.05,11739.55,2934.89,0.25,Debit Card,Hypermarket,Budget Shopper
ORD01979,2025-09-02,CUST0968,New Delhi,Delhi,North,Grocery,Grocery - Wheat Flour,Wheat Flour,3,1715.7,0.15,4375.04,393.75,0.09,Wallet,Hypermarket,Premium Shopper
ORD01752,2025-09-03,CUST0163,Pune,Maharashtra,West,Home Care,Home Care - Tissue,Tissue,6,1107.59,0.25,4984.15,797.46,0.16,Cash,Supermarket,Regular Shopper
ORD00242,2025-09-03,CUST1059,Madurai,Tamil Nadu,South,Personal Care,Personal Care - Body Lotion,Body Lotion,1,199.13,0.0,199.13,39.83,0.2,Cash,Supermarket,Budget Shopper
ORD04045,2025-09-03,CUST0588,Jaipur,Rajasthan,West,Grocery,Grocery - Cooking Oil,Cooking Oil,6,150.83,0.1,814.48,73.3,0.09,Wallet,Supermarket,Budget Shopper
ORD01397,2025-09-03,CUST0405,Jabalpur,Madhya Pradesh,West,Beverages,Beverages - Packaged Water,Packaged Water,1,1342.76,0.05,1275.62,178.59,0.14,Cash,Supermarket,Premium Shopper
ORD00647,2025-09-03,CUST0057,Mumbai,Maharashtra,West,Clothing,Clothing - T-Shirt,T-Shirt,5,922.47,0.08,4243.36,1060.84,0.25,Debit Card,Hypermarket,Regular Shopper
ORD04656,2025-09-04,CUST1104,Coimbatore,Tamil Nadu,South,Home Care,Home Care - Toilet Cleaner,Toilet Cleaner,3,654.52,0.15,1669.03,267.04,0.16,Credit Card,Supermarket,Budget Shopper
ORD00177,2025-09-04,CUST0406,Mumbai,Maharashtra,West,Home Care,Home Care - Toilet Cleaner,Toilet Cleaner,1,1978.24,0.1,1780.42,284.87,0.16,Cash,Supermarket,Budget Shopper
ORD01882,2025-09-04,CUST0099,Rajkot,Gujarat,West,Electronics,Electronics - LED Bulb,LED Bulb,5,299.82,0.1,1349.19,242.85,0.18,Wallet,Hypermarket,Premium Shopper
ORD02997,2025-09-04,CUST0597,Nashik,Maharashtra,West,Grocery,Grocery - Cooking Oil,Cooking Oil,2,1083.35,0.0,2166.7,195.0,0.09,Cash,Supermarket,Budget Shopper
ORD04665,2025-09-04,CUST0013,Rajkot,Gujarat,West,Beverages,Beverages - Packaged Water,Packaged Water,6,1702.87,0.05,9706.36,1358.89,0.14,UPI,Hypermarket,Budget Shopper
ORD01321,2025-09-05,CUST1026,Kolkata,West Bengal,East,Electronics,Electronics - Mixer,Mixer,2,1228.79,0.02,2408.43,433.52,0.18,Credit Card,Supermarket,Budget Shopper
ORD01415,2025-09-05,CUST0701,Rajkot,Gujarat,West,Electronics,Electronics - Earphones,Earphones,6,64.53,0.1,348.46,62.72,0.18,Wallet,Hypermarket,Budget Shopper
ORD01442,2025-09-05,CUST0192,Bengaluru,Karnataka,South,Electronics,Electronics - Power Bank,Power Bank,6,2363.62,0.02,13898.09,2501.66,0.18,UPI,Hypermarket,Premium Shopper
ORD00458,2025-09-05,CUST0920,Ahmedabad,Gujarat,West,Grocery,Grocery - Biscuits,Biscuits,4,766.85,0.0,3067.4,276.07,0.09,Debit Card,Supermarket,Premium Shopper
ORD01928,2025-09-06,CUST0721,Warangal,Telangana,South,Clothing,Clothing - Jeans,Jeans,4,851.38,0.05,3235.24,808.81,0.25,Credit Card,Hypermarket,Regular Shopper
ORD02880,2025-09-06,CUST0306,Udaipur,Rajasthan,West,Clothing,Clothing - T-Shirt,T-Shirt,5,1153.78,0.05,5480.45,1370.11,0.25,UPI,Hypermarket,Regular Shopper
ORD01102,2025-09-06,CUST0026,Kolkata,West Bengal,East,Electronics,Electronics - Earphones,Earphones,1,1681.34,0.02,1647.71,296.59,0.18,Wallet,Supermarket,Budget Shopper
ORD02259,2025-09-06,CUST0763,Mysuru,Karnataka,South,Grocery,Grocery - Wheat Flour,Wheat Flour,3,471.16,0.2,1130.78,101.77,0.09,Debit Card,Hypermarket,Budget Shopper
ORD02359,2025-09-06,CUST0202,Jodhpur,Rajasthan,West,Grocery,Grocery - Rice,Rice,5,1527.22,0.1,6872.49,618.52,0.09,Cash,Hypermarket,Budget Shopper
ORD00101,2025-09-07,CUST0342,Chennai,Tamil Nadu,South,Personal Care,Personal Care - Face Wash,Face Wash,7,688.66,0.15,4097.53,819.51,0.2,Credit Card,Supermarket,Regular Shopper
ORD04911,2025-09-07,CUST0241,Coimbatore,Tamil Nadu,South,Home Care,Home Care - Tissue,Tissue,5,1969.47,0.2,7877.88,1260.46,0.16,Cash,Hypermarket,Regular Shopper
ORD01929,2025-09-07,CUST0423,Madurai,Tamil Nadu,South,Home Care,Home Care - Toilet Cleaner,Toilet Cleaner,6,1938.24,0.1,10466.5,1674.64,0.16,Cash,Supermarket,Regular Shopper
ORD00788,2025-09-07,CUST0336,Coimbatore,Tamil Nadu,South,Grocery,Grocery - Sugar,Sugar,4,454.36,0.1,1635.7,147.21,0.09,UPI,Hypermarket,Regular Shopper
ORD01754,2025-09-07,CUST0161,Rajkot,Gujarat,West,Personal Care,Personal Care - Face Wash,Face Wash,3,852.25,0.08,2352.21,470.44,0.2,Wallet,Supermarket,Budget Shopper
ORD00102,2025-09-07,CUST0922,Madurai,Tamil Nadu,South,Personal Care,Personal Care - Shampoo,Shampoo,2,982.52,0.08,1807.84,361.57,0.2,Credit Card,Supermarket,Premium Shopper
ORD02065,2025-09-07,CUST1051,Noida,Uttar Pradesh,North,Clothing,Clothing - Shirt,Shirt,1,244.85,0.1,220.36,55.09,0.25,Credit Card,Hypermarket,Regular Shopper
ORD04999,2025-09-07,CUST0473,Thane,Maharashtra,West,Home Care,Home Care - Floor Cleaner,Floor Cleaner,5,2359.6,0.08,10854.16,1736.67,0.16,Wallet,Supermarket,Budget Shopper
ORD04344,2025-09-08,CUST0114,Noida,Uttar Pradesh,North,Home Care,Home Care - Floor Cleaner,Floor Cleaner,1,351.68,0.02,344.65,55.14,0.16,Debit Card,Hypermarket,Premium Shopper
ORD02234,2025-09-08,CUST0046,Chennai,Tamil Nadu,South,Clothing,Clothing - Shirt,Shirt,6,2088.58,0.0,12531.48,3132.87,0.25,Cash,Supermarket,Budget Shopper
ORD03979,2025-09-08,CUST0510,Kolkata,West Bengal,East,Personal Care,Personal Care - Shampoo,Shampoo,7,103.57,0.05,688.74,137.75,0.2,UPI,Supermarket,Premium Shopper
ORD03619,2025-09-08,CUST0010,Pune,Maharashtra,West,Personal Care,Personal Care - Face Wash,Face Wash,5,1705.94,0.1,7676.73,1535.35,0.2,Debit Card,Hypermarket,Budget Shopper
ORD03110,2025-09-09,CUST0446,Coimbatore,Tamil Nadu,South,Personal Care,Personal Care - Body Lotion,Body Lotion,7,1399.44,0.15,8326.67,1665.33,0.2,Cash,Supermarket,Regular Shopper
ORD04637,2025-09-09,CUST0021,Noida,Uttar Pradesh,North,Beverages,Beverages - Tea,Tea,5,863.64,0.08,3972.74,556.18,0.14,Wallet,Hypermarket,Budget Shopper
ORD03314,2025-09-09,CUST0777,Mangaluru,Karnataka,South,Personal Care,Personal Care - Body Lotion,Body Lotion,3,232.26,0.02,682.84,136.57,0.2,Debit Card,Supermarket,Budget Shopper
ORD03889,2025-09-09,CUST0625,Bhopal,Madhya Pradesh,West,Clothing,Clothing - Jeans,Jeans,1,2166.0,0.15,1841.1,460.28,0.25,Credit Card,Supermarket,Regular Shopper
ORD02160,2025-09-09,CUST0357,Rajkot,Gujarat,West,Grocery,Grocery - Rice,Rice,4,1344.03,0.1,4838.51,435.47,0.09,Wallet,Supermarket,Budget Shopper
ORD00847,2025-09-09,CUST0055,Madurai,Tamil Nadu,South,Personal Care,Personal Care - Toothpaste,Toothpaste,4,2015.71,0.0,8062.84,1612.57,0.2,Wallet,Supermarket,Budget Shopper
ORD01143,2025-09-10,CUST0027,Jabalpur,Madhya Pradesh,West,Personal Care,Personal Care - Shampoo,Shampoo,4,543.3,0.05,2064.54,412.91,0.2,Cash,Hypermarket,Regular Shopper
ORD02339,2025-09-10,CUST0692,New Delhi,Delhi,North,Electronics,Electronics - Extension Board,Extension Board,4,1197.36,0.05,4549.97,818.99,0.18,Wallet,Supermarket,Regular Shopper
ORD01926,2025-09-10,CUST1036,New Delhi,Delhi,North,Grocery,Grocery - Wheat Flour,Wheat Flour,7,1294.84,0.08,8338.77,750.49,0.09,UPI,Supermarket,Premium Shopper
ORD01506,2025-09-10,CUST1048,Hyderabad,Telangana,South,Home Care,Home Care - Detergent,Detergent,6,2431.51,0.1,13130.15,2100.82,0.16,Cash,Supermarket,Regular Shopper
ORD00698,2025-09-10,CUST0715,New Delhi,Delhi,North,Clothing,Clothing - Jeans,Jeans,2,842.22,0.0,1684.44,421.11,0.25,Debit Card,Supermarket,Regular Shopper
ORD04281,2025-09-10,CUST0484,Rajkot,Gujarat,West,Electronics,Electronics - Power Bank,Power Bank,1,1144.98,0.1,1030.48,185.49,0.18,Wallet,Supermarket,Regular Shopper
ORD04309,2025-09-11,CUST1002,Kolkata,West Bengal,East,Personal Care,Personal Care - Body Lotion,Body Lotion,1,2465.3,0.02,2415.99,483.2,0.2,Credit Card,Hypermarket,Premium Shopper
ORD01162,2025-09-11,CUST0204,Mysuru,Karnataka,South,Electronics,Electronics - Earphones,Earphones,2,1695.38,0.02,3322.94,598.13,0.18,UPI,Supermarket,Budget Shopper
ORD03948,2025-09-11,CUST0058,Ahmedabad,Gujarat,West,Personal Care,Personal Care - Face Wash,Face Wash,2,1314.52,0.25,1971.78,394.36,0.2,Debit Card,Hypermarket,Regular Shopper
ORD02652,2025-09-11,CUST0959,Bengaluru,Karnataka,South,Home Care,Home Care - Toilet Cleaner,Toilet Cleaner,1,2069.81,0.05,1966.32,314.61,0.16,Credit Card,Hypermarket,Budget Shopper
ORD03415,2025-09-12,CUST0631,Kolkata,West Bengal,East,Home Care,Home Care - Tissue,Tissue,4,59.58,0.15,202.57,32.41,0.16,UPI,Supermarket,Budget Shopper
ORD03972,2025-09-12,CUST1012,Jodhpur,Rajasthan,West,Grocery,Grocery - Rice,Rice,6,2255.64,0.15,11503.76,1035.34,0.09,Credit Card,Supermarket,Premium Shopper
ORD03603,2025-09-12,CUST1099,Bengaluru,Karnataka,South,Electronics,Electronics - Extension Board,Extension Board,1,1304.44,0.08,1200.08,216.01,0.18,Cash,Supermarket,Budget Shopper
ORD00830,2025-09-12,CUST1080,New Delhi,Delhi,North,Grocery,Grocery - Sugar,Sugar,3,2022.41,0.08,5581.85,502.37,0.09,UPI,Supermarket,Budget Shopper
ORD04540,2025-09-12,CUST1041,Mangaluru,Karnataka,South,Grocery,Grocery - Sugar,Sugar,3,1965.74,0.2,4717.78,424.6,0.09,Credit Card,Hypermarket,Regular Shopper
ORD03847,2025-09-12,CUST0615,Vadodara,Gujarat,West,Personal Care,Personal Care - Toothpaste,Toothpaste,5,939.88,0.05,4464.43,892.89,0.2,Debit Card,Hypermarket,Regular Shopper
ORD02409,2025-09-12,CUST0475,Nashik,Maharashtra,West,Grocery,Grocery - Sugar,Sugar,3,1067.64,0.1,2882.63,259.44,0.09,Wallet,Hypermarket,Regular Shopper
ORD04025,2025-09-12,CUST0049,Madurai,Tamil Nadu,South,Grocery,Grocery - Wheat Flour,Wheat Flour,1,2233.2,0.2,1786.56,160.79,0.09,UPI,Hypermarket,Regular Shopper
ORD02630,2025-09-13,CUST1114,Noida,Uttar Pradesh,North,Grocery,Grocery - Cooking Oil,Cooking Oil,6,1479.73,0.15,7546.62,679.2,0.09,Credit Card,Hypermarket,Budget Shopper
ORD03154,2025-09-13,CUST1058,Mangaluru,Karnataka,South,Clothing,Clothing - Jeans,Jeans,4,1041.45,0.08,3832.54,958.14,0.25,Debit Card,Hypermarket,Budget Shopper
ORD03610,2025-09-13,CUST0418,Kanpur,Uttar Pradesh,North,Personal Care,Personal Care - Shampoo,Shampoo,6,2092.09,0.15,10669.66,2133.93,0.2,UPI,Hypermarket,Regular Shopper
ORD04500,2025-09-13,CUST0260,Pune,Maharashtra,West,Grocery,Grocery - Biscuits,Biscuits,1,2013.47,0.25,1510.1,135.91,0.09,UPI,Hypermarket,Regular Shopper
ORD02525,2025-09-13,CUST0225,Bhopal,Madhya Pradesh,West,Grocery,Grocery - Cooking Oil,Cooking Oil,1,1390.61,0.25,1042.96,93.87,0.09,Wallet,Hypermarket,Regular Shopper
ORD00260,2025-09-13,CUST0448,Warangal,Telangana,South,Grocery,Grocery - Cooking Oil,Cooking Oil,2,433.66,0.05,823.95,74.16,0.09,Wallet,Hypermarket,Regular Shopper
ORD00435,2025-09-14,CUST0559,Nagpur,Maharashtra,West,Electronics,Electronics - Earphones,Earphones,7,1961.06,0.05,13041.05,2347.39,0.18,Cash,Supermarket,Budget Shopper
ORD03632,2025-09-14,CUST0343,Ahmedabad,Gujarat,West,Electronics,Electronics - Mixer,Mixer,1,1771.79,0.15,1506.02,271.08,0.18,Debit Card,Supermarket,Premium Shopper
ORD00240,2025-09-14,CUST0068,Madurai,Tamil Nadu,South,Grocery,Grocery - Rice,Rice,1,2136.57,0.05,2029.74,182.68,0.09,UPI,Supermarket,Budget Shopper
ORD00170,2025-09-14,CUST0419,Thane,Maharashtra,West,Grocery,Grocery - Biscuits,Biscuits,3,547.22,0.05,1559.58,140.36,0.09,Wallet,Hypermarket,Budget Shopper
ORD04431,2025-09-15,CUST0937,Noida,Uttar Pradesh,North,Electronics,Electronics - Power Bank,Power Bank,7,1309.22,0.0,9164.54,1649.62,0.18,Wallet,Supermarket,Budget Shopper
ORD01672,2025-09-15,CUST0169,Madurai,Tamil Nadu,South,Home Care,Home Care - Dishwash,Dishwash,1,2184.23,0.08,2009.49,321.52,0.16,Debit Card,Hypermarket,Regular Shopper
ORD04941,2025-09-15,CUST0502,Noida,Uttar Pradesh,North,Beverages,Beverages - Tea,Tea,2,921.17,0.08,1694.95,237.29,0.14,Cash,Supermarket,Regular Shopper
ORD01950,2025-09-15,CUST1189,Ahmedabad,Gujarat,West,Clothing,Clothing - Kids Wear,Kids Wear,6,513.64,0.25,2311.38,577.84,0.25,Cash,Hypermarket,Regular Shopper
ORD01251,2025-09-15,CUST0533,Kolkata,West Bengal,East,Grocery,Grocery - Sugar,Sugar,6,2039.75,0.0,12238.5,1101.47,0.09,UPI,Hypermarket,Budget Shopper
ORD02752,2025-09-16,CUST1151,Kolkata,West Bengal,East,Clothing,Clothing - Socks,Socks,1,508.55,0.05,483.12,120.78,0.25,Debit Card,Hypermarket,Premium Shopper
ORD02689,2025-09-16,CUST1029,Jaipur,Rajasthan,West,Home Care,Home Care - Tissue,Tissue,6,2447.12,0.05,13948.58,2231.77,0.16,Credit Card,Hypermarket,Premium Shopper
ORD01967,2025-09-16,CUST0986,Jabalpur,Madhya Pradesh,West,Personal Care,Personal Care - Body Lotion,Body Lotion,5,1330.32,0.05,6319.02,1263.8,0.2,Debit Card,Supermarket,Budget Shopper
ORD03502,2025-09-16,CUST0646,Thane,Maharashtra,West,Clothing,Clothing - Socks,Socks,2,2020.52,0.1,3636.94,909.24,0.25,UPI,Hypermarket,Premium Shopper
ORD04128,2025-09-16,CUST0338,Madurai,Tamil Nadu,South,Electronics,Electronics - Mixer,Mixer,7,2234.3,0.08,14388.89,2590.0,0.18,Cash,Supermarket,Budget Shopper
ORD04569,2025-09-16,CUST0730,Bhopal,Madhya Pradesh,West,Grocery,Grocery - Rice,Rice,5,210.03,0.1,945.14,85.06,0.09,Wallet,Hypermarket,Regular Shopper
ORD00964,2025-09-17,CUST0892,Noida,Uttar Pradesh,North,Personal Care,Personal Care - Face Wash,Face Wash,4,965.06,0.1,3474.22,694.84,0.2,Wallet,Hypermarket,Regular Shopper
ORD04875,2025-09-17,CUST0066,Jaipur,Rajasthan,West,Clothing,Clothing - Shirt,Shirt,6,1959.68,0.15,9994.37,2498.59,0.25,Debit Card,Hypermarket,Budget Shopper
ORD01003,2025-09-18,CUST0612,New Delhi,Delhi,North,Beverages,Beverages - Tea,Tea,5,2165.2,0.08,9959.92,1394.39,0.14,Debit Card,Supermarket,Regular Shopper
ORD02631,2025-09-18,CUST0940,Rajkot,Gujarat,West,Personal Care,Personal Care - Shampoo,Shampoo,2,180.06,0.1,324.11,64.82,0.2,Credit Card,Hypermarket,Premium Shopper
ORD01584,2025-09-18,CUST0293,New Delhi,Delhi,North,Personal Care,Personal Care - Soap,Soap,4,1693.09,0.02,6636.91,1327.38,0.2,Debit Card,Hypermarket,Budget Shopper
ORD02970,2025-09-18,CUST0720,Mysuru,Karnataka,South,Clothing,Clothing - Jeans,Jeans,3,813.83,0.08,2246.17,561.54,0.25,UPI,Supermarket,Budget Shopper
ORD00472,2025-09-18,CUST0232,Kanpur,Uttar Pradesh,North,Beverages,Beverages - Soft Drink,Soft Drink,1,99.05,0.0,99.05,13.87,0.14,UPI,Supermarket,Budget Shopper
ORD00811,2025-09-18,CUST1061,Warangal,Telangana,South,Personal Care,Personal Care - Toothpaste,Toothpaste,7,899.98,0.08,5795.87,1159.17,0.2,Cash,Hypermarket,Premium Shopper
ORD00584,2025-09-18,CUST0325,New Delhi,Delhi,North,Grocery,Grocery - Cooking Oil,Cooking Oil,3,1771.92,0.08,4890.5,440.14,0.09,Wallet,Supermarket,Premium Shopper
ORD01075,2025-09-18,CUST0406,Lucknow,Uttar Pradesh,North,Clothing,Clothing - Shirt,Shirt,1,53.13,0.25,39.85,9.96,0.2499,Credit Card,Hypermarket,Premium Shopper
ORD00960,2025-09-19,CUST0084,Madurai,Tamil Nadu,South,Electronics,Electronics - LED Bulb,LED Bulb,5,715.38,0.02,3505.36,630.96,0.18,Credit Card,Hypermarket,Regular Shopper
ORD01855,2025-09-19,CUST0056,New Delhi,Delhi,North,Clothing,Clothing - T-Shirt,T-Shirt,2,1973.97,0.08,3632.1,908.03,0.25,Cash,Supermarket,Budget Shopper
ORD03370,2025-09-19,CUST1166,Madurai,Tamil Nadu,South,Home Care,Home Care - Dishwash,Dishwash,5,993.44,0.2,3973.76,635.8,0.16,Credit Card,Hypermarket,Budget Shopper
ORD00825,2025-09-19,CUST0143,Kanpur,Uttar Pradesh,North,Grocery,Grocery - Sugar,Sugar,3,1708.18,0.15,4355.86,392.03,0.09,Cash,Hypermarket,Budget Shopper
ORD02415,2025-09-19,CUST1127,Rajkot,Gujarat,West,Beverages,Beverages - Packaged Water,Packaged Water,2,1685.97,0.1,3034.75,424.87,0.14,Debit Card,Supermarket,Budget Shopper
ORD02996,2025-09-20,CUST0952,Jaipur,Rajasthan,West,Personal Care,Personal Care - Soap,Soap,7,1467.38,0.0,10271.66,2054.33,0.2,Credit Card,Hypermarket,Budget Shopper
ORD02265,2025-09-20,CUST0051,Kanpur,Uttar Pradesh,North,Personal Care,Personal Care - Shampoo,Shampoo,3,2272.08,0.08,6270.94,1254.19,0.2,Debit Card,Hypermarket,Budget Shopper
ORD03243,2025-09-20,CUST0138,Nagpur,Maharashtra,West,Grocery,Grocery - Sugar,Sugar,5,578.18,0.15,2457.26,221.15,0.09,Debit Card,Supermarket,Regular Shopper
ORD03798,2025-09-20,CUST0742,Madurai,Tamil Nadu,South,Beverages,Beverages - Tea,Tea,3,1124.42,0.1,3035.93,425.03,0.14,Wallet,Supermarket,Premium Shopper
ORD03668,2025-09-21,CUST0097,Noida,Uttar Pradesh,North,Grocery,Grocery - Rice,Rice,1,593.81,0.08,546.31,49.17,0.09,Credit Card,Hypermarket,Budget Shopper
ORD01673,2025-09-21,CUST0946,Kolkata,West Bengal,East,Personal Care,Personal Care - Soap,Soap,5,1838.45,0.08,8456.87,1691.37,0.2,Wallet,Hypermarket,Budget Shopper
ORD03692,2025-09-21,CUST0695,Madurai,Tamil Nadu,South,Clothing,Clothing - Jeans,Jeans,5,265.54,0.08,1221.48,305.37,0.25,UPI,Supermarket,Premium Shopper
ORD01823,2025-09-22,CUST0181,Warangal,Telangana,South,Clothing,Clothing - Jeans,Jeans,7,1542.66,0.05,10258.69,2564.67,0.25,Credit Card,Hypermarket,Budget Shopper
ORD03710,2025-09-22,CUST1108,Surat,Gujarat,West,Home Care,Home Care - Dishwash,Dishwash,3,152.95,0.2,367.08,58.73,0.16,Wallet,Supermarket,Budget Shopper
ORD02137,2025-09-22,CUST0940,Kolkata,West Bengal,East,Grocery,Grocery - Biscuits,Biscuits,4,931.42,0.15,3166.83,285.01,0.09,Wallet,Hypermarket,Budget Shopper
ORD03784,2025-09-23,CUST0345,Coimbatore,Tamil Nadu,South,Home Care,Home Care - Dishwash,Dishwash,3,1918.37,0.08,5294.7,847.15,0.16,Wallet,Hypermarket,Budget Shopper
ORD01032,2025-09-23,CUST0525,Coimbatore,Tamil Nadu,South,Grocery,Grocery - Rice,Rice,3,990.65,0.15,2526.16,227.35,0.09,UPI,Hypermarket,Premium Shopper
ORD04552,2025-09-23,CUST0760,Surat,Gujarat,West,Grocery,Grocery - Sugar,Sugar,2,879.11,0.1,1582.4,142.42,0.09,Credit Card,Hypermarket,Regular Shopper
ORD01057,2025-09-23,CUST0966,Indore,Madhya Pradesh,West,Grocery,Grocery - Biscuits,Biscuits,1,2128.62,0.08,1958.33,176.25,0.09,Cash,Supermarket,Regular Shopper
ORD03074,2025-09-23,CUST0689,Noida,Uttar Pradesh,North,Grocery,Grocery - Rice,Rice,3,825.15,0.1,2227.9,200.51,0.09,Wallet,Supermarket,Premium Shopper
ORD00116,2025-09-23,CUST0061,New Delhi,Delhi,North,Grocery,Grocery - Cooking Oil,Cooking Oil,6,259.95,0.25,1169.77,105.28,0.09,Debit Card,Supermarket,Regular Shopper
ORD01931,2025-09-23,CUST0384,Pune,Maharashtra,West,Beverages,Beverages - Tea,Tea,3,2117.61,0.15,5399.91,755.99,0.14,Cash,Supermarket,Regular Shopper
ORD02178,2025-09-23,CUST0859,Warangal,Telangana,South,Beverages,Beverages - Coffee,Coffee,3,836.36,0.02,2458.9,344.25,0.14,Debit Card,Hypermarket,Premium Shopper
ORD04457,2025-09-23,CUST0378,Lucknow,Uttar Pradesh,North,Clothing,Clothing - Socks,Socks,7,906.8,0.15,5395.46,1348.86,0.25,Debit Card,Hypermarket,Budget Shopper
ORD03527,2025-09-23,CUST0980,Nashik,Maharashtra,West,Home Care,Home Care - Dishwash,Dishwash,1,1105.85,0.08,1017.38,162.78,0.16,Debit Card,Hypermarket,Budget Shopper
ORD02427,2025-09-23,CUST0267,Noida,Uttar Pradesh,North,Grocery,Grocery - Rice,Rice,7,2492.4,0.08,16051.06,1444.6,0.09,Credit Card,Supermarket,Budget Shopper
ORD03730,2025-09-24,CUST0246,Bhopal,Madhya Pradesh,West,Beverages,Beverages - Tea,Tea,2,655.57,0.02,1284.92,179.89,0.14,Cash,Supermarket,Budget Shopper
ORD04766,2025-09-24,CUST1148,Bhopal,Madhya Pradesh,West,Personal Care,Personal Care - Toothpaste,Toothpaste,6,1748.31,0.02,10280.06,2056.01,0.2,Wallet,Supermarket,Regular Shopper
ORD01595,2025-09-24,CUST0708,New Delhi,Delhi,North,Grocery,Grocery - Wheat Flour,Wheat Flour,4,120.33,0.02,471.69,42.45,0.09,Credit Card,Hypermarket,Budget Shopper
ORD01348,2025-09-25,CUST0021,New Delhi,Delhi,North,Grocery,Grocery - Sugar,Sugar,4,2190.25,0.1,7884.9,709.64,0.09,Credit Card,Hypermarket,Premium Shopper
ORD04342,2025-09-25,CUST1026,Jabalpur,Madhya Pradesh,West,Personal Care,Personal Care - Shampoo,Shampoo,3,1022.94,0.1,2761.94,552.39,0.2,Cash,Supermarket,Regular Shopper
ORD04171,2025-09-25,CUST0114,Warangal,Telangana,South,Beverages,Beverages - Packaged Water,Packaged Water,7,122.49,0.0,857.43,120.04,0.14,Credit Card,Hypermarket,Budget Shopper
ORD03987,2025-09-25,CUST0216,Jabalpur,Madhya Pradesh,West,Beverages,Beverages - Tea,Tea,5,2016.35,0.15,8569.49,1199.73,0.14,Wallet,Supermarket,Budget Shopper
ORD00640,2025-09-26,CUST1154,Madurai,Tamil Nadu,South,Electronics,Electronics - Power Bank,Power Bank,3,1434.47,0.0,4303.41,774.61,0.18,Wallet,Hypermarket,Budget Shopper
ORD00534,2025-09-26,CUST1075,Rajkot,Gujarat,West,Clothing,Clothing - Socks,Socks,3,1204.65,0.05,3433.25,858.31,0.25,Debit Card,Hypermarket,Budget Shopper
ORD04905,2025-09-26,CUST1181,Kanpur,Uttar Pradesh,North,Clothing,Clothing - Jeans,Jeans,5,2493.85,0.05,11845.79,2961.45,0.25,Cash,Supermarket,Premium Shopper
ORD02730,2025-09-26,CUST1001,Jodhpur,Rajasthan,West,Clothing,Clothing - Jeans,Jeans,6,2001.15,0.08,11046.35,2761.59,0.25,Debit Card,Supermarket,Budget Shopper
ORD00663,2025-09-26,CUST0668,Pune,Maharashtra,West,Clothing,Clothing - T-Shirt,T-Shirt,7,1770.07,0.2,9912.39,2478.1,0.25,Debit Card,Supermarket,Budget Shopper
